Z,X,A,B,C,Y,region
1.264861,2.404864,0.595680,b2,true,2.033788,west
0.263232,1.088707,-0.453730,b2,false,0.069286,west
0.872844,0.577928,0.094698,b1,true,2.760879,east
-1.328323,-3.699740,1.885673,b0,false,2.812190,south
-1.352650,-0.734008,0.902108,b1,false,-2.965661,south
-0.863483,0.457020,-0.068837,b2,true,-1.364746,north
1.009398,0.687032,-0.270907,b1,true,2.621533,east
0.211949,0.744638,-1.286482,b2,true,-1.050383,south
0.538425,0.018341,0.849937,b0,false,2.379186,west
-0.908736,-0.321715,0.672678,b1,true,2.211110,south
-0.849801,-1.177096,-0.507247,b1,true,-0.260701,west
-0.312639,-1.864018,-0.772600,b1,false,-2.968973,south
0.197041,-0.698243,-0.868105,b2,true,-0.704558,north
-1.446464,0.760720,-0.460103,b0,true,-1.815615,north
0.184556,0.238932,-1.129770,b0,false,1.375718,west
-0.595242,-1.940701,0.711483,b2,false,-0.922744,south
-0.737836,-0.253698,-1.116864,b1,true,0.496694,south
-0.292672,-1.487905,1.289431,b0,false,0.213393,north
0.817308,0.581262,-0.564254,b1,true,2.309333,north
1.606045,2.101520,0.792906,b2,true,1.962506,east
-1.955472,-3.048817,0.244098,b2,true,-2.961375,west
0.070565,0.413952,0.457842,b0,true,0.463770,east
-0.669522,-1.505073,-1.138179,b0,true,-1.342725,south
-0.827536,0.389461,1.820795,b2,true,-0.310341,south
-2.196333,-4.403473,0.429400,b0,false,-3.474134,north
-1.367320,-0.423776,-0.781302,b1,false,-1.779477,west
1.628960,3.265469,-0.794611,b2,false,1.732084,south
0.794259,1.599788,-0.668350,b2,true,1.245509,north
0.478053,-0.477492,-0.696549,b1,true,1.584975,west
0.406060,0.131006,-1.481923,b0,true,0.454260,south
-1.816885,-3.275928,0.942778,b2,false,0.152582,south
0.471382,0.774532,0.100380,b1,true,3.778214,north
-0.460763,-1.431763,0.110776,b1,false,-0.597819,north
0.681473,1.067779,0.537322,b0,false,2.116192,north
0.101575,0.933848,-0.015645,b0,false,0.824082,south
-0.104098,0.119472,0.670174,b2,false,1.002881,east
-0.453816,-0.543454,-2.203261,b0,false,-4.279375,east
1.053627,1.857531,0.109889,b2,false,0.051719,west
0.230634,1.494908,0.657856,b2,false,2.005609,north
2.119923,2.395826,0.354092,b0,true,1.173157,west
0.165212,-0.339446,0.011494,b1,false,-0.040331,north
0.855644,3.881969,-0.575581,b0,true,-0.119783,north
-1.110276,-0.770059,0.053454,b1,false,-0.085228,east
-0.796506,-2.663219,0.046418,b1,false,-0.270674,south
1.172371,4.596388,-1.640701,b2,false,-0.312392,north
1.921807,3.186086,-0.559984,b1,false,3.531960,north
-1.832241,-3.373832,-0.545531,b0,true,-2.418461,north
-0.497620,-1.896779,-0.283130,b1,false,-1.186709,east
-0.773092,-0.183689,0.151573,b2,false,-1.110619,east
-0.557605,-1.985249,1.000425,b2,false,-1.813326,west
-0.411044,-1.227851,-0.295580,b2,false,-0.553604,west
-0.056809,-0.986688,-2.858140,b1,true,-0.805949,north
0.404833,1.716292,-0.346485,b1,true,3.028652,north
-1.773947,-2.219419,-0.771185,b2,false,-3.128986,west
-0.345413,-0.907876,1.052523,b2,false,2.103736,east
1.263483,1.039695,0.380246,b1,false,1.719322,west
0.841204,2.572891,-1.002584,b2,true,-1.782689,east
1.509908,2.208774,1.076654,b2,true,2.933601,east
1.799994,3.094062,0.377671,b1,false,2.985477,east
-0.469070,1.388936,-0.048063,b1,true,-0.873902,south
0.440025,1.582217,0.893554,b2,false,-0.202152,south
-1.166585,-0.403954,1.534635,b0,false,-0.856705,west
-0.127129,-0.590929,0.280382,b1,true,0.312879,east
-0.803548,-0.481629,-1.160440,b0,true,-2.952876,west
0.509271,1.510976,-0.117934,b0,false,0.721460,south
0.906859,1.969720,0.879091,b0,true,0.363474,east
-0.564758,0.030571,2.276287,b1,false,3.535916,west
0.753708,0.998441,2.890540,b0,false,2.415064,south
-1.389415,-2.243689,1.335915,b0,false,-0.279812,south
-0.124467,-0.712853,-1.566404,b2,false,-3.251014,east
1.173799,1.425241,-0.087658,b0,false,-0.270004,east
-0.382353,1.482723,1.123627,b2,false,-0.772081,east
0.195489,-0.817589,-1.486000,b1,false,-0.779933,east
-1.027044,-2.197681,1.268070,b2,true,-0.634650,north
-0.385418,-1.960910,-0.006973,b1,true,1.728947,south
-0.811685,-2.678044,0.747084,b2,true,-0.311968,west
-1.335865,-1.661411,0.120595,b2,true,-1.972363,west
0.063837,-1.348660,0.848508,b0,true,1.581669,north
2.173633,3.112368,0.908324,b2,false,4.001976,south
-0.032796,-0.653374,-0.751367,b2,true,-2.057468,east
-1.006424,-1.648069,0.995036,b1,true,3.567305,west
0.287660,0.506118,0.216036,b2,true,-0.467978,west
1.999186,3.327548,0.145311,b0,true,2.839921,east
-0.663126,-1.440245,1.564552,b0,true,-0.539252,east
-0.154277,0.394142,1.424493,b1,true,2.831179,north
-0.904798,-0.271637,0.533947,b0,true,-0.673492,west
0.548943,0.273931,-0.459098,b2,false,0.377976,north
0.222171,0.567704,-0.655291,b2,true,1.793413,north
0.410445,-0.753614,0.840002,b1,false,1.833024,north
1.068554,1.281487,0.836571,b2,false,1.665496,south
2.139483,2.258211,0.592899,b0,false,2.045056,north
-0.455782,-0.881575,2.035191,b2,false,1.425930,south
-1.307331,-0.995154,0.349402,b1,false,-3.381411,east
1.172451,3.042519,0.312495,b1,true,5.370554,east
-1.592109,-1.905485,0.585870,b1,true,0.835569,east
0.075106,-1.292893,-0.051167,b1,false,-0.652753,south
-1.133054,-0.993582,0.863318,b1,true,2.184250,south
-0.638937,-0.355015,0.272303,b0,true,0.476489,east
0.923248,0.307198,0.028520,b2,false,1.327670,west
0.716523,1.208957,0.505166,b2,false,2.635622,east
-0.997601,-2.189893,-1.700680,b0,true,-2.889678,north
-1.929034,-3.722114,-0.131829,b0,false,-2.674056,south
0.308771,1.175738,0.026673,b1,true,2.889976,east
-0.353650,0.715947,-0.817451,b0,true,-1.084814,east
1.034996,2.086398,-0.852215,b0,true,2.231979,north
0.943315,1.931643,1.279694,b1,true,4.813382,north
-0.882133,-0.301618,-1.920840,b2,true,-2.243406,east
0.185874,-1.138468,0.348649,b0,true,0.972559,west
1.075361,3.168807,0.444631,b0,false,3.892338,north
-0.372615,-1.038044,-0.046769,b2,true,-0.876270,north
-1.143001,-1.728175,1.670009,b1,false,0.795476,west
0.884746,-1.090038,-0.973482,b2,false,-1.814514,south
1.750569,3.810970,0.944758,b1,true,5.853170,south
0.538310,1.931363,0.767241,b2,true,3.365109,north
0.249843,-0.489455,-0.602117,b2,true,1.092469,south
-1.358872,-2.095737,-1.127980,b2,true,-1.800907,west
0.424673,0.314780,-2.037316,b1,true,0.008446,east
1.508202,1.822883,0.566086,b1,false,2.039942,west
-1.536835,-1.513073,0.962775,b0,true,-0.460302,north
0.298803,-0.253839,0.475618,b0,true,0.291406,east
-0.099178,-0.936134,0.163908,b2,false,0.164049,east
0.753675,2.999393,0.936737,b0,false,1.230918,south
1.873066,4.079954,0.622055,b1,true,3.824998,north
1.122899,2.470795,0.137243,b1,true,5.138504,east
0.327085,0.646959,-0.447877,b1,true,-0.001014,east
0.540810,-1.446874,-0.049171,b2,true,1.172039,east
0.436790,1.707245,-1.786777,b2,false,-1.722387,south
0.911799,3.044154,0.479659,b0,false,-0.165243,west
0.098235,0.149718,-0.827295,b0,false,0.318658,west
-2.399008,-3.463769,-0.270404,b2,true,-3.343486,west
-1.309138,-1.532506,-1.315715,b1,true,-1.705472,south
-1.556091,-2.779678,-0.027903,b2,true,-2.221558,west
-0.233056,-0.522621,0.813901,b1,true,3.209726,west
2.800213,5.531403,0.285023,b2,true,3.695111,east
-0.890385,-2.305548,-0.612276,b2,true,-3.098709,east
1.182840,0.856112,-0.633293,b1,true,3.519428,west
-0.946484,-0.926454,-0.492318,b2,true,-1.491720,west
0.373781,0.656739,1.887442,b1,true,5.281487,north
-0.639183,0.706293,1.713897,b0,false,1.669132,east
0.396066,-0.814574,-0.113019,b1,true,2.627272,north
-0.676297,-0.896493,-1.568840,b2,true,-3.135816,east
1.466549,2.622158,0.739283,b2,false,2.583778,south
1.963794,1.509442,0.464467,b2,false,3.682033,east
-0.785117,0.485159,0.532061,b2,false,-0.958833,west
-1.176540,-0.944911,-0.321875,b1,true,1.212399,south
-0.930071,-1.260891,-0.411464,b0,true,-2.646776,west
0.464701,-0.059324,-0.684261,b2,true,0.368890,north
0.749927,1.806097,0.815123,b0,true,2.248943,east
-0.217310,-1.848858,-1.623853,b0,true,-1.797496,east
-0.727455,0.327727,-0.148422,b0,false,-1.679725,west
-1.128525,-0.886048,0.983589,b1,false,0.390676,west
0.286930,-0.316277,-0.831748,b2,true,-0.487787,south
-0.338557,-0.315454,-0.621286,b0,true,-2.191904,south
0.135496,0.825320,-0.237096,b2,true,2.123130,north
-0.140055,0.765459,-1.329099,b1,true,1.000535,east
0.363069,-1.475490,-0.145761,b0,true,-1.073833,south
-0.817113,1.714574,0.506829,b0,true,-0.338004,south
-0.385342,-2.185108,-1.120246,b1,false,-0.401660,north
-0.279514,-0.310444,-0.903510,b1,true,-0.457522,south
-0.165525,0.062474,0.004569,b1,true,2.755064,east
0.341613,0.630040,-0.482124,b2,false,-0.609767,south
-0.345692,2.218762,-0.584357,b2,true,-2.474168,south
0.619680,0.366140,-0.274234,b1,true,3.814558,south
-0.056367,0.929623,-1.320231,b0,true,-0.129901,north
-1.341126,-1.149658,1.630770,b0,false,0.147344,west
0.593306,0.357853,1.197064,b2,true,1.755185,east
0.308476,-0.137508,-0.289170,b1,false,0.552655,west
0.196733,1.212931,0.297419,b2,false,0.137208,west
0.634716,0.762721,-0.832096,b0,false,0.883290,south
1.064509,2.185037,0.652356,b1,true,1.988747,south
-1.044490,0.687748,0.186800,b1,true,-0.616384,north
-0.114629,-0.588612,1.689980,b1,false,3.285433,west
-3.040484,-3.857157,0.647911,b2,true,-3.764636,south
-0.354625,-1.360641,-0.115238,b1,false,-1.351821,west
-0.319083,-1.731990,-0.578122,b2,true,-3.922745,north
-0.062420,1.581347,-0.871147,b2,false,0.070264,east
-1.296558,-4.087800,0.619895,b2,false,-1.168157,south
2.445904,3.627164,-0.643513,b2,false,2.664177,south
-2.117274,-4.278656,0.681584,b1,true,0.569459,south
-0.788887,-1.892553,0.629895,b0,false,-0.057770,east
-0.814731,-0.501603,-0.479884,b0,false,-2.889725,south
0.740716,1.381464,0.513854,b0,true,1.699761,west
0.002853,1.532057,-0.239655,b2,true,-1.943750,north
-0.717965,-0.168545,-0.842223,b2,true,-1.323578,south
-0.326716,-1.662511,-0.732614,b1,false,-1.032119,north
1.695128,3.180848,-1.038831,b2,false,0.061276,south
-1.108549,-3.514364,-0.669749,b0,false,-1.768091,west
1.813221,1.829254,0.108133,b0,false,3.034377,north
0.527683,1.082312,-0.672731,b2,true,-1.240890,east
0.583663,0.480844,1.455423,b1,true,6.244147,north
0.322486,2.097020,0.247672,b2,true,2.180338,west
0.587482,1.020408,1.101242,b1,true,2.966385,east
-0.899446,-0.087315,0.263374,b2,true,-0.036391,north
-0.455055,-0.313304,-0.777159,b2,true,-0.167690,east
0.155386,1.056153,-0.946138,b1,true,0.626789,west
0.009096,0.090239,1.188660,b2,true,1.479820,east
-0.919150,-0.219252,0.698286,b2,true,-0.741519,east
0.186588,-0.248440,0.803770,b1,true,4.486542,south
-2.226649,-4.871698,0.338446,b0,true,-2.390155,south
0.147750,1.896061,-0.593165,b2,false,-2.046780,south
0.672172,1.439836,-0.349938,b0,true,1.041325,north
-0.055398,0.045428,0.765661,b0,false,0.936455,south
-1.420269,-2.416802,-0.271423,b2,true,-2.621449,west
0.521186,1.288636,-0.719374,b2,false,0.151076,north
-0.581347,-1.122395,0.203352,b1,false,-1.334793,west
1.084780,2.278758,0.031379,b1,true,2.796887,east
1.829877,5.249105,-0.339888,b1,false,1.000344,south
-0.601381,-1.699503,-0.436893,b1,true,0.563111,north
0.307879,-0.086847,-1.122887,b0,true,-2.170251,south
-0.059543,-0.805879,-0.795249,b1,true,1.573220,west
-0.409780,-2.007438,-1.266066,b1,false,-2.963111,east
-1.872958,-0.794341,0.487970,b0,true,-1.663443,east
0.797057,1.284616,1.693282,b0,false,2.765647,east
0.341306,0.141412,-0.402077,b1,false,-0.910866,west
-1.897216,-2.102161,-0.325546,b0,false,-2.120618,south
1.272009,1.847279,1.349231,b1,false,3.439364,north
-1.010466,-3.080116,-1.384103,b0,true,-4.752767,north
-0.262308,-0.123056,2.931060,b2,false,2.742691,west
-1.929142,-3.764758,-0.066416,b2,false,-2.073526,east
-0.271463,-0.061985,1.121918,b2,true,-1.057349,west
0.055740,-1.250921,-0.308002,b1,true,1.059820,south
-1.287449,-0.113073,-0.408547,b2,false,-0.980278,west
0.404614,-0.684583,-1.519119,b2,true,-1.188470,east
0.203582,-1.878509,1.243764,b0,false,0.441305,north
-1.971633,-3.012547,-0.065260,b2,false,-4.710716,north
-1.185013,-2.948238,1.299688,b2,false,-1.085895,north
1.710642,3.019346,-1.098144,b1,true,3.410522,west
0.234061,-0.597011,0.524881,b2,false,2.101137,west
0.748146,2.518555,-1.498010,b2,true,-0.107342,west
-0.057644,0.770069,0.414790,b0,true,0.211494,east
1.489462,1.484185,0.515278,b2,true,0.639823,north
0.367276,-0.278785,-0.909745,b2,false,0.325087,east
-0.088226,0.193520,1.222100,b1,true,2.374510,south
0.148605,-1.183232,-0.861248,b1,false,-0.359267,north
-0.693650,-3.805824,-1.731830,b0,false,-2.535435,north
1.563611,2.694898,1.752292,b2,false,4.288337,north
-0.974789,-0.344622,0.483986,b2,false,-1.709925,south
0.598615,1.193986,-0.904840,b2,true,0.088501,south
0.161733,0.054294,-0.529019,b0,true,-2.020332,east
-1.040256,-1.444887,-1.809185,b0,true,-1.528634,south
0.901142,2.992583,0.693417,b2,true,2.498792,south
0.761825,0.807296,-0.114351,b0,true,0.244087,west
-2.079616,-3.098336,0.872734,b1,false,-1.787481,south
0.217291,-0.275411,-1.637956,b0,true,-1.848716,north
0.677232,0.534134,0.649099,b2,true,3.167830,south
-1.440639,-0.466642,-0.749286,b2,true,-2.535097,east
-0.410938,-0.311507,-1.191605,b1,false,-1.740268,south
0.410853,-0.908782,0.093579,b2,true,0.273202,north
1.112726,0.503099,1.558966,b1,false,2.747081,west
0.805356,1.569323,0.488285,b2,false,2.602552,east
-2.215506,-1.962552,-1.034609,b1,false,-3.713872,north
0.295269,1.409023,0.102076,b2,true,0.107864,west
0.601354,0.242755,-1.122534,b1,false,-3.305320,west
0.455664,-0.445411,-2.498651,b2,false,-2.371614,north
1.730890,1.798537,0.385435,b2,false,1.946164,south
1.555959,3.495374,-1.114214,b2,false,-0.170908,east
0.827508,-0.749643,2.615980,b1,false,3.278958,east
-1.029147,0.582692,2.497478,b1,true,4.774102,east
-0.839862,0.486843,0.711662,b0,true,-0.418257,west
-0.942813,-0.846601,1.182489,b0,true,-0.238908,north
-1.823781,-1.263978,-0.121061,b1,true,0.664314,west
-0.141209,1.500110,-0.226887,b2,true,1.697619,west
0.612017,-0.142266,0.331069,b1,true,2.818360,west
-0.263588,-0.204236,1.816357,b0,true,0.843701,north
-1.491265,-3.341849,-1.054005,b2,true,-1.758178,east
0.043903,-0.799614,1.809050,b1,true,3.341734,north
-0.194857,-1.455348,-0.034111,b0,true,-1.896795,north
0.265672,1.366233,-1.584873,b0,false,-2.095515,south
-0.603634,-1.723646,1.009206,b2,true,-0.210026,south
-0.850099,-1.407810,-0.813996,b1,true,-0.722573,south
0.929461,-0.325243,-1.615697,b2,false,-0.983884,south
0.822025,-0.171156,-0.333839,b1,false,-0.255813,north
-0.047633,-1.436505,-1.022721,b1,false,-1.065190,east
-0.230335,-0.016468,0.632847,b2,true,-0.758512,north
-1.030300,-0.927487,-0.412824,b1,false,-2.090911,south
-1.352055,-0.925200,0.558473,b2,false,-1.480330,west
2.263232,4.633248,0.889224,b1,true,6.049754,north
-1.951481,-2.409064,0.228028,b1,false,-2.143751,west
0.134142,-0.915636,0.128270,b0,false,0.137608,south
0.029087,0.258281,1.016043,b1,true,4.549243,south
-0.836017,-0.947986,0.283201,b1,true,1.310594,north
0.596868,0.658266,-1.291841,b1,false,0.624524,north
1.116660,2.725701,-0.397882,b2,false,1.152296,west
1.001620,2.546618,-0.199894,b1,false,0.900591,east
-0.861564,-1.483955,-0.738783,b0,true,-2.237726,west
-0.073459,-0.001250,0.404275,b0,false,-1.494851,west
-0.057477,-0.287805,1.622918,b2,true,0.432792,west
1.048490,3.093358,-0.417184,b0,true,0.420624,south
-0.018120,-1.194497,1.233136,b0,true,2.013211,south
-0.501684,-1.857335,-0.922157,b1,false,-0.937060,west
-1.801033,-3.403838,-1.351448,b2,true,-3.942441,north
0.599959,2.192150,0.040653,b2,true,1.815974,south
0.599727,1.229553,0.204662,b2,false,2.042983,north
1.708915,2.841570,-1.573111,b0,false,0.880721,north
0.374151,-1.799260,-0.674089,b2,false,-0.338769,north
-0.106026,-1.279176,0.306739,b2,true,0.085344,west
-0.585367,-1.342829,0.692093,b2,true,-1.900379,south
-1.188795,-1.631036,-0.979993,b2,true,-0.860764,north
-0.069244,-0.005554,-0.022070,b0,false,0.572025,north
0.995124,0.137743,0.342955,b1,true,4.069228,west
0.425636,0.750204,0.704286,b0,true,2.357309,north
-0.820586,-1.719846,0.524467,b0,false,0.202510,east
0.900230,0.910938,-0.425594,b1,true,0.661301,west
-0.430651,-1.066399,0.333943,b2,true,-1.461873,west
0.637184,2.032513,0.300678,b0,false,2.083523,east
0.421032,0.257186,-0.775233,b2,true,-0.624857,south
-1.271528,-1.180000,-1.887088,b2,false,-2.425906,south
1.471197,2.283642,-0.161853,b1,true,3.027144,west
-0.275556,-1.020616,0.992324,b1,true,2.811498,south
0.481714,0.817123,-0.657634,b1,false,-0.606799,north
1.043305,2.885842,1.981803,b1,true,5.172885,north
-0.716043,-1.898503,-1.243741,b1,true,1.297824,south
0.015311,-1.095843,0.302359,b1,true,2.519984,south
-1.120331,-4.649653,1.955011,b0,false,2.070581,south
0.891723,0.572084,-1.582997,b0,true,0.012572,south
1.201044,3.235871,-2.046323,b1,true,1.115632,west
-1.266698,-2.199075,-0.032294,b2,true,-0.288014,east
-0.780348,-1.139180,1.323580,b1,false,-1.229518,south
1.088654,1.677664,-0.634374,b1,true,2.904599,west
-0.332349,-0.799642,-2.914701,b1,false,-1.627431,south
-0.221791,0.324248,0.407930,b1,true,2.714246,north
1.186765,1.897267,-1.473989,b1,true,2.370778,north
-0.352543,0.215188,-0.500809,b2,true,-2.067286,north
0.030240,0.988301,-0.824401,b2,true,0.327039,east
-0.733467,-2.745618,0.702498,b2,false,1.470337,south
-0.288081,1.006262,-0.246666,b2,false,-2.783908,east
1.194439,1.641164,-0.728293,b2,false,1.287205,west
0.501855,-0.348449,0.154792,b1,true,3.238630,east
-1.191453,-2.887225,0.122372,b2,false,-0.909170,south
-0.550341,-0.838739,-1.333468,b2,true,-1.325699,west
-0.711826,0.153488,1.651790,b0,true,1.935486,east
0.178251,0.185050,-0.716419,b2,true,-1.273749,north
0.108870,-0.474581,1.595073,b2,false,1.259978,east
0.459195,-1.578048,-1.025892,b1,true,0.721161,south
1.090647,2.465784,-0.545015,b0,true,2.238727,east
0.485643,1.511497,-0.032025,b0,true,0.707857,south
1.326640,2.015828,0.616892,b1,false,3.512863,north
-0.798215,-1.010741,-2.411321,b0,true,-1.990121,east
1.017440,2.655305,1.393819,b2,false,0.611734,north
-1.078362,-4.730396,0.187215,b2,true,-0.723369,north
-0.971944,0.501275,1.819127,b1,true,3.095901,south
0.264455,1.661256,-0.655877,b0,false,0.570718,east
-1.185146,-2.785953,-1.038977,b0,true,-2.177971,north
-0.566185,-0.516224,0.148636,b1,false,-1.717975,west
-0.754632,-0.668112,2.339807,b0,false,2.096270,south
-0.640360,-0.326558,0.849184,b1,false,-0.359378,south
-0.937984,-2.005403,-0.022280,b0,true,-1.316736,north
0.264210,-0.535345,0.446294,b2,true,1.583200,north
1.121770,1.613630,-0.298106,b2,true,2.012973,north
-1.640810,-2.228744,0.354156,b2,true,-1.468493,south
-0.719084,0.167606,0.135301,b2,false,-0.967452,west
1.203472,1.291845,-1.615684,b0,false,0.719897,east
-0.014583,-1.090250,0.039600,b1,false,-0.723462,north
-2.028534,-1.231107,-0.777229,b1,false,-2.974994,east
1.247979,1.260785,-0.854161,b0,true,1.524147,south
0.982889,2.552903,-0.004137,b2,true,1.593558,west
-0.900732,-0.474940,0.553356,b0,false,-0.490828,east
-0.744755,-0.919152,-0.623989,b1,false,-1.522746,north
1.272263,3.057433,0.400764,b2,false,3.842242,west
1.665379,4.007050,-2.299563,b2,false,1.550362,east
0.674459,1.301020,1.211103,b2,true,1.009656,north
-1.952833,-2.025223,0.704554,b0,false,-0.063216,east
0.885248,0.820787,1.404943,b2,false,0.718591,south
0.519368,0.860364,0.990023,b2,true,0.592608,east
-0.332952,-0.822170,-0.394632,b2,true,-0.503155,east
0.383813,1.187556,-0.004195,b2,false,-1.601722,east
-0.613424,-0.828216,-0.434070,b2,true,-2.994491,south
-0.053262,-0.417321,-0.333105,b1,false,0.912324,east
0.916094,1.157485,0.698572,b0,false,1.052394,east
-0.083725,-0.297678,-0.389475,b0,false,-0.668375,east
0.302197,-1.029257,-0.273506,b1,false,0.285094,west
0.450412,0.646943,1.709609,b0,true,2.247672,west
0.558574,0.657914,-1.159405,b0,true,-0.747636,north
-0.012050,0.016377,1.634723,b1,false,1.564415,east
-0.521280,-1.592819,0.514458,b0,false,-0.400297,west
0.850344,0.951676,0.764999,b2,false,1.816362,north
0.542475,0.355597,0.175204,b1,true,2.132685,north
-0.833734,-1.593284,-0.896968,b2,true,-1.922254,north
-0.295764,-2.307257,2.251047,b0,false,1.558966,west
0.854720,1.194919,-0.768441,b1,false,-1.896922,east
2.478733,5.396123,-1.779250,b2,true,0.118789,south
0.849552,0.558863,0.190738,b0,false,1.005676,south
0.744248,0.086017,-0.717344,b0,true,1.505879,north
0.250042,0.534557,-1.750869,b1,false,-3.064785,west
-0.008127,0.254987,0.836571,b2,true,0.618921,south
0.285958,1.254929,1.258285,b2,false,0.947387,south
-0.254609,-0.113971,-1.148972,b1,false,-1.235372,south
-0.185932,-0.479640,-0.083045,b1,false,1.430651,west
1.218916,-0.601817,0.378702,b2,false,2.088661,east
-1.116227,-1.771810,-0.456678,b0,true,-1.338040,west
0.565186,1.999579,-0.260197,b2,false,-1.797508,east
-1.775968,-4.091419,1.159418,b2,true,-0.930287,east
-0.386376,-1.346745,-0.553036,b2,false,-2.270097,north
2.026844,0.921795,-0.300286,b1,false,1.569695,south
0.767522,-0.867005,-1.035414,b2,true,0.480572,east
-0.286735,-0.401705,-1.385879,b1,false,-1.941863,south
0.168043,0.086343,-1.731592,b2,true,-1.637704,north
-1.090009,-1.770431,-1.190340,b1,false,-2.385912,west
0.080993,0.295890,1.340798,b2,true,3.227919,west
0.589074,1.797375,-0.808561,b0,true,1.503616,north
0.175333,-0.934095,-0.275007,b0,false,-2.118488,south
-0.122322,-0.381481,0.882894,b2,false,1.209016,north
-0.318429,0.156694,-0.852210,b1,false,-2.431738,south
-1.165072,-1.727674,0.065106,b1,true,2.164953,east
-1.413231,-2.082732,-0.558938,b1,true,-0.446875,west
0.870217,3.207429,0.192624,b0,false,1.502759,east
-0.931710,-1.691720,1.196524,b1,true,4.099324,south
-0.213241,-0.427950,0.080197,b2,false,1.102603,east
2.066751,3.725843,0.262234,b2,false,1.050422,south
0.483169,0.152778,0.175905,b2,true,0.433149,east
2.118109,4.383145,0.454632,b2,true,1.650886,south
1.201098,2.076821,-0.750552,b0,true,1.324500,south
-1.200117,-2.066023,1.686188,b1,true,1.283624,north
-0.603642,-1.860652,0.111521,b0,false,-1.205735,east
1.278950,2.477168,0.670735,b0,false,2.873877,south
1.393935,1.145760,0.633299,b1,false,0.536771,north
-1.094997,-1.485462,-0.887257,b1,true,0.177362,south
0.200941,0.225215,0.471784,b0,true,-0.825708,north
-1.573120,-0.018717,-0.160222,b0,true,-0.686920,west
-0.718286,-0.662505,-0.827361,b0,false,-2.827725,east
0.914574,1.245153,-2.250958,b2,false,-1.748737,west
1.387992,1.522684,0.374541,b1,false,2.075264,west
1.289514,2.555231,-0.688601,b2,false,0.425252,north
2.528160,3.067962,-0.088306,b0,false,1.593712,north
0.871490,1.064374,1.087917,b1,true,3.740656,west
-0.494407,-0.045033,1.770215,b0,false,1.505610,east
0.204939,-0.455585,1.210536,b2,true,2.045750,west
0.637758,-0.328316,-2.335895,b0,true,-1.202145,north
1.549268,1.849381,-0.360798,b1,true,2.328073,west
0.092889,0.562756,1.073708,b0,false,1.384294,east
1.347608,-0.802351,-0.190260,b1,true,3.327201,west
0.153911,-0.899327,0.283581,b2,true,-0.586728,south
0.126979,0.908796,0.214790,b0,true,0.856129,west
0.730830,-1.754587,-0.795740,b1,true,4.101835,north
-0.143955,-1.103126,-1.488818,b0,false,-2.878321,west
-0.374323,-0.544068,-1.404008,b1,true,0.055916,north
0.097333,1.762102,1.270745,b2,false,1.686991,west
-0.866333,-2.370926,0.092333,b2,false,-2.342037,west
0.127752,1.866970,-0.318039,b2,false,0.568153,west
-0.588168,-1.364009,1.915903,b2,true,-0.097512,west
0.148477,1.023662,-0.606534,b1,false,-0.433483,north
0.460555,0.231509,2.015879,b1,false,2.855691,south
-0.892572,-0.291733,-0.434064,b0,true,-1.417989,west
1.062324,3.041495,0.768581,b2,true,0.325348,south
-2.393386,-3.706476,0.954789,b0,false,-3.150893,south
-0.359245,-0.499053,1.530193,b1,true,2.744910,west
0.101538,-0.100366,0.424070,b1,false,1.202502,west
0.279428,-0.022316,1.172834,b0,true,0.740629,west
-0.858258,1.133477,-0.829620,b2,false,-0.840244,west
-0.389440,-2.937913,-0.480709,b0,true,-0.278591,south
-2.007351,-1.565089,-0.329480,b1,false,-1.537105,north
0.249899,1.950892,-1.377200,b1,true,1.730752,west
-1.457628,-2.083351,-0.041321,b1,false,-2.135124,south
-1.269758,-0.567013,2.264919,b0,false,1.180320,north
0.156858,-0.008316,0.276463,b2,true,0.287525,north
-0.344563,0.412842,0.836520,b0,false,-0.887655,south
1.226930,2.397245,1.358540,b0,false,3.028569,west
-0.048806,1.550179,-1.418149,b1,false,-2.669294,west
-0.979664,-2.837798,1.429833,b2,true,-0.581603,east
-0.122281,-0.752233,-0.250396,b0,true,-0.504915,west
0.035228,1.742155,-0.270850,b0,false,-0.853888,north
0.526955,3.394799,0.260900,b2,false,0.231875,north
1.234846,1.374031,0.868861,b1,false,2.569787,east
0.848379,2.099157,-0.400841,b2,false,2.248589,east
0.911479,-0.576241,0.173780,b2,true,2.308954,north
-2.381908,-3.510847,1.149000,b0,true,-2.253997,south
-0.617759,0.615310,1.459985,b0,false,1.734197,north
-1.987371,-1.578143,-0.404211,b0,true,-1.662935,west
0.252498,0.804818,1.712551,b1,true,3.493475,west
-1.423508,-2.452355,-1.788088,b2,true,-4.392439,north
-1.695672,-3.862192,-1.318100,b0,false,-3.011726,west
-1.419273,-3.825745,0.302390,b2,false,-1.100921,south
-1.481424,-2.287397,0.225883,b1,false,-1.998822,north
-0.684177,0.113214,-0.337446,b2,true,-0.799611,west
-0.042447,2.242526,-0.160877,b2,false,0.281751,west
-0.259760,0.909081,0.198468,b2,true,-0.469046,south
1.212123,0.373892,-1.459134,b2,true,0.731583,north
-0.099321,-0.403982,-1.539499,b1,true,-0.294482,north
-1.189943,-1.269956,-1.698696,b2,false,-3.495267,north
1.624496,2.129731,-1.350618,b2,false,1.738837,north
0.068550,-0.040638,1.450709,b2,false,0.153279,south
0.070959,-0.625148,-0.695097,b2,false,-1.096321,south
0.409828,-0.807209,-0.914361,b1,false,0.314501,west
0.070609,-0.860268,-0.694626,b1,true,-0.085032,south
-1.132426,-1.091876,0.725205,b2,true,-2.270946,east
-0.905172,-0.571434,-1.688403,b0,false,-2.651936,north
1.429038,0.038796,1.406570,b2,false,4.371349,south
-0.210907,0.479971,0.075745,b2,true,1.702276,west
1.088404,0.074299,-1.984113,b2,false,0.970630,east
1.235691,0.964512,-1.167697,b1,false,-0.050942,north
0.922783,1.864134,1.646824,b1,true,5.040519,north
-0.089528,0.951000,-0.410629,b2,false,-0.568570,east
-0.096977,0.680015,1.092719,b0,true,1.808521,north
0.340724,1.260037,1.665265,b2,false,2.338413,south
0.540352,-0.454877,1.166378,b1,true,2.283498,south
0.386429,1.006309,1.633115,b2,true,3.647339,west
0.292691,0.822596,0.161777,b0,true,0.173732,north
-0.971145,-2.429188,0.478253,b2,false,-0.273900,north
-0.811936,-2.832806,-1.228291,b0,false,-2.363193,south
-1.567050,-0.921356,-1.100140,b2,true,-4.409287,north
0.980893,1.366387,-1.358401,b0,true,0.422441,east
1.366099,2.966945,1.021492,b2,false,1.444977,west
1.468669,3.674048,-0.439528,b2,false,1.521752,north
-0.034753,-0.204683,-1.425533,b1,false,-0.474887,north
0.059089,-0.270239,0.211985,b2,false,-0.651887,west
-0.492591,-0.704102,-1.101295,b0,false,-2.225320,west
-0.343856,-1.308820,0.285360,b1,false,-0.797365,north
0.081894,-0.310712,-1.243743,b2,false,-1.133917,west
0.077525,0.074605,-0.734349,b0,true,-0.841831,west
0.249174,0.964221,0.471241,b2,false,-0.460290,east
0.147260,-1.028261,0.587194,b0,true,-0.946989,north
-0.882868,-1.135965,-1.380863,b1,true,-1.053146,south
-1.336435,-2.664643,0.122549,b2,false,-2.734220,east
1.824207,2.960371,-1.892325,b1,false,0.129931,east
0.715255,0.979121,1.724575,b0,true,4.234320,east
-0.234227,0.412265,1.565236,b1,true,2.017781,west
-0.369566,-1.488967,0.218807,b2,false,-0.368191,west
0.018429,0.357706,0.518748,b0,false,-0.744624,east
-0.021931,-0.383376,0.155925,b0,true,-1.154784,south
0.116879,0.058449,-1.481527,b0,false,0.443465,west
1.031307,0.652483,-0.550937,b0,false,1.316340,north
-0.931441,-1.147195,-0.702245,b1,false,-1.099737,west
0.169804,0.357645,0.447662,b1,true,2.148183,south
-0.557450,0.264176,-0.671331,b1,true,-0.548887,north
-1.099855,-1.722496,-0.372478,b2,true,0.525349,east
-0.544876,0.417926,-0.366742,b0,true,-1.848007,south
-0.344073,0.828228,0.610728,b2,false,0.724372,north
0.380517,-0.818820,-0.907159,b2,true,0.319200,north
-0.486062,-1.140730,-0.119270,b0,true,-1.209334,west
0.350980,0.457474,-0.603305,b2,false,-1.761727,north
0.447053,1.066185,0.667497,b1,false,1.589189,west
0.560084,1.616076,-1.180422,b2,false,-1.596220,west
-0.274666,-0.969154,1.017281,b0,true,1.168120,east
-0.345594,-1.232523,-0.302800,b1,true,1.929027,north
0.032433,0.438073,-1.666148,b2,true,-2.430901,north
1.594935,3.000845,0.208231,b2,true,1.547208,north
1.216451,2.087297,0.145809,b0,true,2.213155,south
1.062716,3.463520,1.153220,b0,false,2.494826,west
0.239944,-2.353224,-1.015136,b0,true,0.903620,west
0.500453,1.705949,0.214454,b1,true,3.388475,south
0.110709,-0.755914,0.666962,b0,false,0.457569,west
-1.400470,-3.023584,-1.283669,b2,false,-3.684201,east
0.937350,2.878018,2.036805,b1,true,5.477068,west
-0.368738,-1.452865,0.898368,b0,false,-0.567484,west
0.089122,0.633769,1.077151,b1,true,3.584624,south
1.162881,1.845703,1.767335,b2,false,3.792772,east
1.733764,1.586981,1.385781,b0,true,3.787903,north
-1.590691,-2.645759,-1.962763,b2,false,-4.336365,east
0.010112,1.082976,1.247008,b1,true,3.249601,north
0.836104,-0.059613,0.042426,b1,false,0.462522,south
-0.291903,-1.405044,1.889144,b2,false,1.436734,east
-1.097416,-1.891510,-0.377601,b0,false,-2.113226,east
-1.731602,-1.237290,-0.372899,b2,false,-1.831981,north
1.470831,1.969895,0.257163,b1,false,2.456771,south
-0.914106,-0.871207,-0.691032,b1,false,0.362683,east
-1.088264,-0.681944,1.410254,b0,true,0.287503,east
-0.384193,-0.517434,0.671134,b1,false,-0.852866,north
0.163169,-0.988651,1.104492,b1,false,0.694103,north
1.834758,1.771757,0.042775,b2,false,2.387996,south
0.603156,1.135211,-1.325242,b1,false,2.506065,west
0.748488,1.168371,0.596822,b2,true,2.638526,east
-0.989149,-0.050992,-0.417742,b2,false,-0.386504,south
-1.266798,-2.029296,-0.225947,b0,true,-2.256409,west
-0.415019,-0.235442,1.443499,b1,true,3.583483,north
1.276603,0.427010,-1.608293,b2,true,1.271767,north
-1.192663,-2.900386,0.231097,b1,true,3.050308,west
0.006641,0.798678,1.929565,b0,true,2.335712,north
-0.285938,-0.511345,0.854919,b2,true,-0.764389,west
-0.805336,-1.259549,-1.415808,b0,false,-2.392083,east
0.278104,1.216367,0.027732,b2,false,1.643453,north
-1.068982,-0.647785,-0.438196,b2,true,-1.605728,north
0.089146,1.595722,-0.873649,b2,true,-0.907968,south
-0.008626,-1.455427,-1.761088,b1,false,-1.909721,south
-0.945087,-1.019198,-1.766138,b1,true,-1.159109,east
0.198378,0.678738,-0.716490,b0,true,0.013744,west
1.477912,2.773134,0.296987,b2,false,3.796769,east
1.316374,0.748809,1.120691,b0,false,2.161330,west
0.652372,-0.821711,1.707599,b2,false,1.413623,south
-1.427588,-3.972964,-1.277945,b2,true,-1.958819,north
0.397240,0.436225,0.697986,b1,false,0.372810,south
-1.173825,0.242619,-0.342253,b1,true,1.527875,south
-0.511967,-0.850555,-0.548621,b0,true,-1.165838,north
-2.674942,-3.728172,-0.051476,b0,true,-3.431232,west
-1.918468,-4.483612,1.121484,b0,true,-0.944794,south
1.734129,3.562711,-0.464148,b1,true,1.099103,north
-0.069959,1.383908,1.625946,b2,true,1.880938,north
2.085179,4.981871,-1.081674,b0,false,2.515557,west
0.284794,0.722284,0.927565,b0,false,-0.114427,south
-0.486892,-0.183865,-0.783675,b0,true,-0.922183,west
-0.037883,-0.419813,-1.240383,b1,true,1.959686,west
0.015515,0.428191,0.868964,b2,true,0.542733,west
-0.086595,0.132142,0.468435,b1,true,1.553530,north
1.270505,1.845440,-0.696634,b2,true,1.222192,north
0.352416,1.151086,-0.769832,b1,false,-0.527842,west
-0.029535,0.581982,-2.282779,b2,true,-2.281640,west
-0.682189,0.078886,-0.917734,b1,true,1.613237,west
0.437829,1.056623,2.362008,b1,false,4.799169,west
0.432165,0.271095,-1.149932,b0,true,-1.531634,west
0.166002,0.750530,0.339681,b0,false,-1.724263,east
0.337053,2.446824,0.508409,b1,true,3.047682,east
0.729751,2.699157,0.973175,b1,false,2.147718,south
-1.142407,-2.066238,0.751922,b0,true,-2.170763,south
-0.013262,0.496656,0.560496,b0,true,1.176465,east
0.171186,0.317534,2.979080,b0,true,2.564039,south
-0.985959,-1.173232,0.525057,b2,false,-1.727816,east
-0.597291,0.908609,-0.659359,b2,false,-1.214204,east
0.370524,0.770501,-0.195164,b2,true,0.151539,west
1.580471,3.828912,1.394323,b1,false,2.850864,south
0.605072,0.218720,-0.707549,b0,false,-0.169763,north
1.265554,2.768825,-2.038872,b0,true,-2.693171,east
-1.568819,-3.579744,-1.366379,b1,true,0.192511,south
-0.078736,-1.731678,0.737898,b1,false,2.148459,south
2.039695,5.385304,-0.121482,b0,false,2.005758,west
-0.958486,-1.906196,0.665775,b2,false,-0.756799,west
0.185538,0.159657,1.326606,b2,true,1.930222,south
-1.604244,-2.492440,-0.912891,b2,false,-4.689011,west
-1.175008,-0.645934,2.222351,b2,true,1.393253,south
0.003980,0.819549,-0.971543,b2,true,-0.772148,south
-1.073148,-0.784163,-0.429393,b0,false,0.588309,east
0.332231,0.566904,0.919234,b2,true,1.494939,north
0.502949,-0.819315,0.993909,b2,true,2.484629,east
0.425727,1.573128,-0.882072,b1,false,0.458620,south
-2.875868,-3.218287,0.020829,b1,false,-3.328233,west
1.143292,1.466227,0.208919,b1,true,4.157331,south
1.303203,1.304977,0.823737,b1,true,3.456926,east
-0.564756,-0.367963,-0.884112,b2,true,-1.281156,west
-0.243562,-2.562077,-1.747601,b2,true,-1.727850,east
-0.573100,1.154212,0.116955,b2,false,-0.685319,east
0.182406,2.320847,-0.262390,b1,false,0.166430,north
0.733408,0.522199,-0.145836,b0,true,-0.842890,east
-0.284732,-0.258973,0.596157,b2,true,-1.662220,east
-0.028726,-0.545589,-0.115493,b0,true,-1.110939,north
1.568537,2.686250,-0.347758,b0,true,0.751426,east
-1.368793,-0.573899,0.046131,b1,false,-1.335028,south
-1.661799,-5.813559,-0.627301,b1,true,-0.267815,north
1.341335,0.427284,-1.278520,b1,true,3.599426,west
0.097936,1.027764,-0.951702,b2,true,0.323275,north
0.809700,2.188417,-0.343417,b0,false,1.240686,west
0.799472,2.214551,1.032309,b0,false,2.153011,south
0.099309,0.108759,1.305548,b2,true,1.469135,north
0.318898,-0.525736,1.696981,b2,true,0.694396,west
-0.625554,-0.887156,-0.313855,b0,false,-0.579144,east
-0.338291,0.454700,0.054399,b1,false,-2.619532,east
-2.220090,-2.996069,-1.147201,b1,false,-3.852464,west
-0.701409,-0.077738,0.862334,b2,true,1.230085,west
1.934446,2.102419,1.973047,b1,true,6.981412,east
1.509036,1.409325,-1.316946,b0,true,1.213720,north
-0.333887,1.111412,-0.850775,b0,false,-1.309308,south
2.013508,3.446246,-0.538702,b0,false,1.460745,west
-0.477740,-0.879501,-2.679886,b2,true,-3.229968,east
1.180742,0.908865,-1.417108,b0,false,-0.516503,north
0.899437,2.392453,1.435021,b2,false,4.128478,east
-0.316684,1.168041,0.348938,b0,false,-0.253846,east
-1.280484,-2.963065,-0.829021,b1,true,0.183496,east
-1.587650,-2.570501,2.995773,b1,true,3.273413,north
-1.420793,-3.401252,1.616347,b0,true,1.231927,west
-1.092518,-0.619391,0.362920,b1,false,-1.074935,south
-1.010648,-1.425972,0.245831,b1,false,-0.749581,north
-0.855901,0.661511,-0.739908,b1,false,-1.857899,west
-1.309273,-3.149338,0.485127,b0,false,-2.823865,south
-0.201881,-1.204007,0.765159,b0,false,1.649760,west
2.036835,2.887755,-1.346577,b1,true,2.845757,north
-1.438547,-2.220419,-0.376269,b0,true,-1.195372,south
-1.656131,-1.472752,1.450283,b2,false,-1.212950,south
1.276497,0.923664,1.801853,b2,false,2.312118,east
0.334521,-1.974602,-0.237470,b1,false,0.449780,east
0.230369,-0.303756,-0.163667,b2,true,0.636308,south
0.108288,-0.461743,0.055110,b2,true,0.559207,south
0.518562,-0.121039,0.018112,b1,false,-0.558533,west
-0.114292,0.292699,-0.947559,b0,true,-0.153739,east
-1.600549,-3.561460,0.597028,b2,true,-1.207696,south
-0.878757,-1.273670,-0.551492,b2,true,-0.128093,west
-0.380043,-1.557011,-0.739838,b0,false,-0.508288,south
0.097314,1.629285,0.041494,b1,true,0.866004,east
0.742864,0.680683,-2.461837,b1,true,-0.324645,west
0.154036,-0.138356,0.607436,b2,false,1.744859,west
-0.310848,-0.147488,0.064745,b2,true,1.157292,north
1.637913,1.623412,0.595042,b1,false,1.175035,south
0.679157,2.170521,0.119000,b0,true,-0.696406,east
0.533750,1.285097,-0.200505,b2,true,-0.398098,north
1.089121,1.509426,-0.115262,b2,true,2.325846,south
-0.732662,-1.196298,-0.711356,b2,false,-0.671347,east
-0.050143,0.564124,-0.075350,b2,false,1.424442,north
-0.033068,-1.568913,-0.009482,b2,true,-1.246149,east
-0.548025,0.601833,-0.863098,b0,false,-1.829814,east
-0.242965,-0.612304,1.055448,b1,true,3.012647,east
-0.602895,-0.821669,-1.426789,b1,false,-0.713362,west
0.639990,2.050314,-1.327820,b0,true,0.430230,south
-0.718096,0.298460,-1.284466,b2,true,-1.292855,east
-1.212417,-2.521603,0.351488,b0,false,-2.885584,south
0.265542,0.920239,0.250677,b0,false,1.244859,south
1.537039,4.275153,-0.886966,b1,true,3.878674,west
-1.595685,-1.468134,-1.148552,b0,true,-2.768578,north
-1.235901,-1.246143,0.109108,b0,true,0.091363,south
1.228571,2.493541,-0.869313,b0,true,1.461270,west
-0.264392,-0.490701,-1.842696,b1,false,-3.153851,west
3.162662,4.473280,0.766403,b2,false,4.477619,east
-1.432534,-3.288323,2.279919,b1,true,2.580168,south
0.955402,2.356622,-0.497173,b0,true,-0.062664,north
0.591929,-0.530477,1.057335,b0,false,2.300238,east
0.192122,0.726576,-0.711623,b0,false,-0.853510,south
-0.838428,-0.572453,0.868741,b2,true,0.435819,west
-0.467614,0.266868,1.269770,b0,false,1.373434,south
-0.647462,0.194540,-0.811548,b2,true,-0.063078,north
-0.547595,-0.518615,-0.465355,b2,true,-1.197190,west
1.600670,2.164311,0.658265,b2,false,2.949153,south
-0.612592,-0.663138,0.582277,b1,false,0.574661,south
-0.762673,-0.942446,0.785851,b2,false,0.362620,west
-0.599885,-1.569583,-0.353208,b2,false,-0.095385,north
-1.349302,-0.683222,-0.015968,b0,false,-2.333009,east
0.284035,1.649951,0.673960,b2,true,1.392945,west
-0.076774,-0.223264,-1.263971,b0,true,-3.630442,west
0.122873,-0.583551,1.055022,b0,false,2.357281,north
-0.674603,-0.309838,0.341120,b0,true,-0.945115,south
-0.634733,-1.577795,-0.457492,b2,true,-2.905819,north
-1.293234,0.879051,-0.087645,b1,false,-1.601864,east
1.742964,3.097494,0.416577,b0,true,1.234682,north
-1.570494,-3.253459,1.187808,b2,false,-1.250536,west
0.682998,1.063907,0.139373,b2,false,2.361040,south
-1.943943,-4.758038,-0.950732,b1,false,-3.230179,east
0.191633,2.566492,-0.981103,b0,true,-2.100558,north
1.714485,1.802215,0.829734,b1,false,3.710448,west
0.101274,-0.922468,0.079968,b1,true,-0.085157,north
-0.298744,0.180023,1.587376,b2,false,0.153197,north
-0.693134,-1.819634,-0.060098,b0,false,0.018181,west
-1.288933,-1.137453,0.242111,b0,false,-1.173135,east
0.754148,1.245259,-0.002896,b1,false,-0.931908,north
-1.251340,-1.246652,-1.554606,b0,true,-0.863041,east
-1.462317,-2.850635,0.881574,b0,false,0.825123,south
-0.110340,-1.192846,0.861267,b2,false,-0.642528,west
0.044885,-2.055177,0.060334,b1,true,1.563515,north
-0.103839,-0.371369,1.224225,b1,true,3.461749,north
-0.223341,-1.372417,-0.957126,b2,true,-1.392253,west
-0.352623,-0.715174,0.221960,b2,true,-0.869763,west
-2.524493,-3.296487,0.472131,b1,true,-0.946775,north
-0.806331,-1.624442,-0.519320,b0,true,-2.429925,east
-1.570762,-1.554783,0.363663,b0,true,-0.833910,west
-0.131040,-0.589918,0.082284,b1,true,0.754456,west
1.431143,1.520058,-1.745480,b2,true,-2.622096,south
0.506823,0.678256,0.046406,b1,true,0.280964,north
1.081202,3.302646,0.991481,b2,true,2.290995,west
-0.236411,-0.633309,0.762591,b0,false,0.191655,west
-0.098300,-0.877680,-1.306967,b0,false,-0.731228,south
-0.308205,1.813234,0.079163,b0,false,0.267983,north
-0.585131,-0.665313,1.641910,b2,false,0.248953,west
1.328235,2.273789,-0.667455,b2,false,-0.496113,west
0.395171,-1.150479,0.830777,b1,true,3.762643,south
0.799480,2.272250,0.113037,b2,true,-0.267454,north
0.232241,-0.560896,0.843772,b0,false,0.348753,east
-0.163533,-0.241075,-2.164266,b1,false,-0.934617,south
1.653898,2.251359,-0.681022,b0,true,1.729475,east
-1.409454,-3.044843,-1.275033,b0,true,-2.970858,east
0.751855,3.357991,0.280138,b1,true,4.416539,east
0.040196,1.219455,0.354498,b0,true,0.470975,north
0.097168,0.418239,-0.051337,b0,false,-1.432364,north
0.208257,-0.293135,0.158567,b1,true,2.621936,south
0.342339,-0.521214,-0.051963,b2,false,-1.337872,south
0.685874,2.455374,-1.311715,b0,false,-0.514752,north
-2.101717,-1.637625,-0.589526,b0,false,-2.326997,east
0.138152,0.009905,-0.135195,b0,true,-1.353660,north
1.459033,1.596382,-1.005048,b2,true,0.960318,north
-0.567156,-1.538595,0.047661,b0,false,-0.143181,west
0.726410,-0.849186,1.379577,b0,true,0.932426,east
0.436570,1.359373,0.057926,b0,true,-0.116798,south
0.525969,-1.110695,0.372009,b0,false,0.862804,east
0.353968,-0.191960,-0.943789,b2,false,-0.821821,north
-0.884005,-1.936237,1.071788,b2,false,-1.001104,west
-1.461095,-2.845128,-1.096155,b0,false,-4.243384,east
0.731100,2.736287,-0.570572,b0,true,0.272658,west
1.013870,1.357426,-0.487771,b0,false,2.813807,west
1.088655,2.758854,-0.763585,b1,true,0.635443,west
-0.799504,-0.307719,1.315874,b2,false,0.215598,north
-0.313527,-0.378359,0.888141,b2,true,-0.813290,south
-0.403871,-1.945438,0.639077,b0,true,0.295908,south
0.505529,2.998870,1.622469,b0,false,1.396064,south
-3.070697,-3.890557,0.416547,b1,true,-0.721568,east
1.651161,3.210946,0.886696,b0,true,2.704295,south
-0.421473,-1.190295,0.746722,b0,true,0.654729,south
1.392333,1.098449,0.895973,b2,true,2.780552,north
-0.786092,-1.465065,-1.100401,b1,false,-2.926176,north
2.912968,4.770802,-2.547924,b1,false,-0.337881,east
-0.453648,-0.806790,-0.919090,b1,true,1.146134,south
-1.138499,-3.383734,0.323733,b1,true,0.966984,east
0.087982,-1.523219,-0.070654,b2,true,-0.364885,west
1.776812,2.457281,-0.986314,b0,true,-0.216907,north
-0.639211,-0.195803,-1.049717,b1,false,-0.868578,south
-1.077429,-3.012965,0.641404,b0,true,-0.329580,north
-1.599108,-2.206022,0.573984,b2,true,-1.114597,north
0.094094,1.419752,0.612813,b1,false,0.989541,south
-1.314962,-1.036474,-0.793318,b0,false,-0.481129,west
1.348232,0.443996,0.968213,b1,true,3.989344,east
2.211583,3.087823,0.240449,b2,false,2.724657,west
-0.909923,-1.554011,0.657559,b2,true,-3.190358,west
-0.165250,0.795092,-0.805754,b0,false,0.637885,north
-1.848119,-2.271798,1.189946,b1,false,-2.043981,north
0.729655,0.145371,0.075754,b0,true,0.141477,north
-0.979553,-2.549172,0.355171,b2,true,-0.945500,west
-0.510345,0.393195,1.331956,b2,true,0.572537,south
-0.311759,0.272281,0.173469,b0,false,0.554153,west
-0.337560,0.077537,-0.195879,b1,true,1.127835,north
-1.120927,-1.981166,0.366944,b1,false,-1.160709,north
-1.466476,-3.210556,-1.092412,b1,true,-1.201982,north
-1.493649,-2.299548,0.796384,b2,false,0.170302,west
1.791243,3.338794,0.564199,b2,false,4.591628,west
-1.334296,-1.847479,0.043137,b0,false,-1.038191,west
0.347896,1.973136,-0.615212,b0,true,-0.743986,south
1.054998,1.413646,-0.319897,b1,false,-0.245311,north
1.047288,2.353912,1.578989,b1,true,5.337052,west
0.295906,0.584946,-0.633976,b2,false,-0.993721,west
1.014564,-0.474711,0.724797,b0,false,2.566779,west
0.700707,1.672370,-0.318473,b1,false,-0.024696,east
0.328742,0.259293,-0.440589,b1,true,2.115650,east
0.081305,2.784506,0.249983,b0,true,1.024666,west
1.024930,1.900582,0.313243,b1,true,3.062147,west
-1.482330,-1.904064,1.180580,b2,false,0.730272,east
0.009812,-0.643657,0.322831,b2,true,0.228169,west
1.209787,2.863261,1.076214,b2,true,2.091577,east
-1.062836,0.064060,1.032850,b2,false,-0.593270,east
1.005550,1.209225,-0.730498,b2,false,-0.338685,south
0.598359,1.009016,1.914475,b1,true,2.470949,east
-0.840353,-0.959125,-0.696868,b2,false,-3.034046,south
-0.304964,-1.367073,-0.147483,b0,false,-0.096171,west
0.243174,1.102605,-0.569451,b0,false,0.762893,west
0.743652,0.190422,-0.222360,b2,false,0.681120,south
1.697674,3.353189,-0.585417,b0,true,2.132314,west
0.152898,-0.132448,-0.895951,b1,false,-2.386820,north
0.413312,0.978864,-0.796078,b2,false,-1.842368,east
0.882578,1.815574,0.821093,b0,false,0.758277,west
0.100705,2.523790,1.627672,b1,true,4.010064,east
0.088740,-0.879605,-2.244139,b1,false,-2.708509,north
0.563822,0.723615,0.728812,b1,false,-0.343383,west
-0.145177,0.278150,1.083724,b2,false,1.244441,south
-0.089907,1.309044,-0.951059,b0,true,-0.499258,west
1.830938,3.564847,-1.464032,b0,false,1.754205,west
-2.293794,-3.144784,0.885824,b1,true,-0.295100,east
1.536649,1.510814,0.028489,b2,false,1.219563,west
0.632615,1.922842,-3.241474,b1,true,0.629347,east
1.680377,2.309598,1.399809,b1,true,6.317908,east
2.450444,3.013295,0.452725,b1,true,5.708269,south
-1.208477,-2.304750,0.209664,b1,true,-0.093006,south
-1.276811,-2.653522,0.249197,b1,false,0.337410,east
0.612416,0.151743,-0.374730,b0,false,0.740606,north
0.332029,-0.048306,-0.530610,b2,true,-0.144068,south
-1.515157,-1.132159,-0.499994,b2,false,-2.315352,west
-0.918000,-0.526486,0.575057,b2,true,-1.344678,north
-1.086527,-3.076860,1.428067,b1,true,2.015591,west
-1.018029,-2.442953,-1.090630,b0,false,-2.856480,west
-0.934759,-0.029584,1.199767,b2,false,-0.715219,north
0.943973,1.754592,0.139322,b0,true,1.228222,east
-0.660915,-0.048785,-1.187332,b1,false,-1.279106,east
0.347960,-0.833797,0.072413,b0,false,-0.616615,south
-1.497815,-1.646649,-2.816300,b0,true,-3.829371,north
1.243566,2.841450,-0.160696,b2,true,0.652195,south
-0.632772,-0.367814,0.302135,b2,false,0.450256,south
1.061393,1.438292,-1.715600,b1,true,1.752169,east
0.992621,2.092564,-0.323039,b2,false,0.947647,east
-0.157217,-1.530596,0.355475,b2,false,0.745479,west
1.068605,1.244542,-2.446543,b1,true,-1.146214,west
-0.622427,0.834988,0.860049,b2,true,0.052487,north
-1.136855,-1.657409,-1.377666,b0,true,-2.615442,south
-0.970462,0.156689,-1.521702,b1,false,-2.648492,south
-1.112875,-1.519956,-1.496694,b2,false,-2.498043,south
1.897868,3.886341,-0.472111,b0,false,2.465488,east
0.961126,1.983863,-0.906481,b1,true,4.012819,south
-1.272094,-1.459981,-0.936650,b1,true,-1.368746,east
1.276959,2.014961,-1.846829,b2,false,0.616335,north
0.487603,1.082945,-0.620646,b1,false,1.274107,north
0.412958,-0.155378,0.459203,b1,true,2.726626,north
-1.374732,-1.763470,-1.413968,b0,true,-4.027449,east
-1.408777,-3.697815,-0.364138,b0,true,-1.111666,north
0.632908,0.018925,0.804941,b1,false,-0.094040,east
-1.174071,-1.753867,-0.786565,b1,true,1.456554,east
-0.127494,-0.633118,0.005839,b0,false,0.889347,south
-0.561028,-0.636263,1.029041,b2,false,2.083454,east
-0.882058,-1.754328,0.272048,b2,false,-0.133060,south
-0.585652,-0.885310,0.385297,b2,false,-0.398637,west
0.150889,0.544916,0.356710,b1,false,0.353324,south
0.348632,0.198880,0.126680,b2,false,1.992373,east
2.466260,4.404103,0.184430,b2,false,2.469593,south
-0.715987,0.187174,0.808797,b2,false,0.427271,south
0.367949,0.227708,1.087838,b2,true,1.557484,south
-1.765040,-3.826460,0.672480,b0,false,-1.309332,north
-1.855995,-4.127348,-1.579565,b0,false,-2.897729,north
0.021893,0.048330,-1.537927,b1,false,-1.875335,east
1.056542,2.761641,-0.184327,b1,false,1.146877,north
1.997522,2.574612,-0.831762,b2,false,0.383030,south
-0.696466,-2.019334,0.201549,b1,false,-1.326935,north
-0.402602,0.115502,0.708191,b0,false,0.924406,east
-1.400116,-1.958931,0.640598,b0,false,-0.818156,west
-0.738733,-1.256471,0.037749,b1,true,0.344762,east
0.717768,1.223101,-1.341201,b1,true,0.615251,north
0.539699,0.841822,-0.722530,b1,false,0.190279,east
0.291945,0.612818,0.058223,b2,true,0.562798,east
0.236298,-0.429295,-1.619520,b2,false,-0.603620,south
-0.279111,-0.040911,-0.686551,b2,false,-2.124492,north
-1.127905,-1.523996,0.286372,b2,false,-1.937616,west
1.140533,1.939133,0.596751,b2,true,2.783842,south
-0.369817,-0.235989,1.914808,b1,false,1.038491,south
0.243375,-0.079179,-0.910175,b1,false,-0.307874,north
-0.481103,0.389241,0.120190,b0,true,-0.161811,east
-0.915311,-1.737904,-1.366639,b1,true,-0.540679,south
0.819791,1.886660,0.315231,b0,false,0.749831,north
-0.235366,-1.019511,1.160329,b2,true,1.338031,north
-0.001500,-2.457246,-2.637349,b2,false,-2.421670,west
1.206709,0.708393,0.709566,b1,false,2.475455,west
-0.247788,-0.640152,0.520400,b1,false,0.455838,south
1.210651,1.063154,0.292710,b2,false,1.937280,south
-0.678454,-1.209203,0.232926,b2,false,-1.538048,south
-0.165171,-0.060171,-1.050588,b0,true,-0.100614,south
-1.746506,-2.472444,0.599163,b0,true,-2.120424,west
1.121989,2.507974,1.151703,b1,true,4.618782,south
0.710037,1.876780,-0.419142,b0,true,1.665961,north
-1.554359,-0.521687,-2.212706,b1,true,-1.642947,west
0.245133,0.653069,-0.502519,b1,false,-0.643162,east
0.390506,3.246807,0.483348,b1,true,3.044048,west
0.013730,1.863272,-0.042333,b2,true,1.419283,north
-0.885001,-1.547433,2.124390,b0,true,1.151681,west
1.570444,3.085228,-0.929290,b1,false,0.957651,north
1.272751,0.708975,-0.407480,b2,true,2.274884,west
0.327655,-0.480594,-0.395304,b0,true,0.253963,north
-0.368727,0.995037,1.400505,b0,true,0.921262,east
0.313350,0.737515,-0.393225,b0,true,0.303426,south
1.269273,2.003977,0.102126,b2,false,0.019634,east
-1.789313,-3.847630,1.004160,b2,true,-2.529930,east
0.525039,0.681642,1.783935,b1,false,2.062847,east
1.038451,-0.500986,-0.710733,b0,false,0.030419,south
-0.973507,-1.694710,-0.852094,b0,false,-2.571106,west
0.288767,0.388166,0.710349,b2,false,-0.684617,east
0.324819,0.835654,0.213014,b1,false,-1.044719,south
1.974808,2.701362,-0.298585,b0,false,1.088722,south
1.262447,1.788738,0.338465,b2,false,2.405873,north
-0.012584,1.655294,-1.175323,b2,false,1.195816,east
-0.710884,-0.607067,-1.081774,b1,true,0.697414,north
-0.984416,-1.739293,-0.534510,b1,false,-3.890130,south
-1.231908,-0.912489,1.273744,b0,true,1.531581,east
0.777953,-0.454384,0.405729,b1,true,3.826927,east
0.958763,1.624305,-1.148946,b1,true,2.238046,north
0.048011,0.589785,1.410102,b2,false,2.650116,north
-0.384635,0.432780,-0.078105,b0,false,-1.520276,west
0.513288,-0.404364,0.070479,b0,true,-0.920997,south
-0.354300,-1.624440,-1.570925,b0,false,-0.876675,east
0.020341,-0.168629,0.209082,b0,false,-1.330977,north
2.130643,2.131623,0.463171,b0,true,3.135021,east
-1.386858,-1.160290,-0.923474,b0,false,-2.153225,south
-1.293243,-1.711167,-0.169730,b0,false,-1.544031,north
-0.357069,0.817150,-0.329228,b2,true,-2.028791,west
-0.657617,-1.722530,0.672546,b2,true,-0.216855,east
1.453540,2.915985,1.048646,b2,true,3.027186,east
-1.352478,-2.186781,-1.900320,b2,true,-4.942596,east
-0.336419,-0.765308,-2.160751,b2,false,-3.784029,north
-1.305939,-3.591747,0.532690,b2,true,0.529393,west
-1.251295,-1.556033,0.212924,b0,false,-1.265721,north
1.569385,4.357627,1.593006,b0,false,3.039039,west
-0.562223,-0.576961,-2.150454,b0,true,-2.578148,north
0.616123,2.483330,-0.210042,b1,false,1.754789,north
1.142058,1.042779,-0.205404,b2,false,-0.487411,south
0.290178,-1.124499,0.786434,b2,false,0.986112,south
0.031880,-0.923131,-0.602432,b1,false,1.223962,east
-1.334321,-1.540311,-0.260146,b2,true,-1.349706,south
-0.510671,-0.694570,-0.106435,b1,true,3.342085,west
0.828170,1.332534,0.274693,b1,false,0.576854,south
-0.094804,-1.136809,1.579721,b0,true,0.096309,east
-2.735822,-5.485028,0.720611,b0,true,-1.903091,east
0.226952,0.740191,-0.492342,b0,false,-0.230989,east
0.912416,2.389933,-3.021952,b1,true,0.371752,south
-0.063022,0.450073,-0.478800,b1,true,2.946774,south
-1.163435,-1.938712,0.355439,b1,false,0.130522,east
0.123480,-0.006556,-1.183151,b0,false,-0.837424,north
0.018164,0.170048,-0.091270,b1,true,1.870796,west
-0.566893,-0.516834,1.296596,b2,false,-0.063630,north
-1.499886,-2.978377,0.573708,b2,false,-0.437646,south
-1.613712,-2.186141,-0.207767,b1,false,-2.406164,north
0.191877,-2.353599,1.137094,b1,true,3.627696,north
0.518918,1.361926,-0.464521,b0,false,1.338558,east
0.963760,1.748392,-0.751960,b1,true,2.618012,north
1.846468,2.271367,-0.623901,b0,true,2.412097,south
0.393639,1.634065,0.635054,b1,true,3.476134,east
-0.650677,-1.360167,0.092736,b2,true,-0.842213,north
-1.019031,-0.556425,0.574029,b0,true,0.181523,west
0.862021,0.075028,-1.123726,b2,true,0.640309,west
0.946168,-0.462519,0.313090,b0,true,1.266027,west
0.423538,1.258629,-1.622260,b2,true,-2.435879,east
0.826308,2.881405,0.063848,b1,false,2.152309,north
-0.386591,0.458328,-0.752512,b1,true,0.758444,east
0.203333,-0.623635,-1.480408,b0,true,-0.978293,north
0.715532,0.423923,-0.005902,b0,true,-0.066079,west
-0.774209,-0.593641,-0.419274,b2,false,-2.801970,north
1.513858,0.211076,-0.549171,b1,false,1.680758,north
0.610323,0.578153,0.577798,b2,false,2.961717,south
-0.691953,-1.524056,0.004808,b1,true,2.295124,east
0.787180,1.642234,0.956185,b2,false,4.010847,east
0.557947,1.573005,-1.017490,b1,false,-0.358466,west
0.013375,-1.141743,1.394935,b2,false,1.863386,east
1.616028,1.536920,1.010076,b2,true,2.414631,west
-0.296427,-0.787968,-0.135673,b0,true,-2.669652,east
0.659738,0.396884,0.024131,b0,true,-0.229038,south
0.391609,-0.106667,-1.809137,b2,true,-2.799012,north
-1.135407,0.558983,-0.285909,b2,true,-2.608892,east
0.071958,-1.172694,1.600963,b2,true,1.267709,east
-0.289448,-2.290616,0.070434,b0,true,-0.943114,south
-1.367903,-2.795147,-0.313313,b0,false,-2.688800,north
-0.409661,-1.197952,-0.699462,b0,false,-0.014681,east
0.517835,1.112969,-0.149907,b0,true,2.052249,east
1.190713,2.619021,0.570723,b2,false,1.200798,north
1.119160,1.289452,-0.196389,b1,true,2.884357,west
-1.756395,-2.913173,-0.126404,b0,true,-2.256259,south
0.198168,1.461241,-0.817316,b0,true,-0.223109,east
-0.024348,0.085524,-0.216117,b1,false,-0.103503,south
-0.166468,1.295454,0.405400,b2,true,-0.875712,south
0.296926,-0.359315,-1.133640,b1,true,1.918156,south
0.110215,-0.464313,0.300201,b0,true,1.747708,east
0.411903,-1.816176,1.255462,b2,false,2.234800,north
0.286195,2.018675,0.939690,b1,false,1.671414,east
-1.740861,-2.645619,-0.302647,b1,false,-3.594882,north
0.279727,-0.641187,-1.224473,b1,false,-0.611303,south
0.625877,0.681607,-0.136095,b2,true,0.814510,north
-1.010634,-0.519465,-1.362640,b1,false,-3.867665,north
0.189038,0.940885,-0.540767,b1,true,2.706639,west
0.432079,0.029077,-0.916680,b2,false,0.188372,west
0.139041,1.464927,-0.582139,b0,false,-0.473904,east
1.299111,-0.410408,-1.239496,b1,true,2.586846,south
-0.591829,-0.485328,-0.222627,b2,true,-2.016753,south
-0.181253,-0.208848,-0.983289,b1,true,1.007357,south
0.415326,1.431275,0.836304,b1,true,2.219313,south
-1.434235,-3.098485,-0.542499,b2,false,-2.838856,east
-0.887436,-1.622285,1.223301,b1,false,-0.290773,east
-1.851842,-2.874023,-0.636049,b2,false,-3.092865,south
2.314889,2.898901,-0.464131,b2,false,2.788173,south
1.176655,0.734268,1.109147,b1,true,4.952743,south
2.121913,1.713875,1.142578,b0,false,4.071106,north
2.166531,4.039040,-0.323994,b2,false,2.851759,east
0.037617,-0.957504,-0.180459,b1,true,1.556500,west
-0.358024,0.493134,-0.589097,b1,true,2.095234,east
0.834372,0.065729,0.021296,b2,false,1.216327,north
-0.720614,-1.452708,0.299032,b2,false,-0.065599,north
-1.012553,-2.105865,0.221768,b1,true,1.888252,west
0.293509,-0.591746,1.265360,b0,true,0.509553,south
-0.104115,-1.750829,0.548744,b0,false,1.042243,south
2.310394,3.402464,-0.232112,b0,true,0.526791,south
1.503654,2.993270,1.037901,b2,false,1.857636,west
-0.737615,-1.936901,1.636349,b1,true,2.117653,south
0.218747,0.043539,-2.147033,b0,true,-1.646782,north
-1.285601,-1.053896,-0.311954,b0,false,-0.612327,west
1.083703,0.590583,0.486977,b2,true,-0.131327,west
-0.426465,-1.222495,-0.306185,b2,false,-1.170610,west
-1.197178,-3.913727,0.741483,b2,true,-1.242311,west
-0.692863,0.746084,0.838114,b0,true,-1.076763,west
1.773613,0.744455,-1.045418,b2,false,0.311896,east
0.620955,0.805080,0.351462,b0,false,1.049010,west
0.373193,-0.465820,-0.492952,b2,false,0.782033,north
-0.412990,-1.288586,-1.504680,b0,true,-2.905974,east
-0.660143,-0.467432,0.138286,b1,false,-1.562724,east
-0.461210,0.111072,0.408922,b1,false,-0.013085,west
1.649536,1.253881,0.762010,b1,true,4.970937,west
-1.037784,-3.227117,-0.738885,b0,false,-1.409286,east
-1.210140,-1.815485,0.993822,b0,true,-0.286445,south
-0.013087,-0.455669,0.081231,b0,true,-0.301308,north
0.065067,0.108323,0.929326,b2,true,2.277910,west
0.602843,0.872079,-0.645173,b1,false,1.821701,north
0.035288,-1.526141,1.083942,b2,false,0.174495,north
1.905551,3.506040,1.939299,b2,false,4.757599,north
0.850260,3.238961,1.145371,b1,true,3.098591,north
-0.787896,0.288269,0.647268,b1,true,1.039626,east
-0.441839,-0.245122,0.268135,b2,false,0.483903,east
-0.098953,0.810060,-0.629830,b2,false,-1.820580,north
0.056828,-0.000988,0.718586,b2,true,-0.589905,east
-0.238881,-0.067231,0.219542,b1,true,2.345597,west
-1.366843,-2.861189,0.781278,b1,true,0.510199,south
-1.334944,-4.186938,0.715514,b0,false,0.333754,west
0.131385,-0.937451,-1.077993,b1,false,-1.063938,west
-0.043139,0.500121,1.219105,b0,true,0.557406,east
-1.905515,-3.476045,2.375912,b1,true,1.724790,north
-0.807520,-1.430921,-0.729277,b2,false,-4.180636,west
-1.010438,-1.477904,0.230720,b1,true,2.305820,north
-0.536961,-1.158581,0.589175,b2,false,0.841638,south
0.765017,0.733304,-0.231274,b0,true,0.710126,east
-0.702189,0.073474,-1.934652,b2,true,-2.226654,north
-0.147985,-1.257406,0.725838,b1,false,-0.268335,north
-1.771640,-3.491266,-0.899622,b1,false,-3.953879,south
-0.138761,-0.348725,-0.419559,b2,true,-0.237425,north
-1.994045,-3.390819,0.499157,b0,true,-1.664116,south
1.268523,4.430570,-1.875114,b1,true,0.590699,south
-0.422686,-1.422788,0.993755,b2,false,1.018569,north
-2.077377,-1.850263,-0.575259,b0,true,-2.851333,east
0.229532,-0.645066,0.695400,b0,false,-0.126382,north
0.945407,1.167805,1.994121,b2,false,1.974517,north
2.270335,2.789315,-0.692713,b2,true,1.228335,west
-1.246283,-2.947231,-0.691637,b0,true,-3.652431,north
1.186590,1.014715,-0.591125,b2,true,0.694627,east
-1.801626,-0.459875,0.841059,b1,true,0.920352,east
1.197656,2.842369,-0.833289,b0,false,0.753775,east
0.583771,0.272165,-0.302929,b0,true,-0.200592,north
-0.480862,-1.868523,-1.443093,b0,false,-1.611401,west
1.581997,2.364594,-0.097545,b2,false,1.983043,north
-1.287278,-1.597419,-0.961864,b2,false,-2.423283,east
-0.269542,0.519913,0.387350,b2,false,0.574371,west
-0.263867,-0.615303,2.110324,b0,false,1.194350,north
-0.256784,-1.956297,0.222835,b1,false,-1.137542,south
-0.652275,-1.105448,0.339742,b1,true,2.088414,north
0.331639,0.911613,0.479863,b0,true,0.772171,east
-0.852231,0.653217,0.266759,b0,true,0.250847,east
-0.218376,0.107845,-0.869341,b2,false,-1.632740,east
-0.802053,-1.690714,1.453495,b0,true,0.159718,south
-1.148531,-3.907983,-0.559191,b0,true,-2.408516,south
-0.224160,-1.509369,-2.259588,b2,false,-2.541222,east
-0.797236,-0.060676,-0.744936,b2,true,-0.213823,north
-1.024269,-3.819596,0.171048,b1,true,1.389126,north
0.692847,0.430656,0.128605,b1,true,4.330191,west
0.860622,1.374553,-1.273436,b0,false,-0.027074,north
-0.567041,-0.273056,-0.879547,b0,true,-3.522703,east
0.771537,1.295086,0.841413,b2,true,-0.733364,west
-0.199264,-1.747200,-1.004891,b1,true,0.789966,south
-0.822003,-1.937292,1.101825,b0,false,-0.944746,east
-0.849349,-0.781436,0.610029,b2,false,0.351614,west
1.365064,1.376400,-1.123406,b0,true,0.150866,west
0.822515,2.072520,0.536521,b0,false,0.979180,west
-1.180938,-2.096655,0.758856,b1,false,-1.307157,west
0.945658,1.388460,-1.220977,b0,true,-0.354614,north
0.222436,0.202539,-0.303970,b0,true,0.551862,north
1.069179,1.721450,-0.043388,b2,false,2.840551,south
1.011868,2.192232,0.560365,b1,true,3.464305,east
-0.869134,-2.329140,-0.232499,b1,true,2.464439,east
0.931154,1.067366,-1.050025,b1,false,0.213988,east
0.688460,1.050449,-1.429254,b0,false,-1.341967,west
0.301473,1.208194,1.526517,b2,false,0.328001,north
0.508307,-0.182527,0.146277,b0,true,0.103555,west
0.865364,0.231707,0.038119,b0,true,0.228272,west
-0.755873,-2.661425,-1.084861,b2,true,-1.827282,east
-0.030109,0.277455,-0.560812,b0,false,0.461962,east
-0.917887,-1.797007,0.747869,b0,false,-0.494881,south
0.762490,1.592401,0.738824,b2,true,1.445567,west
1.213350,1.083310,1.086924,b2,true,2.394042,west
0.155906,-0.871884,0.200963,b1,true,3.616136,south
-0.952170,-1.055642,-0.148955,b1,true,1.525155,south
-0.100583,-1.428620,-1.169173,b0,false,-2.388634,east
-0.395175,-0.298208,-0.480750,b2,true,-1.249756,west
-0.694563,-2.857761,-0.510536,b1,true,0.747145,north
0.925611,1.324888,0.881420,b0,true,3.361852,north
1.076475,2.109218,-1.726397,b1,true,1.547818,east
0.107225,-0.331799,1.328328,b1,true,4.396626,west
-1.344412,-2.075745,-0.680402,b2,true,-3.472927,west
-0.916884,-1.212043,-0.778116,b2,false,-1.334832,west
-0.601561,-2.172139,0.508040,b1,true,0.645428,north
-0.347535,-0.321441,0.598400,b0,true,0.876442,south
-1.914900,-5.394283,0.336782,b0,true,-1.741872,east
0.176065,0.330048,1.525546,b0,true,1.153757,south
-1.576029,-3.188184,-0.254035,b1,true,1.295486,south
0.579678,0.894295,0.659587,b1,false,-0.168044,south
0.799240,1.348953,0.918011,b1,false,2.884144,south
1.088314,-0.447887,0.507326,b2,true,2.991755,north
0.477548,0.018438,0.732353,b2,true,0.155120,east
-0.328472,0.584470,-0.296311,b2,false,-1.048326,east
-2.282297,-3.729004,-0.355041,b1,false,-1.903792,east
0.281011,-0.672814,0.893517,b0,true,2.028196,south
2.125629,3.076032,1.196877,b2,true,2.363643,east
1.014311,-0.114245,-0.036260,b1,true,4.089154,east
-2.076546,-4.706269,-1.911536,b0,true,-4.197551,west
-2.469460,-3.277674,-0.389802,b1,false,-4.204342,north
-0.507876,0.692676,-1.291835,b1,true,-0.634984,east
-1.754658,-1.294937,1.982927,b0,true,0.399343,east
-1.415007,-0.109352,-0.004275,b0,false,-3.167836,south
-1.004697,-1.495759,-0.946865,b0,true,-0.260190,north
0.049040,1.145981,0.105759,b2,true,-1.369501,east
2.264658,3.708165,0.435945,b0,true,3.796880,south
0.631814,1.188812,-0.733326,b2,false,0.149515,north
-0.321525,0.199127,0.019716,b1,false,-0.358028,north
1.041138,1.271632,-0.004515,b0,true,1.736990,east
-0.884322,-0.402390,1.199673,b0,false,0.105315,east
-0.021396,-0.740491,-0.360555,b1,false,0.224408,north
-2.490183,-2.272141,-0.162602,b0,false,-3.176720,east
-2.478729,-3.044902,0.469950,b0,true,-2.506190,west
1.853904,2.786760,0.260734,b2,false,3.517994,west
-1.160642,-0.542877,-1.264934,b2,false,-1.784058,north
0.709751,1.744392,-0.957394,b2,false,-0.287414,west
0.532478,-1.133187,0.363527,b0,true,0.923009,north
-0.793207,-1.670594,-0.591226,b1,true,0.178631,south
0.302869,2.504875,-0.141177,b1,true,2.274393,west
-1.052094,-3.370454,0.785303,b2,false,0.114864,south
1.862739,2.739747,-0.487075,b0,true,2.415176,north
0.782501,3.420474,-0.290745,b0,true,1.095060,north
0.672668,1.813634,-0.195234,b1,false,0.674969,south
0.563601,2.658898,0.072858,b1,true,3.980059,south
-1.008967,-2.181781,-1.577651,b1,false,-3.408375,west
0.108625,-0.253474,0.178940,b0,true,1.060062,west
0.364379,0.160254,0.139946,b0,true,1.815280,east
0.813350,1.155983,0.286443,b2,true,0.055302,north
-0.485649,-0.232021,1.146604,b2,true,-0.335783,west
1.123614,0.138099,-0.308881,b1,false,2.269352,south
0.076103,-0.208305,-2.624191,b0,true,-2.693702,north
-1.077707,-1.807848,-2.439889,b1,true,-1.198864,east
0.170740,0.794959,-1.582105,b2,true,0.369254,east
-0.198952,-1.668690,-0.571807,b0,false,-1.530021,east
-1.973934,-3.598442,0.875166,b0,true,-0.595832,south
1.540146,2.593364,1.608953,b0,true,3.312409,south
0.805840,1.456585,-0.122559,b1,false,2.504530,west
-0.209944,1.257165,-0.525276,b1,false,0.844246,south
-0.341563,-0.505859,-2.021958,b2,true,-1.125597,east
-0.971157,-0.025569,-0.886955,b1,true,0.555522,north
1.736466,1.246019,-0.083186,b1,true,5.673509,east
0.761359,1.628709,1.478494,b2,false,1.442183,west
-1.319744,-1.952058,0.330766,b2,true,-2.142095,west
1.084581,3.109757,-0.115514,b0,true,-1.789400,north
1.016080,3.172460,0.378894,b2,false,3.190133,west
-0.824718,-2.040448,-0.521940,b0,true,-0.459636,south
0.184005,1.684989,1.040180,b2,true,2.406221,south
0.214439,0.056263,2.419080,b1,false,4.538030,south
-0.539973,-1.217839,0.948075,b0,false,0.934437,east
-0.441574,-0.048768,-1.493288,b1,true,-0.021045,west
-0.872585,-2.805898,0.157682,b0,false,-1.236700,north
-0.398658,-1.607273,-0.939810,b2,true,-2.468911,west
0.567803,1.913432,0.184869,b1,true,1.138415,west
-0.574755,-0.846173,0.603805,b2,false,0.328309,south
0.089727,-0.144875,-0.274278,b2,false,0.061278,north
-0.307210,-0.330444,-0.880063,b0,false,-0.969870,west
-1.088152,-2.289866,-0.880249,b0,false,-1.403496,north
-0.529920,-0.808029,-0.387904,b1,false,-0.233690,south
1.104534,1.768878,-0.599402,b2,false,-1.345566,east
2.070662,2.669574,1.276838,b0,false,3.077283,east
-0.248529,0.269526,-1.343556,b0,false,-1.195293,south
-0.595290,-1.215157,0.424958,b2,true,-0.804427,north
-2.454309,-2.727933,-0.918026,b2,true,-1.702053,south
1.373474,2.113895,-0.410917,b1,true,1.074942,south
0.902909,2.313139,-0.492224,b2,false,0.511658,south
-0.352911,-0.673592,0.456054,b0,true,0.014059,west
-0.319294,-0.033910,-0.059765,b1,true,0.752583,south
0.585828,0.910212,-1.697245,b1,true,0.463153,east
0.353149,-0.705727,1.137645,b0,false,1.709885,south
0.430876,-0.356775,0.105751,b1,false,0.262823,west
2.164588,2.923108,0.822880,b1,true,3.724354,west
1.210816,3.657438,1.670574,b2,false,2.370686,south
-1.087107,-6.796394,-0.918391,b2,false,-0.823246,south
0.708136,1.251722,2.025375,b1,true,6.360169,west
-1.618752,-2.670602,-1.523623,b0,false,-4.199538,east
0.318632,-0.864275,0.769246,b0,false,0.839445,north
0.866469,0.651478,-1.037950,b0,true,0.034246,east
-0.911247,-1.439906,1.464346,b1,false,1.891650,south
-0.171306,-0.035814,-0.399074,b2,true,-0.370389,north
0.621540,0.771501,0.549372,b0,true,2.923905,east
0.235459,1.741833,1.804232,b0,true,2.913797,north
0.115890,0.183021,1.274496,b0,false,0.226742,east
1.366968,1.154333,-0.378104,b2,true,0.148311,west
-0.699018,-1.236577,-0.583687,b0,false,-1.311146,north
1.147142,0.690476,-0.963903,b2,false,2.093543,north
0.228345,0.417750,0.853777,b1,true,2.904267,north
0.687797,1.096366,0.048780,b2,true,0.874969,south
-1.108851,-1.850970,0.527456,b2,true,0.163878,east
0.436677,0.037351,-0.057556,b0,false,1.571588,north
-0.312415,-0.672746,1.337092,b0,true,2.087888,north
1.622677,2.939036,0.168308,b1,true,3.793909,west
0.656387,2.380719,1.761685,b1,true,4.733103,west
-0.960674,-0.305631,0.733967,b1,true,1.386802,south
-0.069858,0.819077,0.510687,b2,false,-0.128591,east
-1.758280,-2.989673,-0.048206,b1,false,-3.957926,north
-0.931469,-0.196065,-0.451888,b0,false,-2.012838,south
-0.458891,0.432378,-0.853899,b2,true,-2.132619,east
0.011414,-0.570532,0.098901,b1,true,0.834077,west
0.670048,1.518159,0.575233,b2,true,1.498196,south
1.469223,1.711380,-0.330601,b0,false,2.231926,east
0.772875,1.548538,-1.452231,b1,false,-3.156373,east
-0.586822,-1.800048,0.203720,b2,true,1.119124,west
0.378007,-1.548079,1.279104,b1,false,0.908162,west
-0.241050,0.791615,-0.721862,b1,true,-0.456165,east
-1.405758,-4.061060,1.488809,b1,true,2.752162,west
1.473644,2.211244,0.419415,b2,false,2.729349,west
-0.590367,-2.109890,-1.206800,b2,false,-1.269587,south
0.667553,2.125602,-0.892070,b2,false,-0.178691,west
0.243133,1.106049,1.762162,b0,false,1.490437,east
-0.067792,-0.328526,-0.141332,b2,true,1.305852,south
0.435115,0.625071,2.382021,b2,true,1.749692,north
2.395771,4.104466,-1.165911,b0,false,0.688958,north
-0.070203,-0.499366,1.267743,b0,false,0.303620,west
0.461687,-0.016819,0.631413,b0,true,-0.951286,east
-1.368175,-1.135725,1.359571,b2,false,-1.891298,east
1.276036,0.584284,-0.555757,b2,true,0.263735,west
-0.716049,-1.842675,1.387015,b2,false,0.011023,north
1.136873,3.695934,-0.836420,b2,true,0.293332,north
-0.637225,-1.024423,-0.133189,b2,false,-0.789574,west
0.543784,0.782282,2.277723,b2,true,4.271267,west
-0.379975,-0.326249,-1.502144,b0,false,-3.537811,west
0.786124,2.520158,-1.366158,b1,true,2.134261,east
1.310753,0.831524,0.197949,b0,false,2.545208,west
1.108147,0.971446,-0.065329,b0,true,1.488608,north
-0.809873,-2.130537,-0.394636,b1,true,1.555680,north
-0.222431,-1.175384,0.851775,b1,false,-0.819678,west
-0.877295,-1.104192,-0.942009,b2,false,-2.541161,north
1.223413,3.021538,-1.307346,b0,true,0.147323,south
1.408288,0.400246,-0.374357,b1,false,0.942359,south
1.650958,1.295262,-0.536115,b2,true,-0.040388,north
-0.653925,-2.485860,2.639172,b2,false,2.521986,east
1.178107,2.363614,0.312368,b0,false,0.677021,south
-1.131699,-2.438295,-0.537027,b2,false,-2.053681,south
-0.506009,-1.283375,1.082105,b0,true,-0.878805,north
0.410076,-0.396568,-0.363048,b2,false,1.207763,north
0.441054,-0.203347,0.683221,b0,false,1.616265,east
0.600005,0.609380,-0.296872,b1,false,1.012639,west
-0.256250,-0.791989,-0.067186,b2,false,-1.523869,east
-0.027700,-0.938254,-0.601473,b2,false,-0.236452,west
-0.057507,-2.038418,-0.269863,b1,true,0.920204,east
-0.216819,-0.685910,-1.371967,b2,false,-1.319199,south
2.007092,3.914294,0.443998,b0,false,3.008849,east
0.834657,0.464428,-0.066643,b0,true,0.274252,south
0.151712,-0.624053,-0.458891,b2,false,-1.281668,east
0.092442,-1.822026,0.695783,b0,true,2.344799,west
0.696617,1.776629,-0.048522,b2,true,0.521911,north
-1.357570,-1.580994,-1.172702,b2,false,-3.603986,south
-1.994619,-3.055138,0.592814,b1,false,-0.467874,north
0.675909,2.739825,0.302933,b1,true,2.798823,north
-0.539702,-0.628873,-0.304417,b0,false,-0.760563,west
-0.211201,-0.290200,-0.266506,b0,false,-0.285119,south
-1.290780,-0.957793,-1.567894,b1,false,-3.669645,north
-0.059312,1.647937,0.795087,b2,false,-0.600039,east
0.628219,-0.004942,0.981604,b1,false,0.834886,south
0.824344,1.183828,-0.287667,b0,true,0.921946,south
-0.471948,-0.896133,-1.654740,b2,false,-2.042548,east
1.239727,2.387010,0.139325,b1,true,5.396492,south
-0.236763,1.238218,1.004233,b1,false,1.082751,south
0.494352,1.603272,-1.476005,b2,false,-0.763220,south
-1.364818,-1.855638,-0.333465,b1,false,-2.070039,west
0.540251,1.608153,0.017177,b2,true,-1.057959,east
-0.369858,-1.231401,-0.212103,b2,false,-0.824032,east
0.175978,1.064245,-0.508270,b0,false,-2.393407,west
-0.927827,-1.842769,-1.514116,b2,false,-2.590403,east
-0.419368,-2.298440,-1.648843,b0,false,-3.525298,south
-0.809738,-2.165704,1.353202,b2,false,-0.868162,south
-0.547073,-0.083386,-0.661929,b1,false,-1.461480,south
0.411769,1.369623,0.303083,b2,false,-0.128446,south
-1.862065,-3.691360,-0.733142,b1,false,-4.261461,east
0.582423,-0.383867,-1.216089,b1,true,-0.438221,south
-0.605997,-0.571268,0.595829,b2,true,0.718669,west
0.703269,0.442676,0.685828,b0,true,0.829373,west
-0.474440,0.419943,0.126748,b0,true,-0.711330,east
-0.086887,1.417728,1.652160,b0,false,2.617205,north
-0.352351,-0.405813,-0.219359,b2,true,0.493837,south
0.248150,0.097541,-0.318561,b0,false,0.372333,west
0.031619,-0.154302,-1.068434,b2,true,-0.623281,north
-0.880842,-2.149791,1.169708,b1,true,1.702471,south
-2.315375,-2.035609,0.548608,b2,false,-3.079007,east
-1.308005,-1.345620,0.135778,b0,true,-1.558168,north
0.532350,1.302841,0.852781,b2,false,2.136827,south
0.157389,-0.081906,0.115018,b1,false,0.411920,south
1.335714,2.878882,-0.332691,b1,true,3.609511,east
-0.084687,-0.383902,0.862284,b1,true,3.681928,east
-1.066497,-1.563705,-0.027148,b2,true,-1.654162,west
0.801674,0.992016,-0.328503,b0,true,0.457903,north
-0.047280,-0.123178,-0.757470,b1,false,-1.042968,east
-1.470143,-2.002304,-2.121470,b0,false,-4.326679,south
-1.309778,-2.688292,0.585116,b1,true,2.559988,east
0.687238,1.557725,-0.940313,b1,false,0.145440,west
-1.565324,-1.398092,0.935736,b1,true,0.144878,south
0.661208,1.726913,-0.494030,b1,false,1.319074,east
0.109889,1.902792,0.776687,b1,false,-0.317266,east
-0.338391,-1.335874,-1.401351,b1,true,-1.395185,east
0.128170,0.091420,-0.846253,b2,true,-0.843389,south
-0.407117,-0.775483,-0.062987,b2,true,-0.015016,north
0.706365,1.363559,-1.017651,b2,true,-0.746797,east
0.090182,-1.514378,-0.929235,b0,false,-0.313700,south
0.235123,1.181178,-0.579606,b2,true,-1.086970,east
-1.724842,-3.647444,0.239908,b2,true,-2.568958,west
-0.220075,0.290107,0.406027,b0,false,1.557504,east
-0.578493,-1.060960,1.120227,b2,false,2.204649,south
0.538269,1.466668,0.211026,b0,true,1.247506,south
-0.817055,-2.543841,3.079938,b0,true,2.599767,east
0.626915,1.726426,-0.894343,b1,false,-0.808062,west
-0.651010,-0.273101,-2.211540,b2,true,-4.433723,north
-0.089111,-1.320285,-0.336652,b1,true,0.061134,south
-0.725632,-0.433067,0.637800,b0,true,-1.168751,south
1.300816,1.557961,0.745502,b1,true,5.572019,west
0.439217,0.473433,-1.671559,b0,true,-1.484376,north
-1.466037,-2.635266,-1.320786,b1,true,-2.159435,north
0.666368,1.494917,-1.011319,b2,false,-0.974844,west
-0.943955,-0.184818,-0.415779,b2,false,-0.917303,south
-0.108736,-0.977334,-1.015930,b0,false,-1.344890,north
-0.340835,-2.063629,-0.230994,b1,false,-1.530209,east
-0.420053,1.236797,0.377865,b2,false,-1.828145,east
0.129689,1.704139,1.248538,b0,true,0.474878,west
0.969394,2.377088,-0.469931,b1,false,1.039600,east
0.126549,-0.533836,-1.326204,b1,true,0.011621,east
0.953553,2.825306,-1.001440,b1,false,-2.192749,south
-0.096949,0.615661,-1.420824,b2,true,-1.513583,north
-0.096090,0.633279,-0.100666,b0,true,-1.323423,north
0.027863,0.001459,-0.299534,b0,true,0.346793,west
0.747560,1.995598,0.020857,b2,false,2.232629,west
-0.293639,0.329958,-0.782612,b1,true,0.604118,north
0.656002,1.117167,0.429489,b2,true,-0.426400,west
-1.354336,-1.739561,-0.929428,b2,true,-0.899035,east
-0.462671,-1.468334,0.540299,b0,false,0.169256,north
-0.005179,-0.253605,-0.942604,b0,false,-0.899543,south
0.300881,-0.494528,1.151226,b1,false,3.032504,north
1.210961,1.558815,-2.293263,b0,true,-0.726608,north
-1.513971,-3.292662,1.272850,b1,false,-1.186897,north
0.901221,0.081495,0.081079,b0,false,-0.876455,north
-1.292681,-2.863891,0.373720,b2,true,-0.840698,south
-1.004116,-1.957158,1.181257,b1,true,1.957152,east
0.241085,2.006287,-1.278255,b2,true,-0.891921,west
-1.081192,-0.202678,1.726822,b1,false,-0.538756,north
0.992770,-1.251247,-0.529785,b2,true,-0.846349,south
0.680036,0.876498,1.983208,b2,true,3.272375,west
-1.286270,-1.095684,0.824176,b1,true,1.028947,south
-1.905687,-1.879439,-0.818322,b1,true,-0.742979,south
1.061001,1.684981,0.205163,b2,true,1.194690,east
-0.663129,-0.968029,-1.524768,b1,true,-1.211926,east
0.345109,1.877619,0.334669,b2,false,0.689009,south
-1.332121,-3.955370,0.013315,b1,true,1.377582,north
-0.946690,-1.635262,0.332484,b2,true,-1.735873,south
0.757734,1.172093,0.034150,b1,true,1.155170,east
0.345211,0.657145,0.897571,b1,false,2.251187,west
1.889042,3.102141,0.452465,b1,true,5.579109,north
2.318056,4.798317,-1.457596,b1,false,0.557131,north
-0.986587,-0.623786,0.934941,b1,false,-0.285364,west
0.934265,2.303838,1.025107,b0,true,1.676139,west
-0.596205,-0.820283,1.087825,b2,true,1.315558,west
0.069962,-0.246968,0.366389,b0,false,1.852796,east
0.645267,-0.202342,-1.267788,b0,true,-1.533291,north
-0.583409,-0.848642,-1.931748,b0,true,-5.176189,east
-0.774055,-1.474079,0.653531,b1,false,-0.393514,south
-0.148146,-0.396924,-0.935878,b1,false,0.155829,west
-0.506106,-2.129535,0.504264,b1,true,2.474128,east
-0.746994,-0.597325,-0.296125,b1,true,2.805374,south
1.197087,2.128393,1.723879,b0,true,3.060191,east
0.144683,0.409731,-0.346290,b0,false,0.626702,east
-0.256933,-1.155030,0.248824,b2,true,-0.690136,south
-1.287743,-2.332573,0.846434,b2,true,-0.384813,south
0.158228,-1.421695,-1.244531,b1,false,-1.327214,north
-1.453398,-1.482351,-0.360996,b2,true,-3.738848,east
-2.500495,-4.704308,-0.048698,b0,false,-1.319426,south
0.162362,-1.274658,-0.061767,b2,false,-0.265365,south
-1.391121,-1.300184,-0.619631,b2,true,-1.854319,north
-0.213549,0.225820,-1.452339,b0,true,-2.056321,east
0.785402,1.267014,-0.817829,b2,true,-0.901554,north
-1.709098,-1.753772,0.847341,b0,false,-1.755017,west
1.530838,3.060609,0.080146,b2,false,0.909903,east
-0.291237,0.266729,-0.781582,b1,true,1.901818,west
-1.750288,-1.794744,-0.929027,b0,true,-3.741544,north
1.100156,1.098766,-0.024170,b0,true,1.951277,east
0.849627,0.612368,-1.157922,b1,true,2.868447,west
0.113174,-0.282892,-0.641946,b2,true,-1.035959,west
0.056234,-1.015262,-1.511158,b0,true,-1.587596,east
0.389097,0.709923,-0.022625,b1,true,3.126304,south
-0.276714,-1.895592,-0.124383,b0,true,-0.309985,south
1.240155,2.744412,0.837780,b2,true,2.344182,south
1.128417,-0.024357,-1.457147,b2,true,0.197542,east
-0.911593,0.300295,0.457036,b2,true,1.227247,west
-0.083138,-0.919569,1.078655,b2,false,0.835061,south
0.447023,3.265695,0.828356,b2,false,1.042708,west
-0.360157,-0.790467,-0.160501,b0,true,1.463814,south
0.522048,1.216934,-0.548537,b1,true,2.419930,east
0.686808,0.440430,-0.908005,b1,true,2.557529,west
-1.638081,-3.942748,-1.758725,b1,true,-0.154557,north
-0.237404,0.809371,0.268829,b2,true,-0.752787,south
1.025005,3.177216,-0.453264,b1,true,3.584190,north
-0.102416,0.458056,-0.861766,b1,true,-0.390393,east
0.863313,1.713572,-1.040555,b0,true,1.029602,west
0.319678,0.827352,-0.922037,b2,true,-2.524681,west
0.823730,1.956557,-0.340801,b2,true,-0.445619,east
0.769521,0.220288,0.953622,b2,false,1.393220,west
-0.649301,-0.494232,-1.869895,b0,true,-2.363023,east
2.361310,3.599670,0.635216,b0,true,2.314470,south
1.054841,1.194232,-0.793806,b0,false,-0.478613,west
0.818749,0.604932,-2.375535,b0,true,-2.054516,south
1.521737,2.335603,0.328064,b0,true,3.572742,south
-1.053066,-2.288191,-0.708405,b2,false,-1.683362,north
-1.208401,-1.193029,-0.488849,b2,false,-0.279276,west
0.172597,-0.636539,1.017296,b1,false,1.055195,east
1.663983,0.637894,-0.417570,b0,false,1.822889,west
-1.265477,-4.955061,-0.364203,b0,false,-2.740330,south
-0.101462,1.139403,0.474574,b1,false,0.702985,north
0.080842,-1.206709,-1.061028,b0,true,-0.095676,west
0.412650,-1.531613,0.403099,b1,true,2.092247,east
-1.147967,-2.251592,-1.539121,b2,false,-2.604852,south
-0.197423,-1.067984,1.025774,b2,false,2.665942,south
-0.199050,-0.892707,1.411648,b1,true,2.063124,south
1.381837,2.719319,0.647631,b1,true,3.914400,south
0.206227,-0.387071,-1.293395,b2,false,-0.931371,north
-0.716179,-0.949307,-0.931874,b1,true,0.162540,east
-1.425814,-1.164560,-0.822753,b2,false,-1.959281,north
1.194825,3.259687,0.228699,b1,false,2.350078,east
-0.208623,2.265992,-0.231086,b0,false,-0.323444,south
0.907419,0.252770,0.640902,b2,true,1.976656,east
-0.015282,-1.433768,-0.325510,b0,false,-2.363887,east
0.568268,1.230581,-0.115779,b1,true,2.550626,south
0.115309,0.659898,0.712156,b1,false,0.760386,east
-1.686087,-2.041284,1.553021,b0,true,-0.014494,west
1.319917,1.778662,-0.038718,b1,true,3.648899,north
-0.695996,-1.419594,-0.466046,b1,true,1.743635,west
0.269311,1.709946,0.111708,b0,true,0.235082,west
-2.280224,-3.382823,-0.537756,b1,false,-3.445905,west
0.552129,-0.017146,0.173391,b1,false,1.555555,north
0.854247,0.237713,0.926135,b0,false,2.835009,south
1.003537,1.604041,-0.322559,b0,false,-0.591878,south
0.837597,2.368476,0.384926,b2,true,1.441720,west
-1.538616,-2.616776,0.690122,b0,false,-2.522858,east
-1.783348,-4.392593,2.427456,b2,true,0.212924,south
1.069300,3.369180,-1.438399,b0,false,0.441737,east
-0.303219,-0.736776,0.101174,b2,false,-0.163950,south
0.585490,0.814834,-0.652314,b1,true,1.585348,south
0.152633,-0.303836,-0.905070,b2,true,-0.182205,north
-0.400074,-1.288068,0.775454,b0,true,-1.475911,west
-0.442069,-1.138457,1.176529,b1,true,2.498799,north
1.441290,1.903693,0.751278,b1,true,5.195846,west
-1.089511,-1.114973,-1.397814,b2,false,-2.521907,south
-1.249104,-3.214540,0.647184,b2,false,-0.439305,north
0.961195,0.287582,0.995773,b0,false,-0.618939,south
0.278683,-0.009527,-0.257161,b2,true,0.197376,west
0.372905,0.239027,1.312939,b0,false,2.091675,south
0.141767,0.061460,-0.580587,b2,true,-0.729025,north
0.471204,1.617776,-0.867965,b2,true,-0.714649,south
0.077202,0.866081,0.245405,b1,true,2.325369,west
0.622286,0.479722,0.083356,b2,false,-0.752858,north
0.956581,2.312940,-1.065185,b2,false,0.357460,west
-1.452233,-2.513353,-0.538345,b2,true,-3.670054,east
-0.229901,-1.062204,0.597002,b1,true,2.260438,north
0.545758,0.330975,-0.092704,b0,false,1.682334,east
0.856273,0.910233,0.139844,b1,true,4.126504,south
-1.063728,-2.914423,-0.511575,b2,true,-1.331842,north
0.798340,0.737512,1.858521,b0,true,2.408831,west
0.593309,0.078974,-0.967571,b2,true,-1.255576,north
0.689192,2.167688,-0.920888,b1,false,-0.892925,north
0.184881,0.150816,-0.231119,b0,false,1.981601,east
1.862652,2.015232,-0.708772,b1,true,3.432839,east
-0.399728,-1.234280,-2.066015,b1,true,0.622995,west
-0.061722,-1.347719,1.421044,b1,true,4.624184,south
0.001942,-1.048660,0.510975,b0,true,-0.280385,west
-0.422576,-1.675360,-1.010829,b0,true,-0.979204,east
-0.071712,-1.024146,0.625828,b1,true,2.580090,west
2.356278,2.556187,0.858460,b2,true,3.729138,north
0.863179,0.184119,0.173212,b0,false,0.089944,west
-1.032207,-0.248141,-0.325273,b1,true,-1.032577,east
-0.206963,-0.176766,-0.000501,b2,false,-0.161514,north
0.243716,0.054307,-1.018679,b0,true,-0.199625,west
-0.976695,-1.066782,-1.215819,b0,false,-1.696766,north
0.014339,0.215470,-0.178548,b0,false,1.177094,west
1.295886,3.674977,0.330287,b1,true,4.180218,south
0.266926,-0.221385,0.879357,b1,false,2.005197,west
0.469121,0.476413,0.352931,b0,false,1.176000,north
-0.881378,-2.549445,-0.309079,b1,false,-0.971077,west
-0.977222,-1.388779,-0.313644,b1,true,0.273336,south
1.962078,2.668129,0.079360,b2,true,2.724966,south
1.116199,2.760049,-1.517916,b2,true,0.057434,west
1.200037,1.293874,-0.532937,b1,false,0.359775,north
-0.168187,1.127467,1.368907,b2,true,0.813257,south
-0.363399,-1.690292,2.053018,b1,false,0.788302,east
0.277347,-0.510364,-2.036730,b0,true,-1.573005,north
-0.999583,-1.012492,-0.420473,b2,false,-2.608907,south
1.702698,1.533484,-0.389720,b0,false,1.393785,east
0.761120,-0.989667,-0.025981,b0,false,0.211993,north
-1.160515,-2.716817,-0.625733,b2,false,-3.295587,east
0.807703,3.012488,-0.693484,b2,false,0.368384,east
-0.813080,-1.929588,1.847244,b2,true,0.086847,north
1.112753,2.545376,0.633157,b2,false,1.866452,east
-0.925325,-2.598539,-1.188659,b2,false,-2.655488,north
-2.497539,-3.461808,1.606950,b1,false,-2.702205,east
0.680183,2.004975,-0.605729,b1,true,2.131398,north
-0.734171,-0.593595,0.689886,b0,false,-0.329488,west
2.082492,3.112134,-1.600294,b0,true,0.734781,east
-1.319323,-2.277582,-0.097838,b0,false,-3.482312,east
-0.414749,0.716154,-0.154109,b1,false,-1.251430,west
0.548275,-0.822841,-2.275228,b0,true,-3.134039,west
0.706630,-0.054072,-2.308928,b2,false,-1.666651,west
-0.951059,-0.085498,-0.105254,b0,true,-1.133777,west
1.549108,4.586710,-0.444543,b2,true,2.295074,north
-0.709012,-1.492770,1.315024,b0,true,0.173927,east
-1.912674,-2.566717,-0.428888,b2,false,-3.218144,west
0.236431,-0.770269,0.330146,b2,true,2.785411,east
-1.139264,-2.519792,1.135540,b2,false,0.092697,north
0.451121,0.468290,0.664156,b0,true,0.647646,south
0.196990,0.126841,0.276795,b1,true,3.482539,south
-2.031757,-2.049133,1.037756,b1,true,0.438466,north
1.386317,1.042979,0.954557,b2,true,1.052651,west
2.308733,2.872937,-0.255034,b1,true,4.832581,west
0.389112,0.066954,0.461486,b2,false,1.099287,south
-0.065880,0.108214,0.946785,b0,true,1.421634,west
-1.852904,-3.365965,-0.127861,b0,true,-1.501457,south
1.057766,1.901833,0.631596,b1,true,4.152023,west
1.000251,2.834107,-0.327764,b0,false,-0.404557,south
-0.280654,0.339417,1.071566,b0,true,1.769944,north
0.422896,2.139941,0.040281,b0,false,1.757471,south
0.249082,1.077763,-0.042972,b2,false,-0.315824,west
1.894334,1.907019,0.866125,b1,true,6.125472,south
0.625820,1.585056,0.309835,b1,false,2.122051,south
-0.626595,-1.590973,-0.729127,b2,false,-0.908578,north
-1.148136,-3.298466,-0.774062,b1,false,-0.802930,south
-1.142359,-1.765317,-1.088550,b2,false,-1.329923,east
1.094968,0.559552,-0.972900,b1,false,0.334722,west
-0.504557,-1.876776,-0.319331,b0,true,-0.166712,west
0.560653,0.877812,-0.088807,b0,true,1.015342,west
0.169204,-2.586752,-0.495600,b2,true,0.827695,east
1.318596,2.972447,1.346406,b0,false,2.427239,north
0.486911,1.651243,-1.504571,b2,true,-0.391942,north
0.508530,-0.165453,1.254497,b1,true,3.083241,east
-1.417248,-2.513566,-0.091756,b0,false,-1.043248,south
1.808376,4.431275,-1.825743,b2,false,1.253651,west
-0.821027,-2.782740,-0.154914,b0,false,-3.553754,north
0.914995,1.534394,-0.232295,b0,true,0.238483,east
-1.138703,-2.633608,0.435589,b2,true,-0.007879,east
-0.244895,1.084450,-0.190585,b1,true,2.246143,east
0.223659,2.421769,0.024787,b0,true,0.683360,north
-0.177844,0.246419,1.030681,b1,true,1.008316,east
1.562634,1.289774,0.687747,b0,false,2.781907,west
0.956887,2.455555,0.510022,b1,true,5.174391,west
-0.110077,-0.935459,-0.954012,b2,true,-0.782651,north
-1.489198,-4.302251,1.493350,b1,false,0.037825,south
0.842809,0.364485,-0.626492,b1,false,-0.065497,south
0.580008,0.292366,0.798830,b2,true,0.705253,north
1.055232,1.810404,-0.453283,b2,true,1.094049,west
0.878022,0.818907,-1.379291,b2,false,-0.899609,north
1.120948,2.124226,0.149743,b1,false,-0.030866,south
-0.599219,-1.443242,0.127865,b1,true,0.126688,west
-0.037466,-1.696918,2.197735,b0,false,3.173072,east
0.470865,1.437578,-0.351681,b2,false,0.136968,south
2.519767,2.367004,0.458012,b0,false,4.013314,west
1.197115,1.460990,0.801141,b0,false,2.421583,north
-0.063786,-1.934800,-0.576996,b1,false,-1.330444,south
0.595057,0.978077,-1.108766,b2,true,-1.181023,west
0.775515,0.991267,-1.518506,b0,false,-0.845961,south
-0.312821,1.159684,0.794433,b1,false,-1.162641,west
0.211049,-0.720720,-1.581691,b0,true,-1.822959,north
-1.371302,-1.690203,-0.826996,b0,true,-2.441216,west
0.242798,-1.277625,0.057618,b0,true,1.483371,east
-0.685168,-1.340080,2.020777,b2,false,1.285673,south
0.726528,0.494406,0.248749,b1,false,0.568310,north
-1.349231,-1.186405,0.703942,b0,true,-0.213216,east
-0.300303,-0.345913,-0.951426,b1,false,0.128125,west
1.002618,1.411289,0.995663,b1,false,4.313683,west
0.139542,-1.620204,2.709281,b2,true,1.301375,north
-1.342653,-2.782140,-0.119116,b0,false,-1.430986,east
1.916302,3.456353,0.413191,b0,true,3.283172,east
0.473959,1.768740,0.807739,b2,false,1.620480,west
0.120696,2.706700,-0.517992,b1,true,1.639411,south
-0.207728,-0.299556,-0.128009,b1,false,0.033168,west
-0.251018,-1.075715,1.014224,b2,false,2.513899,east
0.980939,0.552175,0.027384,b2,true,1.556298,west
-0.798646,0.008602,-0.217833,b1,false,-1.158375,south
0.302081,1.520366,-0.865540,b2,false,-1.194594,east
0.732166,0.878754,-1.403414,b1,false,2.476620,east
1.273249,2.532504,1.503788,b0,true,2.652134,west
0.820055,0.871993,-0.072697,b0,true,-0.376025,south
0.560761,2.146592,0.377277,b1,true,3.441187,west
-1.256359,-2.899388,-1.596187,b0,true,-2.870687,north
0.601218,0.210956,-1.288345,b2,true,-1.070069,north
-0.518112,0.264415,-1.283277,b0,false,-1.717658,north
0.771702,0.738544,0.550152,b2,false,1.609830,west
-0.669119,-1.539856,0.726745,b1,false,-0.863345,west
-0.510372,-0.283080,-0.682238,b1,true,1.194383,south
2.274635,3.192513,0.995761,b0,true,2.687083,south
1.336760,2.853219,0.925253,b2,false,3.070167,east
0.097065,-0.883202,-1.924923,b0,true,-1.844910,east
-0.630924,-0.490630,1.915371,b0,false,0.584150,west
0.062997,0.425845,-0.707533,b0,false,1.029734,east
-1.482183,-1.929021,-1.775295,b2,true,-3.972809,south
0.276304,-0.638664,-0.099005,b1,true,1.780843,west
0.012591,-0.304483,1.405437,b0,false,2.917796,west
0.426488,0.145209,-2.569808,b0,false,-1.346779,south
1.981023,3.423514,-0.060188,b2,true,3.970588,north
-1.154353,-2.267588,0.169391,b2,false,-1.224563,north
-0.142099,-0.798237,-0.266420,b1,true,1.607035,north
-0.113161,-2.175663,1.409875,b1,false,0.919352,north
0.513338,-0.576371,-0.896964,b1,true,1.688378,west
-0.135048,-1.151232,-1.630655,b0,false,-1.497924,west
-0.459133,-1.458857,-1.893355,b2,true,-1.899368,east
-1.067603,-1.168295,1.088495,b1,true,1.634198,north
0.226047,-1.875023,-1.098436,b1,false,-0.613060,north
-0.150025,-0.836357,-0.893263,b1,true,1.958156,east
-1.152328,0.088014,-0.090701,b1,true,0.286515,west
-0.070171,0.886266,-1.193106,b1,true,1.186059,north
-0.835603,-1.327566,-0.813544,b2,false,-2.398570,south
0.825095,1.906425,-1.964567,b0,false,-0.975328,south
0.861274,0.836090,-0.772248,b0,true,0.150651,south
-2.227936,-2.476557,-0.246034,b2,true,-4.129962,north
0.288243,-0.441513,1.842467,b2,true,2.403041,north
-1.399989,-0.116137,-1.748087,b1,true,-2.395524,west
1.673392,2.242938,1.072242,b1,true,5.486554,east
-1.397652,-4.530974,0.910720,b1,true,0.489016,west
-1.014303,-1.249164,-0.707528,b2,false,-1.433240,west
0.927030,-0.055506,-0.249033,b1,true,2.281074,east
-0.313367,0.594108,0.308810,b1,false,-0.377974,east
0.291306,-0.250260,-0.469270,b0,true,0.594996,north
0.985271,2.338761,1.337072,b2,false,3.762615,north
-0.224172,-1.255825,0.386151,b1,true,1.570776,north
0.654451,0.078784,-0.459563,b1,true,3.128877,east
-0.557914,-0.078348,-2.271814,b2,true,-4.306371,west
0.230455,0.307429,2.368565,b0,false,0.190309,east
0.049415,0.420464,-1.702561,b0,false,-2.030925,south
-1.380885,-1.971429,0.312159,b0,true,-4.153017,north
0.890422,1.832139,-0.855737,b0,true,-1.434623,south
0.106028,1.310614,-0.662680,b2,false,-0.676997,north
0.146157,0.792546,1.274865,b2,true,2.841951,west
2.209714,2.185149,-0.187825,b0,false,0.325762,north
0.167958,0.677257,0.869943,b1,true,2.821735,east
0.370082,1.996621,0.872970,b2,true,1.566537,south
1.107853,0.239993,-0.636394,b2,true,-0.231907,west
-0.626034,0.221054,-0.601936,b0,true,0.280537,north
-0.874462,-0.793781,0.313097,b1,false,0.308889,north
0.205636,0.058929,0.107201,b0,true,0.881794,south
-1.770265,-1.457794,1.221056,b0,true,-0.475635,west
-0.976515,-1.420347,-0.147413,b0,false,-0.793725,west
0.098101,-0.780729,-0.865919,b2,false,1.594585,south
-0.206860,-1.499873,0.803648,b0,false,-0.157965,east
1.158960,2.424720,1.202236,b0,false,2.386727,east
-1.532178,-3.287368,0.087804,b0,false,0.002361,north
0.058561,-1.153007,0.876606,b0,true,-0.096162,east
0.842523,-0.038613,-0.841894,b0,false,-2.153449,south
-1.892823,-3.201735,-0.931219,b2,false,-2.525891,north
-1.766301,-2.571722,1.179006,b1,true,2.330526,south
-2.836888,-3.450787,-1.372507,b2,true,-4.878999,south
0.890421,0.956248,1.522516,b1,false,2.927092,east
-0.666586,-0.148324,0.889771,b1,false,-2.185376,west
0.175121,-0.569944,-1.515170,b1,false,-1.365487,north
-0.068522,-0.313972,0.499043,b2,true,-0.115334,west
-0.382755,0.461725,1.603173,b1,true,3.866451,west
0.389467,-1.022630,-1.092333,b0,true,-0.601728,south
2.006116,4.309187,0.929240,b0,false,2.660207,west
-0.046102,-1.322133,0.173545,b1,false,-1.413863,east
-1.586963,-3.965434,-1.186061,b1,false,-3.949624,north
-0.783533,-1.853941,-0.001763,b0,false,-0.219968,east
-0.398418,-0.181726,-0.192649,b1,false,-1.816071,west
0.078396,-0.551110,1.774616,b2,true,0.433947,east
0.746734,2.552064,-0.817017,b2,true,2.245081,north
1.065392,1.516798,0.091056,b2,true,2.038056,west
-0.718225,-2.096978,0.317476,b0,true,-1.138222,west
0.635218,2.360759,0.574475,b1,false,0.370983,east
0.550963,0.032625,-0.089920,b2,false,1.769623,east
-1.351863,-0.599634,2.993408,b0,false,1.002875,north
0.050039,0.894977,-0.113757,b0,false,-0.899289,south
0.754753,0.673801,-0.546046,b0,false,2.259332,west
-1.730292,-2.693237,1.104984,b0,false,-0.670196,east
1.219363,2.803330,-1.610894,b1,false,-1.448056,south
0.021708,-0.071855,-1.603520,b0,true,-1.629470,east
-0.383981,-1.632151,-0.968587,b1,true,0.995556,south
0.089686,-0.312619,-0.718269,b2,false,-0.071356,east
-1.273239,-0.298089,-1.253794,b1,false,-1.699393,north
0.281328,-0.924727,-0.231135,b2,true,-0.040863,south
-0.708357,-0.395240,-0.574446,b0,false,-1.643779,east
0.387773,2.198380,0.220821,b2,true,-0.220340,east
0.551019,1.580348,0.433102,b2,true,-1.502852,west
-0.676762,-2.043212,-0.576488,b2,true,-0.713459,south
-0.018480,-0.838139,0.362128,b2,false,1.937371,west
0.951534,1.881569,0.279026,b2,false,1.033747,west
0.885212,2.131712,-0.321007,b2,false,-0.251569,south
-1.202168,-0.923497,-0.387848,b0,false,-2.008933,south
0.343206,0.233470,-0.791386,b0,false,0.713187,west
-0.183239,-1.626743,-0.379970,b1,false,-1.266981,south
-0.664655,-0.553387,0.206016,b2,false,0.370353,north
0.585086,0.149182,-0.751190,b0,true,1.898948,west
-1.824981,-4.225725,-0.559682,b2,true,-2.723374,east
0.029185,0.215254,-0.846474,b0,true,-0.939270,north
-1.192695,-2.708687,-1.232423,b2,true,-2.518941,north
0.492565,0.880829,0.748623,b1,false,1.536403,east
-0.689771,-1.291636,0.762319,b2,true,0.831553,south
-0.759439,-0.159196,0.567886,b1,true,0.326637,west
0.657112,3.014267,1.554317,b2,true,3.152240,north
0.017926,1.685292,-0.041797,b2,true,0.930129,west
1.434603,2.232938,0.287407,b2,true,0.481729,north
0.173374,0.643848,0.742206,b2,true,1.049425,west
1.383225,1.551979,0.807478,b0,false,3.074033,south
-0.567801,-0.089435,0.307180,b1,false,-0.083911,south
1.514486,3.222238,1.018148,b0,true,3.163061,north
-0.805651,-0.122793,-1.087491,b2,false,-3.075834,west
-0.235561,0.685131,2.218622,b0,false,0.544874,east
-0.188196,-0.605105,0.131426,b1,true,3.496106,south
-1.355300,-1.483480,-0.628180,b0,true,-1.368383,east
-0.038901,2.356379,-0.282764,b1,false,-1.818272,east
0.373620,0.187142,-1.347421,b0,true,0.016501,west
1.451069,2.014381,-0.532441,b0,false,0.406046,east
-0.813903,-0.500620,0.520726,b2,false,0.693381,east
0.470664,1.282964,1.501381,b0,true,1.804463,east
-0.701003,-0.704575,0.107997,b0,false,-0.760137,north
-0.306715,0.087595,0.481546,b0,false,-0.480428,north
0.804958,1.798952,-0.246752,b0,true,0.537522,south
0.263069,0.775071,2.054849,b0,false,1.844067,north
-0.188230,-0.115186,-1.842175,b0,false,-2.712274,east
0.523371,0.968756,1.347452,b1,false,0.712962,north
-1.189631,-1.501824,-0.948376,b0,true,-0.901641,east
0.022319,0.235554,-1.539272,b1,false,-1.738815,west
-0.137741,-2.114754,-0.016532,b2,false,0.229938,west
-0.918432,-1.651562,0.851243,b1,true,1.588726,east
0.385280,0.407119,-1.398545,b2,false,-1.989054,east
0.053529,-1.517530,0.360292,b2,false,-0.099405,west
-2.036567,-0.432535,-0.387274,b2,false,-1.810689,south
-0.998705,-1.307318,0.565815,b2,false,-0.127476,west
-1.460095,-0.949693,-1.342805,b2,false,-2.280525,south
1.717075,0.787688,-0.291507,b2,false,3.843310,north
-0.116032,-0.158787,-1.720565,b1,false,-1.736004,west
-0.801220,-1.431087,1.601211,b0,true,-0.306926,west
-0.100639,0.008396,-0.939972,b0,true,-2.299587,east
0.032977,-0.068238,-0.445131,b2,false,-0.797323,north
-1.538867,-0.386098,1.958681,b2,true,0.296732,south
-1.268717,-0.560022,-0.562521,b1,true,0.315303,south
-1.601192,-2.968650,0.159530,b2,true,-2.287699,west
-0.340805,-2.251586,-1.283291,b1,true,1.358468,west
2.250832,4.244847,0.426123,b0,true,2.944256,north
-2.087266,-4.095897,1.045218,b1,true,0.153522,west
1.364758,2.604325,1.145808,b2,true,5.465305,north
-0.644254,-0.429901,1.557154,b1,false,-1.500563,east
1.153456,1.889705,-1.409306,b1,true,0.635685,north
0.571049,2.458374,-1.107966,b2,true,0.440758,east
-0.687135,-2.479966,0.071309,b2,false,1.335527,west
-1.080236,-0.908900,1.588510,b0,true,2.055314,south
-1.955361,-2.877628,-2.472169,b1,true,-3.909392,west
-0.141878,-1.031762,0.672153,b0,false,0.611992,east
0.943073,2.721702,0.366891,b1,false,1.826080,west
0.856797,1.743368,1.160044,b2,false,3.812665,west
0.593317,-0.052387,0.106706,b2,true,2.302955,east
-0.859390,-0.200847,-0.274789,b1,true,0.464993,south
-0.787650,-2.985133,-0.103227,b2,false,-0.819975,east
0.542640,1.119373,-0.821810,b0,true,0.502204,north
1.042402,-1.267087,0.639350,b1,false,1.618811,west
0.412416,1.028508,1.617686,b2,false,3.257688,north
0.161302,0.903262,1.379704,b1,true,5.201120,east
-0.037061,-1.743115,0.012795,b0,false,-1.396942,west
1.508037,2.553592,1.763764,b0,true,5.979244,north
-0.363677,0.360467,0.778043,b2,false,0.653371,west
-0.530934,-1.241364,0.147102,b1,false,0.533750,south
-0.001793,-1.558994,-0.052363,b2,false,-0.670355,east
-0.153339,1.055067,0.566344,b1,true,0.784881,south
1.467907,0.224231,0.646087,b0,true,2.630555,north
-1.407540,-1.872118,2.075031,b2,false,1.305717,north
0.319910,1.448956,-1.859267,b0,true,-0.080886,east
0.779084,1.013885,1.378086,b2,false,3.397049,south
0.274637,-0.814951,-0.062382,b0,false,0.767133,east
1.140767,2.678056,0.150536,b0,true,1.513305,south
-0.967110,-0.474608,0.651548,b2,false,-2.047149,south
1.268935,3.443871,2.279802,b2,true,4.060827,south
0.574397,1.520354,-0.336965,b0,true,1.591282,north
-0.764501,-2.480877,1.779045,b1,false,1.057931,south
-0.278837,-2.682449,1.383212,b1,false,0.193987,east
1.511272,1.800500,-0.916643,b1,true,3.089854,north
-0.944826,-2.683723,2.499939,b2,true,2.010547,west
-1.389573,-1.061895,0.629744,b1,true,0.422879,north
-0.946687,-0.377324,1.392228,b2,true,0.189434,west
0.805050,3.041249,0.886806,b1,true,4.131371,north
-1.256760,-2.208667,-0.825123,b0,false,-2.955414,east
1.306751,-0.654346,0.331931,b0,true,2.496475,north
-0.914260,-0.901304,0.232467,b1,false,-2.682111,north
-0.509315,0.061661,0.981939,b2,true,2.368573,south
-0.659500,-1.242540,0.379400,b0,false,-1.976427,west
-0.068073,0.424052,-1.126492,b2,true,-2.081445,west
-0.183447,-0.213257,-0.458150,b2,false,-0.929025,south
1.087250,2.877224,-2.117375,b1,true,0.868275,west
0.088930,-0.275852,-0.216514,b0,true,-0.166216,south
0.828260,1.315042,-0.212936,b0,false,0.791652,south
-0.075035,1.634795,-0.320350,b1,false,-1.369149,east
-0.626922,-0.220146,-0.048419,b2,true,-0.111345,east
0.676443,1.790306,-2.072203,b2,true,-0.175956,south
0.305399,0.598177,0.914935,b0,true,1.101663,east
-0.636282,-2.081160,-1.360927,b2,true,-2.084010,south
1.858976,1.866992,-0.351651,b1,true,3.556957,north
-1.430196,-1.085683,-1.605665,b2,true,-2.282833,west
-0.243361,-0.736984,1.368075,b0,false,-0.306929,north
0.061851,1.582156,0.000832,b2,false,0.785433,east
0.022246,0.296743,0.584114,b0,false,1.873680,west
-2.138942,-2.985026,0.198263,b2,false,-2.431309,east
0.162221,-0.762950,0.016634,b2,true,0.686244,south
-1.029771,-1.808002,2.384407,b2,false,2.626680,east
-0.695734,-0.959431,0.928169,b1,false,-0.186314,west
-1.551732,-2.334060,-0.824306,b0,true,-3.550341,east
0.376044,-0.107131,-0.728835,b2,true,-0.164539,south
0.794017,1.415027,0.715644,b2,true,0.855990,north
0.436580,1.082870,0.543089,b1,false,1.553336,west
0.587059,2.328781,-1.207142,b0,false,-1.037619,south
0.216686,1.447862,0.796530,b0,false,0.464035,north
-0.767140,0.086572,0.570555,b2,false,-0.738980,west
-1.147349,-1.856507,-1.422200,b0,false,-4.227114,west
-0.299057,-0.143611,-0.394046,b2,false,0.383837,south
0.716191,0.722653,-0.070184,b1,false,0.312865,south
-1.109438,-1.076965,1.135188,b1,true,2.200280,west
-0.634807,0.439849,-0.370354,b0,false,-1.603880,west
-0.437513,1.152045,-0.012824,b0,false,-2.791759,north
0.589532,0.291901,-1.352327,b0,false,-1.623371,east
-1.024823,-0.747074,-0.008311,b0,false,-1.729568,east
-0.301274,-1.374290,-1.384817,b1,false,-1.679460,south
-1.634305,-4.874307,-0.159035,b0,false,-0.847278,north
-0.451960,-0.531023,0.665292,b2,true,0.478203,east
0.508116,1.490839,0.167191,b0,true,0.646939,south
-0.043436,0.311682,0.197029,b0,true,1.722453,north
-0.075771,-1.887051,-0.120248,b0,false,0.791682,south
0.893675,1.676853,-0.238427,b2,true,1.470836,west
-0.299585,0.316176,2.457835,b2,false,2.347277,west
-0.368547,-2.181097,0.168868,b2,false,-1.154362,north
0.919785,3.215041,-0.218870,b1,true,3.765030,west
0.904088,-0.347793,0.697275,b2,false,1.643027,west
-0.240355,-2.341098,1.147199,b1,false,1.118879,south
-0.951814,-0.730744,-0.251109,b0,true,0.697401,south
0.829008,-0.455604,-0.293911,b0,true,0.933067,south
-0.246687,-1.670386,-0.184624,b0,false,0.149115,east
-2.675592,-3.051615,0.771799,b0,true,-2.232837,west
0.237011,-1.406582,0.171824,b1,false,0.089247,south
-0.842470,-0.186167,2.167108,b2,false,1.766698,east
-1.843970,-3.179465,2.941271,b0,false,-0.701592,north
0.432180,1.556626,-0.924596,b2,true,-1.133850,east
1.537611,3.646114,-1.455925,b1,true,2.854686,south
-0.219182,-1.588527,-1.274154,b2,false,-0.573140,west
0.660415,2.001304,0.296995,b2,true,0.746566,north
0.891215,1.508559,1.826525,b2,true,1.139291,east
-2.390468,-5.069700,0.376234,b0,true,-2.484717,west
-0.256562,0.229683,1.944201,b2,false,-0.161070,south
-1.292025,-0.503280,-0.460371,b1,false,-2.052941,east
0.961591,0.181050,-0.234063,b1,true,4.590040,east
0.095798,0.311641,-0.558081,b2,true,-0.544061,east
-0.348227,-0.761844,-1.026241,b0,true,-1.559078,south
0.158024,-0.601786,-0.810369,b0,false,-1.155399,south
-1.283658,-2.296187,1.489553,b1,false,-0.625644,south
-0.086251,0.120610,-0.224263,b2,true,0.514149,west
-0.184670,0.166690,-1.477777,b1,true,-0.839034,south
0.983145,0.957314,1.309713,b1,false,2.478474,east
0.519546,1.776269,-0.584095,b1,false,-2.063775,east
-0.299684,0.575314,-1.869575,b2,false,-0.377502,north
-0.931314,-2.118849,0.548363,b2,false,-0.293208,north
-0.640561,-1.037197,0.314086,b1,true,1.259267,west
2.280499,3.357677,-0.252917,b1,true,4.845888,north
0.487382,0.149408,-0.493428,b2,true,1.455022,east
1.402979,0.690131,-0.694660,b1,true,4.999607,south
0.837792,0.777240,-0.193652,b1,true,2.533862,west
0.037390,-1.373684,1.531840,b1,false,2.418439,north
0.662938,0.847739,-0.559991,b0,false,1.273472,west
0.175142,0.168125,-0.982214,b1,false,-1.303243,west
-1.966828,-1.741091,0.003509,b2,true,-3.946961,west
-0.489639,-1.311700,0.069940,b2,false,-0.642235,west
-0.132755,2.156790,0.176566,b0,false,1.518012,south
-0.796412,-2.242785,0.313771,b1,true,-0.468700,east
-0.012856,-0.051356,0.108367,b0,false,-0.863806,south
-1.401364,-2.518361,-0.622147,b1,false,-2.148137,west
1.745903,2.637154,0.859874,b2,true,3.535071,east
0.438472,2.577460,0.333037,b1,true,4.897477,south
-0.597612,-2.119844,-0.749834,b0,false,-1.270181,north
1.275543,2.605627,-0.591282,b2,true,1.034807,west
1.019263,2.366872,-0.082687,b2,false,-1.220772,west
0.357089,-0.552603,-0.387783,b2,false,1.740838,west
-0.167608,0.656591,0.985772,b1,false,1.490465,north
-0.761373,-2.505359,-0.266485,b1,true,-0.686432,north
1.038470,2.122974,-0.433103,b0,false,0.000416,west
-0.198091,-1.840571,-0.273672,b2,true,-0.547259,west
-0.089065,-2.759896,-1.249408,b1,false,-2.553673,south
1.295007,1.652115,0.918002,b1,false,2.067568,north
1.754828,2.509976,-0.089585,b1,false,3.428595,south
-2.582674,-3.100531,0.685618,b2,true,-2.081558,east
0.543985,-0.216163,-0.371911,b2,false,0.922648,east
1.439246,3.171334,0.590661,b0,false,1.656948,north
0.678213,0.051428,-1.480773,b2,false,-0.203936,north
-0.691435,-1.489854,-0.846254,b0,false,-2.640698,south
1.927528,3.273661,-0.518820,b0,false,1.716685,south
1.350768,3.445029,1.244146,b1,false,2.480815,north
-1.033763,-0.930599,0.497861,b2,true,-0.167961,north
-0.108519,0.681706,0.866509,b1,false,0.691205,east
-0.350784,0.307071,0.034602,b2,false,0.623168,west
-1.856855,-4.180692,-1.394222,b0,false,-3.240163,east
0.050612,0.313409,-1.136622,b1,false,-1.647894,east
0.526679,0.575423,-0.295328,b0,true,0.218957,east
-0.763846,-0.121714,0.540378,b1,false,1.631412,north
0.168965,0.416112,0.833111,b2,true,0.931755,east
0.452374,0.917580,-0.028716,b1,false,1.271935,west
-1.502837,-2.397672,-0.266933,b0,true,-1.250511,east
0.661741,0.891036,-0.771607,b0,true,-1.748337,east
-0.403288,-0.851729,-0.896730,b2,true,-1.058564,west
1.309234,3.126195,-0.812579,b2,false,2.250658,north
-0.829461,-1.617733,0.474165,b0,true,-1.688153,west
-0.831072,-0.968526,-0.687042,b0,true,-2.468205,west
0.573967,0.658535,-0.921735,b2,true,-0.540136,east
0.568046,1.191852,-0.450413,b0,false,0.914563,south
-0.239215,-0.458331,0.392839,b0,false,1.236319,west
0.168621,1.052562,0.740924,b2,false,1.712167,north
0.211076,-0.482356,-0.296415,b0,true,0.206313,east
1.449829,3.659125,0.625872,b2,true,2.786083,west
-1.677222,-3.826961,-1.023512,b0,true,-3.086238,west
1.180863,0.966328,-2.098908,b2,true,-1.046058,north
0.177535,2.293287,0.445970,b0,true,0.114389,south
0.281131,0.487229,-1.579252,b1,false,-2.101204,north
-1.103051,-2.739518,-0.599191,b2,false,-1.114099,south
1.067690,2.914765,0.228856,b2,true,1.098932,south
-0.215500,-0.423471,-1.334776,b0,true,-2.246477,south
-0.366236,-0.672288,-0.043565,b1,true,0.993720,east
-1.012094,-4.995917,-0.346226,b2,true,-1.176159,west
0.165090,1.215310,-0.027889,b0,false,1.240611,west
-0.006394,-1.279125,-0.056857,b2,true,-0.625710,north
-1.393318,-2.113147,1.606668,b2,false,-0.917157,east
0.083190,-0.638312,-0.263660,b0,false,-0.647422,east
1.824820,1.944131,-0.732995,b1,false,0.159152,north
0.754888,1.797942,-0.914382,b0,true,-0.321008,west
1.584059,2.862772,2.143009,b0,false,3.207948,north
0.708382,0.188276,-0.854241,b1,true,2.631636,east
0.849669,0.005346,-1.277004,b2,true,0.612645,west
1.201403,1.510419,0.815281,b0,false,3.817107,north
-0.956537,0.530336,-0.994129,b0,false,-3.171678,south
2.073457,4.653781,0.145390,b0,true,2.005420,south
-0.069170,-0.315452,2.075209,b0,true,1.180634,south
0.372976,0.778839,-0.327457,b2,false,0.662892,north
-0.917940,-1.414849,-0.323781,b1,false,-2.296352,west
0.660263,-1.286999,-0.319223,b1,false,1.722685,west
0.485613,2.014869,-0.604685,b2,true,-0.971134,east
-1.705582,-2.867069,-0.400695,b0,true,-3.988253,south
-1.904601,-3.806733,1.002275,b2,false,-0.398620,east
0.351246,1.087523,0.385873,b2,true,1.310788,west
-0.121662,-0.144321,0.193565,b1,true,-0.413651,south
-1.095505,-1.447964,0.421518,b0,false,0.546356,north
-0.029824,0.995946,-1.017568,b1,false,-3.407821,north
-0.641490,-0.630044,1.080810,b1,true,0.889598,east
1.394148,1.284508,-0.243136,b0,true,1.152662,south
0.993998,2.897278,-0.534680,b2,true,0.728684,east
-0.221745,-2.533597,-0.628658,b0,false,0.021960,north
0.878188,1.832602,0.079662,b0,true,1.872920,east
0.437600,1.449718,-0.458398,b2,false,-0.415015,east
