order_id,customer_unique_id,customer_state,customer_city,product_category_name_english,price,freight_value,total_value,order_status,order_purchase_timestamp,order_estimated_delivery_date,order_delivered_customer_date
f4ee4273538924bda6212f5948e80fde,8cebd890b95f34cd04b08f958c1af21c,RJ,sao pedro da aldeia,watches_gifts,180.0,20.45,200.45,delivered,2018-06-12 08:59:54,2018-07-13 00:00:00,2018-06-25 16:08:40
056349f85a73d794119c4286c95a52de,8f3dca4306d5a89e4ae2c65c110603a2,DF,brasilia,furniture_decor,10.99,16.05,27.04,delivered,2017-03-03 14:21:58,2017-03-28 00:00:00,2017-03-17 12:52:17
b124967afcc82ef17ec41020fe2a9136,da6ad3471341a3f6801cb11ea9a88b3c,SP,sao paulo,furniture_living_room,49.99,8.88,58.870000000000005,delivered,2018-05-29 16:19:32,2018-06-21 00:00:00,2018-06-01 15:48:34
e257ae8610fb4fb68a1f459c3a4b1f51,6d417685c0ddaca4f3926f98d0601768,SP,santo andre,auto,117.3,14.43,131.73,delivered,2017-05-13 07:49:29,2017-05-24 00:00:00,2017-05-19 07:29:09
5e114d8e3840661abc3d9c4820f427b3,16fa21bb47836bc052c05c338032359f,SP,sao bernardo do campo,toys,58.9,13.77,72.67,delivered,2018-04-26 18:01:20,2018-05-17 00:00:00,2018-05-04 18:19:56
fd220bb11ef8a046fef08e7c51f11651,4d688a84b5684e1735513d10954f00b6,RJ,rio de janeiro,computers_accessories,79.99,17.81,97.8,delivered,2018-02-04 19:12:28,2018-03-02 00:00:00,2018-02-14 19:08:52
2b7d922e73fbd058099b6ff4b33e99f7,6b2d7f91275bd405af986115bcaa5fa9,MT,cuiaba,watches_gifts,169.99,17.76,187.75,delivered,2017-10-02 18:02:21,2017-10-30 00:00:00,2017-10-16 21:37:57
e897baf305827e390802ae23c1109c78,e541da79e03f46ae13e6bad9d4b9ec08,SP,itaporanga,electronics,19.9,15.1,35.0,delivered,2017-12-30 14:59:23,2018-02-01 00:00:00,2018-01-17 15:28:51
4be3435a18d709c7bec9b8d5651088b4,194372be77b95cc7e9e0d96e6d9bfb07,SP,bauru,office_furniture,159.94,41.11,201.05,delivered,2017-10-07 12:52:12,2017-11-09 00:00:00,2017-10-28 01:24:51
709df04791b8bd393b34a58de3cf142d,0c5b154661836e56f9e7495f524cff03,ES,cariacica,watches_gifts,223.0,19.44,242.44,delivered,2018-06-06 10:46:09,2018-07-17 00:00:00,2018-06-20 23:02:48
a8385b0ed2ef8109ce800b799f53fb7c,a71a8dc9089adfc205c6a96e131488f2,SP,sao paulo,health_beauty,29.9,8.72,38.62,delivered,2018-01-08 00:08:44,2018-01-24 00:00:00,2018-01-10 21:34:21
c8682e224367b603f0ac144e77fabe14,276c6b10d49760263cc9d3250f695d47,SP,sao paulo,computers_accessories,67.99,8.88,76.86999999999999,delivered,2018-06-11 11:03:55,2018-06-20 00:00:00,2018-06-12 18:47:21
166b01d0fce75a595b92ad9e84e0843b,714f9a119b14a6247daf44cb34cbaf42,CE,crateus,health_beauty,98.0,29.09,127.09,delivered,2017-09-11 11:22:49,2017-10-09 00:00:00,2017-09-26 17:13:37
e1e0cfc8398a7bcd9699fe42c1651566,ff57f8187098025972fce7e36704ab98,SP,sao paulo,telephony,29.99,7.78,37.769999999999996,delivered,2018-03-04 12:01:25,2018-03-15 00:00:00,2018-03-09 18:46:25
039ff75de38e514eaa8ffb2618d5227e,eba4578c5f557801a1a0e70e71fd6580,MG,paraguacu,bed_bath_table,69.9,14.22,84.12,delivered,2018-01-03 08:46:55,2018-02-02 00:00:00,2018-01-09 19:16:54
72e5f9d054298a6554b1d7e7e4115c5a,d1cd2dc00808ebc33607b8dfc0404ffe,RJ,niteroi,bed_bath_table,89.97,15.51,105.48,delivered,2018-05-04 01:14:11,2018-05-24 00:00:00,2018-05-12 12:28:43
9b95b783cb4d875bbdaec597fcfc0f74,fb66ed13cc69f20249fe580efeb5402d,GO,goiania,garden_tools,99.99,27.46,127.44999999999999,delivered,2018-03-22 22:11:07,2018-04-19 00:00:00,2018-04-16 14:56:36
2c3bfbf5ecf75f13c01dd54f87ebbc36,b1c885eefe54ec56820890b019e0540d,RJ,rio de janeiro,computers_accessories,79.99,16.81,96.8,delivered,2017-07-24 18:13:58,2017-08-15 00:00:00,2017-08-02 18:36:00
525649cfb87baa1b132df49d8297901a,93579f56387f6a5e85f850f1971e7ff3,GO,goiania,perfumery,13.99,14.1,28.09,delivered,2018-02-26 23:00:22,2018-03-20 00:00:00,2018-03-21 23:18:47
c3aa0764f72af0672f23966336a8fd0c,e7674094a73ba0e054374f8d3e5581d8,PR,cascavel,cool_stuff,125.0,14.22,139.22,delivered,2018-08-05 00:54:40,2018-08-20 00:00:00,2018-08-20 16:03:45
50bf77081d0fdd2e57dcff0acf8fefeb,e88b14e28d506b282a9a54db6e999ff0,ES,linhares,auto,119.9,25.68,145.58,delivered,2018-02-23 18:18:29,2018-03-19 00:00:00,2018-03-09 00:18:29
de5b7ea79803e2993efb698c480ba599,4f2543d4b3824cbf55f0951235a85689,SP,santos,office_furniture,159.94,19.84,179.78,delivered,2017-07-17 14:31:23,2017-08-03 00:00:00,2017-07-28 14:26:43
190f1efcb8b7f7fdcf6690c0c3e78c39,43af7184f8a067a1e49b68cd97c94ddf,SE,aracaju,pet_shop,29.9,51.48,81.38,delivered,2017-12-23 22:51:50,2018-02-06 00:00:00,2018-01-11 22:34:10
c125e883b34e4012f606e77b227ed690,347d455aec6fb3e17963a30b8f29f184,CE,fortaleza,sports_leisure,130.0,37.6,167.6,delivered,2018-06-02 12:07:25,2018-07-17 00:00:00,2018-06-13 10:52:17
16d2d0f24adb9d8c7cc566bbdc85b91e,06464776777e6c0bd0284cb3c187f279,MG,betim,computers_accessories,24.99,15.28,40.269999999999996,delivered,2018-07-20 16:44:44,2018-08-03 00:00:00,2018-07-30 23:46:46
4fc010de2244ff9ee4e5e334699824bf,062db47088ed7f674d6716ebeeb9e6b9,GO,anapolis,garden_tools,179.9,70.14,250.04000000000002,delivered,2017-05-17 16:30:26,2017-06-14 00:00:00,2017-05-26 13:34:37
4b7f3bc13a8180b1cb4de82745278846,d16ed530bfe87c099971fb1403c1a6c7,RJ,nova iguacu,garden_tools,179.99,45.72,225.71,delivered,2017-12-23 17:36:05,2018-01-31 00:00:00,2017-12-30 11:38:36
ceacfc79fb663f8a32139c94f5850d23,2274251ce58a8304f8e9b8380db47018,SP,ribeira,auto,107.99,14.85,122.83999999999999,delivered,2018-03-26 21:39:02,2018-04-12 00:00:00,2018-04-10 14:45:48
5b85161bbdf02ed28bb2bac6db1e87f7,89dd1e6b3b4eb705f346e3c04292a194,MG,brumadinho,electronics,72.0,21.58,93.58,delivered,2018-04-15 19:26:56,2018-05-08 00:00:00,2018-04-19 10:15:28
18f0e44c3101bf4288ae858b7be184af,c82b80d63f63c5162fab931e14fe2d1e,SP,sao bernardo do campo,baby,80.38,8.72,89.1,delivered,2018-07-05 08:37:09,2018-07-18 00:00:00,2018-07-11 00:58:35
ffa9a3142ddd51af248e648db27c647f,f06a1ab06893b6c407e57dde5b62fd39,RJ,japeri,furniture_decor,29.9,17.92,47.82,delivered,2017-11-24 16:42:12,2017-12-21 00:00:00,2017-12-12 19:04:28
2def1e16069e08497e9e9bc186bbcb9d,d0b2e42a9ac137fb459639908cfa0052,PR,curitiba,consoles_games,154.9,14.81,169.71,delivered,2018-01-25 18:48:26,2018-03-01 00:00:00,2018-02-02 22:04:13
96b7f5a470ca6a58f261be1af286e4d9,c0e66c87594dc652671df374b55c5661,PE,olinda,cool_stuff,209.99,29.73,239.72,delivered,2018-05-29 16:42:28,2018-07-12 00:00:00,2018-06-08 21:33:17
25ff38b3eac37d28ac1fd35e41393218,c731a46dd44dfe456ccfa8968206943d,SP,ribeirao preto,auto,99.0,13.71,112.71000000000001,delivered,2017-07-10 17:55:20,2017-07-28 00:00:00,2017-07-17 22:04:24
6eb3911724b9c8dff28062f417a5db4c,c942abf01919701c539ac21e33c371c3,RJ,sao joao de meriti,consoles_games,355.9,18.25,374.15,delivered,2017-08-02 08:46:09,2017-08-24 00:00:00,2017-08-21 21:48:03
8da4b52fdefe7256cbe20ebf03ac47b7,3046b0bd43b0ea4bc6d0aec70bc96e9c,MG,belo horizonte,bed_bath_table,115.0,14.56,129.56,delivered,2018-02-07 18:35:22,2018-03-08 00:00:00,2018-03-07 17:48:59
84b534c4e6899dae169caa25fa2c887c,256f8c4d78dd11d21b17b36d3296053f,SP,sao paulo,garden_tools,110.0,62.44,172.44,delivered,2018-04-19 09:14:56,2018-05-14 00:00:00,2018-04-28 00:49:01
47cb08d5bac6105ae32587814fca96ca,dd992305cba295d997f263dbdf4e8c2e,SC,sao jose,computers_accessories,34.99,14.1,49.09,delivered,2018-02-11 14:07:45,2018-03-08 00:00:00,2018-02-27 20:46:42
5c284ea765f41493a972351bb356a00b,730a46b912e512b3043622335710507c,MG,belo horizonte,housewares,29.9,15.11,45.01,delivered,2017-11-15 13:51:59,2017-12-07 00:00:00,2017-11-28 18:48:34
4e0e014841788909971877b03ce929b1,ffb2ae2aa0951d0885d7cd9a218b0c46,RJ,rio de janeiro,unknown,122.99,14.61,137.6,delivered,2018-02-21 13:39:33,2018-03-13 00:00:00,2018-03-13 21:41:19
cba45d3fa18d26bd7c6935fca4449feb,008b06aba4b5f5b5b94f525ccf520624,SP,sorocaba,housewares,33.99,11.26,45.25,delivered,2018-08-22 10:49:05,2018-08-28 00:00:00,2018-08-28 20:43:43
bbb39449a277499952671cc64cbd7232,b75a691fc54375af8f7476d2008a5201,MG,simonesia,construction_tools_construction,92.5,34.19,126.69,delivered,2018-04-17 11:12:39,2018-05-10 00:00:00,2018-04-23 21:14:31
e6b23db78d4473c921fb9315e04b5c0f,215cc7a64ced864fbf12245648838fcd,MG,jesuania,unknown,12.5,19.21,31.71,delivered,2017-04-20 20:47:53,2017-05-12 00:00:00,2017-05-17 09:30:02
1700e1cfac9c6837da3ccdb6c36c77de,6469f99c1f9dfae7733b25662e7f1782,SP,santos,bed_bath_table,24.9,9.09,33.989999999999995,delivered,2017-12-25 21:22:03,2018-01-15 00:00:00,2017-12-28 21:14:15
4969cddf1cd3a57ea95fe8c3b89a7018,b71a52d5cc0a8877314061c5823822f5,DF,brasilia,computers_accessories,39.99,14.1,54.09,delivered,2017-09-14 11:04:22,2017-10-03 00:00:00,2017-09-25 19:17:49
587e32dd528769d669d539531d32aeb5,e2538fcd738167049ed245b8f2576bcb,RJ,rio de janeiro,furniture_decor,78.0,22.09,100.09,delivered,2018-08-10 11:46:09,2018-08-28 00:00:00,2018-09-03 09:32:31
98287ad06893756cfd89b354ad0fe866,dc7f9e19f80d22bc0ff12102c7dd4513,SP,salto,baby,74.0,7.78,81.78,delivered,2018-02-28 11:00:45,2018-03-14 00:00:00,2018-03-05 19:51:37
88e8f243cb82b7e343068eb8073f388e,aef40bdd0a556d01574ae336a05d66ae,BA,salvador,bed_bath_table,239.9,32.55,272.45,delivered,2018-08-17 15:49:33,2018-09-21 00:00:00,2018-08-28 16:52:58
b9b02ea6b4c73fad1faffdc7e4deb3f0,6fbff4197c3d0ec405bc634c848778ab,SP,sao bernardo do campo,home_confort,89.9,13.65,103.55000000000001,delivered,2017-11-23 15:58:43,2017-12-13 00:00:00,2017-11-29 14:01:58
c7b76f99b489ee84322131a82cbf9a42,91a038c552975d091cf6dd2ee43e2501,CE,fortaleza,furniture_decor,69.99,19.09,89.08,delivered,2017-11-24 02:07:31,2017-12-20 00:00:00,2017-12-14 16:48:05
f05ae607a2f78a91958f765f204e098f,05915465847795db99787e08bb715603,PR,cambe,baby,50.0,14.52,64.52,delivered,2017-02-14 12:20:37,2017-03-15 00:00:00,2017-02-22 14:37:58
84ef655de633562e82760bbd2b1a1b63,5754d8c78f43edb29151bdef510f2cb2,PR,curitiba,office_furniture,189.9,90.0,279.9,delivered,2018-06-28 14:51:39,2018-07-25 00:00:00,2018-07-10 17:46:49
2ea452fc04a09e17a3c70294527aa180,09cf3752fcf1842feecece3973104f34,GO,aparecida de goiania,perfumery,239.9,23.39,263.29,delivered,2018-04-17 22:01:59,2018-05-17 00:00:00,2018-05-02 14:14:38
5bec661a2baad6bf4d879a4be9759675,0305a6e7bb9bc4634c8bc9f134da0a36,MG,ribeirao das neves,bed_bath_table,105.9,16.5,122.4,delivered,2017-11-22 15:33:00,2017-12-13 00:00:00,2017-12-06 21:35:04
6e585d7418d756180db763b08c37e372,4e756b60c02fc0445da510e7fe4a08ac,PR,curitiba,furniture_decor,27.0,17.99,44.989999999999995,delivered,2018-06-15 20:38:21,2018-07-13 00:00:00,2018-06-25 18:54:50
30dfb5b33bf44683be3e2f7df4bdd769,b19590f18f717140365a5ff5176e02da,RJ,rio de janeiro,housewares,33.9,18.23,52.129999999999995,delivered,2018-04-06 18:53:10,2018-05-15 00:00:00,2018-04-16 21:28:41
fd63edd3e877295ad1dbe1d2b76b640c,5d37b4ca721855647d743f1655c05ea7,SP,sao paulo,bed_bath_table,24.9,10.96,35.86,delivered,2017-03-23 01:45:10,2017-04-27 00:00:00,2017-04-03 13:54:46
b5164c0cb0beb5a1936bc30fe510c0f0,75a2614e11d3d149c144388d6c58e3c5,MG,belo horizonte,sports_leisure,49.9,14.1,64.0,delivered,2017-10-10 20:15:22,2017-10-30 00:00:00,2017-10-19 00:13:07
e3ec20444467431fabc412069b7b02de,98b651ba862f31408e2482ca6405d558,PI,teresina,telephony,27.99,22.85,50.84,delivered,2018-03-23 07:25:06,2018-04-13 00:00:00,2018-04-09 15:17:37
d827e1e47dc185687102015449ff2e4a,a2ce0bffbfa3b546f5d0dd261831d471,SP,sao paulo,office_furniture,116.99,7.68,124.66999999999999,delivered,2018-03-15 20:08:00,2018-04-12 00:00:00,2018-03-29 20:04:09
b1a7bd6a9d10076c91e88bc510406b46,f722ff3c670cc731721553596b8de3a8,RJ,sao goncalo,office_furniture,192.99,64.67,257.66,delivered,2018-04-01 00:27:33,2018-05-07 00:00:00,2018-04-26 13:04:13
0c892a79e462e31570b88739be67f32d,b9d90399fae52218195b4b23536f6fa2,RJ,santa isabel do rio preto,toys,739.9,21.92,761.8199999999999,delivered,2017-03-24 15:02:41,2017-04-17 00:00:00,2017-04-04 05:49:54
a93735055445ed9a73d81caa09196c28,ce11d0ea91a27ab2f2e4757f690a5e30,MG,divinopolis,health_beauty,89.99,16.39,106.38,delivered,2017-10-08 21:38:35,2017-11-06 00:00:00,2017-10-16 18:27:38
77ac59c6eca2cfec705ad0c804c6b092,98ec913cfa7ea4a748bc54372db4dc6b,SP,sao paulo,sports_leisure,28.0,8.72,36.72,delivered,2018-02-05 17:27:03,2018-02-21 00:00:00,2018-02-15 19:33:10
0dfa86a9022c9929b3d7311150151f68,40aa7c86550b02c4f65d3e5ca344c7d6,MG,rio paranaiba,baby,65.0,22.39,87.39,delivered,2018-07-26 20:09:56,2018-08-22 00:00:00,2018-08-08 15:03:39
e13d1b8079da63aa71fa8ad68b3c3586,0d9532b1b41cbde24cff07c7b76a89e5,PR,curitiba,luggage_accessories,229.0,16.35,245.35,delivered,2017-06-01 10:40:20,2017-06-29 00:00:00,2017-06-08 12:37:49
bbcee2bda0886af84f8dd8f19870063e,f14f1332082d63a6e81a5ee05ef47273,DF,brasilia,garden_tools,179.99,33.54,213.53,delivered,2017-04-07 11:53:04,2017-05-03 00:00:00,2017-04-17 13:34:10
f35e931a720c89ba31489a6f86fbf985,8045205bfc8a9aa6ebaaf6368059f6f8,SP,sao bernardo do campo,health_beauty,99.9,14.79,114.69,delivered,2018-05-15 15:04:26,2018-05-29 00:00:00,2018-05-21 15:29:52
bbf6061c4bcfffe5fa5c22006d9a231c,d9f18b63f9518c38bd63dc0bd2983f9f,SP,valinhos,computers_accessories,189.97,10.74,200.71,delivered,2017-10-07 16:02:40,2017-10-25 00:00:00,2017-10-26 20:57:08
af8582de59ea502ec0626a2ded9c535a,b957b3e2473035f8a2e94e9155c11646,DF,brasilia,sports_leisure,469.0,19.47,488.47,delivered,2018-08-05 11:42:57,2018-08-20 00:00:00,2018-08-13 20:19:45
8ec02de389ef4b7fdd3b0b084027c0a6,c43799dc8df511e0c4c6fc3ac0255d73,SP,sorocaba,health_beauty,34.99,7.78,42.77,delivered,2017-10-21 00:33:38,2017-11-07 00:00:00,2017-10-25 15:50:08
46c2e1dc685486650310781268c4c885,1f720536a27cc2719dfc952d83b1e2fa,SP,praia grande,home_confort,179.0,12.46,191.46,delivered,2017-07-03 12:03:51,2017-07-21 00:00:00,2017-07-07 14:03:01
7af70833de99c5d7aaa2e6b76f1cb21c,35ed1ec9fe1142dcf104748073c6fdbc,RS,porto alegre,sports_leisure,124.9,17.06,141.96,delivered,2018-06-12 14:29:38,2018-07-12 00:00:00,2018-06-22 20:33:57
fba896b434960b7968da1f24e5fd1d01,b8939dbecf0659982b0e7d21c3731f7b,RJ,aperibe,luggage_accessories,79.9,26.9,106.80000000000001,delivered,2017-03-28 09:06:06,2017-04-19 00:00:00,2017-03-31 13:06:14
9d27b66cd7dfe58587bd778c83c4d5a1,637ce5e0131db1f083a9996a8dfc3b2b,SP,santos,bed_bath_table,40.0,17.6,57.6,delivered,2017-11-07 09:47:02,2017-12-04 00:00:00,2017-11-25 11:59:03
ea134380898c6f487ff7113ecdd6319a,ffd6f65402f2bc47238ecd2bdc93e0d4,MG,belo horizonte,sports_leisure,26.0,18.23,44.230000000000004,delivered,2018-05-09 20:59:26,2018-06-04 00:00:00,2018-05-18 18:40:37
43f9bfd7098c9a1d2abf50dac55ee822,3ad7f68f56d9b6be5ef190fe06173d43,SP,sao paulo,pet_shop,120.0,20.33,140.32999999999998,delivered,2017-12-12 11:56:53,2018-01-05 00:00:00,2017-12-23 16:18:55
6e1e856a0fa5c51efd83408e3f8d1fe3,9d50a2e2c97122c1b2a49dc28bef2130,SP,osasco,computers_accessories,45.9,8.27,54.17,delivered,2017-10-24 12:20:42,2017-11-06 00:00:00,2017-10-26 15:44:51
5f93c15063313abf1a114e682d6b6d71,afc1b02bde53f181c6f9377c97f0e726,RJ,rio de janeiro,health_beauty,9.8,7.55,17.35,delivered,2018-05-12 10:56:06,2018-06-06 00:00:00,2018-05-15 17:23:01
9951333a5f09b5c054baa1f1c43887c8,de0cba3ac0b8144674abc175388c47d8,SP,sao paulo,housewares,122.0,10.16,132.16,delivered,2018-06-12 16:36:31,2018-06-26 00:00:00,2018-06-21 15:38:56
2c6c5c881336bcec2d8c89cb05184a81,32c050ea3af0bf160de1209adfb922eb,RJ,niteroi,furniture_decor,119.9,24.81,144.71,delivered,2018-03-26 18:45:21,2018-04-23 00:00:00,2018-04-03 22:22:43
b9f477fd3f945b7f9c9392fecdafe712,bdc598df338df6b3a950a2217130c6a3,SC,ituporanga,unknown,122.99,15.61,138.6,delivered,2018-02-15 21:05:47,2018-03-15 00:00:00,2018-03-07 16:18:36
4fb9c9ddfd0e850bd7523714d7e90d7a,908e8cf6c8ee80a2ff1e955d0d45f568,SP,holambra,housewares,14.9,7.78,22.68,delivered,2018-01-04 13:33:42,2018-01-23 00:00:00,2018-01-09 19:49:09
3e1f6fe2fb84232f49ee85bd4c61758e,51cf8056495e39e293596b418e512784,SP,presidente prudente,computers_accessories,14.99,12.79,27.78,delivered,2018-05-15 07:53:32,2018-05-29 00:00:00,2018-05-23 20:18:55
dafa99d3aad16f19a8309819438cf7db,9ffc453c57b9d9e1100157367d502726,MG,barbacena,housewares,89.5,17.88,107.38,delivered,2017-06-03 23:32:38,2017-06-28 00:00:00,2017-06-09 17:14:18
8993ddd6e800f9cb267d42cc89e13f0f,f1b2cac3a57d1a488037e23910538e17,SP,sao paulo,watches_gifts,249.0,10.1,259.1,delivered,2018-06-10 00:50:24,2018-06-21 00:00:00,2018-06-14 18:18:44
6c273b11e7a7b4b410ea29fac9769fac,a59fce8e4ef38a56245316ca247b9bc0,SP,sumare,cool_stuff,15.8,10.96,26.76,delivered,2017-01-21 17:33:30,2017-02-28 00:00:00,2017-01-30 12:22:46
4729a8ef5b11ed2d8dc77d48deeeee04,867193fe010661994dea5056c27d6f7c,CE,fortaleza,furniture_decor,40.0,17.63,57.629999999999995,delivered,2017-11-06 19:20:14,2017-11-29 00:00:00,2017-11-20 14:32:33
ec16409eb3a4bea9c172e550736b8520,b1d80bd715992c390493b754fa25e8d2,SP,sao paulo,sports_leisure,59.0,20.0,79.0,delivered,2017-11-23 09:48:16,2017-12-20 00:00:00,2017-12-05 22:15:15
9e536c5c989c3bc5667dde34c3490e0f,07631da297e03969f8a504ce3dbd905e,SP,sao paulo,electronics,11.55,7.78,19.330000000000002,delivered,2018-02-16 11:19:10,2018-03-05 00:00:00,2018-02-23 15:13:32
dabb5a87a6d9cc1388abf76cdcf76e5b,f1eba5a73615098b794658b5cefc0e90,ES,cachoeiro de itapemirim,toys,359.0,18.27,377.27,delivered,2017-08-28 11:26:24,2017-09-18 00:00:00,2017-09-02 13:00:03
08a2535facf687274c238d2c9f59b7ce,c06c4cd7b04f7a00770b273e06452f6c,GO,catalao,sports_leisure,623.0,23.6,646.6,delivered,2018-01-12 09:15:42,2018-02-08 00:00:00,2018-01-26 19:08:52
b63c4c6a266d6aa9a9eff6e38d566e85,2923900e7b03718557ce9a4bb3c1c52e,SP,sao bernardo do campo,food_drink,39.99,12.94,52.93,delivered,2018-08-07 11:01:39,2018-08-16 00:00:00,2018-08-15 22:08:40
b0f595976cc8465db878685b2a613f5f,be64d04f720e2c424f8d0e15765c1cc1,BA,sobradinho,bed_bath_table,21.9,16.79,38.69,delivered,2017-08-13 08:42:15,2017-09-14 00:00:00,2017-08-30 17:22:30
ff16d15a9ee89f3b65af595178308532,f7e8590591bc95bf247598c854a2b599,SP,sao paulo,audio,19.9,7.78,27.68,delivered,2017-10-16 14:18:43,2017-10-26 00:00:00,2017-10-17 22:15:52
c2f065051bb7c9e7f88ebc998f332968,3d080e991fcfaba6f10d9f7718c4732a,SP,campinas,housewares,29.9,7.47,37.37,shipped,2018-07-31 13:09:16,2018-08-09 00:00:00,
84d73646bd06c266e75c700a81865efa,41afcdc82737b761574cb9d975baaca4,RJ,rio de janeiro,garden_tools,17.75,16.6,34.35,delivered,2017-08-11 22:33:15,2017-09-04 00:00:00,2017-08-25 19:11:57
b6ab1ce66f41dbbd8e998bfb0eab8bd5,7d0657521defb95729f99cabedaa6625,SP,sao paulo,computers_accessories,137.9,14.31,152.21,delivered,2018-06-26 14:14:25,2018-07-31 00:00:00,2018-06-30 18:18:32
ef7c5d4791639dc1862b7bb3bacb3d48,ded4351942c7fc292b88e5b090af2b46,SP,sao paulo,electronics,118.9,15.93,134.83,delivered,2018-08-06 11:32:42,2018-09-03 00:00:00,2018-08-13 20:18:42
622b9d86199a98a59cded9f26507efce,5e3e104c632be6607c4e66bbfad5556a,PR,curitiba,telephony,59.9,15.52,75.42,delivered,2018-08-21 16:50:51,2018-09-13 00:00:00,2018-08-27 18:04:49
da7e814c079cfdd00249b4127a6581e9,e88e7b4703fbf9a5d3bd1ceaf2a1c825,RS,sao borja,computers_accessories,29.9,15.1,45.0,delivered,2017-05-28 19:15:41,2017-06-23 00:00:00,2017-06-05 12:49:50
f27a56f2112f2928b4fe1e1d6d406131,1682c2c899bc883a9a2f86bc5eb43f12,RS,porto alegre,health_beauty,41.9,12.48,54.379999999999995,delivered,2017-05-31 22:12:33,2017-06-21 00:00:00,2017-06-05 11:06:31
bd772752df70fa0a00d2e0854285e419,5cffd635d8749c43510edef193be34c8,SP,sao paulo,watches_gifts,110.0,8.03,118.03,delivered,2018-07-21 22:28:18,2018-08-06 00:00:00,2018-07-30 14:51:07
62a50d53a4e50a04954b779f7ee090db,8bedf33150661f0780786c9a61b7bc35,AL,santa luzia do norte,sports_leisure,23.8,21.15,44.95,delivered,2017-11-23 22:27:48,2017-12-22 00:00:00,2017-12-11 12:38:58
6df657a95f9bdff5c5c8552e4823d469,b7cb3a9e0113daf80b914678d7e4ebbb,RO,vilhena,housewares,26.07,35.67,61.74,delivered,2017-07-06 21:56:59,2017-08-16 00:00:00,2017-08-04 23:24:18
28fc46ceb57ddc6e17500a9482d694b9,8941b0fdd661725e6daf5e4d6d1d19b0,SP,campinas,watches_gifts,99.9,13.36,113.26,delivered,2018-06-20 22:52:09,2018-07-13 00:00:00,2018-06-27 18:41:39
9b11f3c4f8e84ce1374d64914b6a00b0,6b6b30db002f73fa32a4bb6cbfe09c46,MG,belo horizonte,toys,141.9,18.63,160.53,delivered,2017-05-05 21:07:46,2017-05-30 00:00:00,2017-05-13 11:21:59
f390346ecbf61a6b81b92017a7410df1,a577a200a23467257794210152357aab,SP,guarulhos,bed_bath_table,56.99,12.74,69.73,delivered,2017-11-06 18:41:25,2017-11-24 00:00:00,2018-01-26 12:51:50
b704eaf4ae9e9716ead0088db45a9b40,1572056796a130cff3aac889df5e2939,SP,botucatu,toys,74.99,12.96,87.94999999999999,shipped,2018-04-21 23:22:17,2018-05-14 00:00:00,
2ad674d5024f5e52836b96215eb73588,b2bec1967ec4645d89fe1ea0c6460c30,SC,florianopolis,housewares,33.0,16.32,49.32,delivered,2018-04-16 20:39:18,2018-05-11 00:00:00,2018-05-16 20:51:49
496ed3d2f9bcb86cb243f5e9fe1627e5,d194eea5b8f6b67992f5a3ca32ac401c,RS,estancia velha,bed_bath_table,77.99,17.8,95.78999999999999,delivered,2017-09-19 16:33:22,2017-10-20 00:00:00,2017-10-05 12:00:05
8a3756b420f3c23e6537a19e9d61a102,eb8367e178d144706a4ff3da62d284cb,PR,ipiranga,toys,42.99,15.1,58.09,delivered,2017-06-17 23:03:05,2017-07-11 00:00:00,2017-06-27 13:36:35
ccefed81ada949952e76166b19f2b723,6d7dcece246bf88e8ee4b1654441749f,ES,cariacica,bed_bath_table,95.9,17.92,113.82000000000001,delivered,2017-05-28 23:57:50,2017-06-23 00:00:00,2017-06-07 16:05:27
ab815320404ada153a9d06f166c961dc,344dcfca74b8df7ab46e9f1846570515,PI,teresina,electronics,44.0,22.85,66.85,delivered,2018-05-17 09:48:09,2018-06-13 00:00:00,2018-05-30 21:12:35
267db43542633efa0839c965b2ad2f31,4e3b6c25502ef69e5c5e54616bf67ed7,SP,sao paulo,furniture_decor,26.0,19.93,45.93,delivered,2017-03-09 10:38:32,2017-03-28 00:00:00,2017-03-25 12:40:02
a4d63c74eb133a700461000c2e8df158,0488f8e76b2ddeff4d52caa56df477ff,RJ,rio de janeiro,fashion_bags_accessories,79.0,14.31,93.31,delivered,2017-04-24 19:01:47,2017-05-15 00:00:00,2017-05-12 18:27:05
128968a8f3d827298b66853b00d1e34e,e1aa8dee831e4f9442d97600ad811bbd,MG,araguari,auto,68.0,41.24,109.24000000000001,delivered,2018-03-16 15:36:26,2018-04-05 00:00:00,2018-04-02 21:29:03
a87aac8d24e87df91bb8d9357e98d1ea,444a78d321aebb25146faf6665143ce5,PR,laranjeiras do sul,watches_gifts,225.0,23.28,248.28,delivered,2018-04-17 08:33:54,2018-05-15 00:00:00,2018-04-26 17:17:30
0f6fb6d733b3a9e800c8aa92abf81584,2445ba0a1c56ba4a3d4e202dc471aacc,SP,sao paulo,housewares,59.9,9.34,69.24,delivered,2018-02-07 11:57:29,2018-02-23 00:00:00,2018-02-10 09:56:43
3bb01fb597afee976918577ed7697c80,c803385049057260f738c18c12749747,SP,sao paulo,bed_bath_table,36.99,11.85,48.84,delivered,2017-05-25 15:54:41,2017-06-14 00:00:00,2017-06-19 18:37:42
30bdf3d824d824610a49887486debcaf,efce1ab3e96ccab8b1b464326bd22417,SP,sao paulo,computers_accessories,83.49,8.71,92.19999999999999,delivered,2018-03-27 14:29:03,2018-04-24 00:00:00,2018-04-03 16:48:50
54e9fc9a26833002ae6521780af9dcc6,b59e4bb4efe81ba0f7d30cff6734f9a2,ES,aracruz,furniture_decor,191.4,49.87,241.27,delivered,2017-12-04 15:07:10,2018-01-02 00:00:00,2018-01-05 00:13:44
c7d561ef533f624416dd087083e5539b,dadd086a97139ac80c52955f11c6bd80,SP,sao paulo,bed_bath_table,92.0,13.7,105.7,delivered,2018-04-12 19:47:37,2018-05-07 00:00:00,2018-04-21 12:38:41
893233a6a55e2f152d2088ab047ad4cc,62b6a37c79d62189745d83b149604ef2,SP,sao paulo,housewares,449.0,39.14,488.14,delivered,2018-06-10 22:01:25,2018-07-13 00:00:00,2018-06-22 16:03:06
267cf5d5f5d44907ac3a107257c47290,42dd498d625fc72826dbf3463fea4d93,SP,sao carlos,furniture_decor,89.9,18.93,108.83000000000001,delivered,2018-07-21 12:35:09,2018-08-07 00:00:00,2018-07-28 20:21:49
ae162713f33901220faa2a22c2bdba45,fb51f201e03ae4c1660697b469f3333f,SP,mairinque,office_furniture,119.6,11.45,131.04999999999998,delivered,2017-01-31 14:38:41,2017-03-09 00:00:00,2017-02-14 14:08:16
4247a3af0d215e63b216c45c7bafa881,447c2071517506f2d8617a89224afa08,SP,sao paulo,electronics,120.0,12.34,132.34,delivered,2017-11-01 13:54:39,2017-11-23 00:00:00,2017-11-09 19:36:39
d6a9b94fe86c050b0b1f7d62a98579c9,5035dcae96703ced8ff2fc84a40434e5,RJ,campos dos goytacazes,auto,159.99,27.2,187.19,delivered,2018-04-27 09:50:09,2018-05-23 00:00:00,2018-05-07 15:51:19
7ef689cb709f1d6e42a9f52a93e2da25,8dd124b8d9921c8b53b7d86d242c0620,RS,tramandai,toys,169.9,18.44,188.34,delivered,2017-12-11 12:37:18,2018-01-16 00:00:00,2018-01-09 20:17:44
c23e171590482930d50c033857c85deb,37ffcea49284cc659d475ed1ae0de11f,RJ,rio de janeiro,unknown,259.99,15.72,275.71000000000004,delivered,2017-12-07 11:31:42,2017-12-26 00:00:00,2017-12-15 20:53:27
b0c1eb643cc230efdadc151753e940b5,e2dfca400ca2f5671121e7f6a6bcc27f,SP,amparo,stationery,79.0,24.7,103.7,delivered,2018-06-12 21:41:42,2018-07-03 00:00:00,2018-06-26 20:21:52
d8dbb44d7c5b1fd8e7f41b49e27053d7,e5a197b88d04fe99fe96b95f41a686f4,SP,sao paulo,bed_bath_table,164.9,12.25,177.15,delivered,2018-05-07 20:03:32,2018-05-16 00:00:00,2018-08-20 17:14:55
4b4f4465ed0f3c314fcd6e082d00c288,a29ea663b245d3b4ae13d710bf8dedfa,SP,jacarei,furniture_decor,29.9,15.1,45.0,delivered,2017-10-01 20:16:08,2017-10-24 00:00:00,2017-10-16 21:57:52
e625944bd16cd8f6b0daa1861cd25b19,46d39cccad61951d9d8d9693d3c7aa3c,RS,marau,signaling_and_security,88.99,15.37,104.36,delivered,2018-02-06 12:10:35,2018-03-08 00:00:00,2018-02-23 13:06:57
95f5825a4d547b92c4f1824df000084c,4eb57395b615d5f5b1b67d08e3e3eea0,SP,maua,sports_leisure,1019.0,20.74,1039.74,delivered,2018-01-28 13:03:25,2018-02-14 00:00:00,2018-02-23 23:12:00
bcbc0973414b1dd97555e6f8e9713cfa,221234182f828fb9f2a4ba9c89874ede,PR,cidade gaucha,furniture_decor,79.9,15.91,95.81,delivered,2016-10-04 23:59:01,2016-11-28 00:00:00,2016-10-16 10:41:50
1536920a9b41c8aa4e1dd7b59edf7847,a62e0bd5cf6364d03e8a92626ea2a517,DF,brasilia,bed_bath_table,26.0,16.05,42.05,delivered,2017-02-13 16:45:18,2017-03-21 00:00:00,2017-03-04 08:42:45
4f8a45b73cb600764365a0b6cdff299d,eab9ba1d9bef2f68d56ddae9ba8483c8,SP,sao paulo,stationery,139.9,9.79,149.69,delivered,2017-11-11 18:24:10,2017-11-27 00:00:00,2017-11-16 19:07:40
4cf6a6de996beb9d4b190c7983be98d9,4b979b432abe14a88cd0cde893952677,SP,sao paulo,garden_tools,59.9,13.44,73.34,delivered,2017-10-04 18:12:57,2017-10-27 00:00:00,2017-10-12 17:43:26
17b7c2f3241fc2ef8e7f7a3b916993e3,80a45d010bc1425a9a0f54b2b2a82e39,CE,fortaleza,fashion_bags_accessories,24.9,22.85,47.75,delivered,2018-05-23 17:51:24,2018-06-28 00:00:00,2018-06-01 12:03:54
bb780bb5301c5109cb6eb07d06f3bd14,ef89c781d27561d99c4b90783fde3c57,CE,redencao,bed_bath_table,45.9,26.89,72.78999999999999,delivered,2017-12-22 15:53:30,2018-01-30 00:00:00,2018-01-08 19:19:49
a2c95702477a50387ec1b32968bd9d40,9d42d5ee226121b6dc867197ce0529cc,GO,piranhas,baby,394.9,89.35,484.25,delivered,2018-06-23 07:41:49,2018-07-25 00:00:00,2018-07-06 06:34:29
4677e6e3e54b79b7ae98dede52d8f2b0,9fafb9bc4f2296fe5d2d0bc2f8e19a0b,PA,capanema,garden_tools,59.9,28.82,88.72,delivered,2017-10-05 16:31:34,2017-11-16 00:00:00,2017-10-30 18:38:36
e7744f6b47fb7de31a60035c997d3956,aabf1fe2dc1980ce711c6212d8fb5074,MT,colider,sports_leisure,249.99,35.55,285.54,delivered,2018-01-21 18:44:44,2018-02-26 00:00:00,2018-03-08 19:54:31
226dbf042352f0f381239e29ddcb301e,5340888f5f7415514d6e02a9293938c0,RJ,duque de caxias,auto,115.0,47.25,162.25,delivered,2018-03-22 11:40:10,2018-04-17 00:00:00,2018-03-28 20:49:29
1eea5cc217ecbacdca75369789d9774c,9ea9a16f73f10a955723ed570c35f735,RJ,rio de janeiro,furniture_decor,43.99,21.19,65.18,delivered,2017-11-10 22:41:20,2017-12-06 00:00:00,2017-12-05 20:42:40
0332002e367c17e6c4111ae2dd8a6aaf,f43ee71c0b5bb3ed418bfb8ac40592b6,SP,presidente prudente,office_furniture,149.99,27.71,177.70000000000002,delivered,2018-03-08 20:06:30,2018-04-11 00:00:00,2018-03-26 20:39:57
4bb23abf0ff6b2a50e22e54a9021be4b,a0564e2b63bbf03e9e45cd42dc3a2b7e,SP,guarulhos,health_beauty,19.99,7.78,27.77,delivered,2017-05-31 11:29:45,2017-06-13 00:00:00,2017-06-02 15:47:43
eb1fef50749c960bb52e6b27761970fa,b69961c68edec92d010905041681a37c,SP,sao paulo,baby,19.99,8.3,28.29,delivered,2018-07-19 11:43:02,2018-07-27 00:00:00,2018-07-24 18:28:37
0547cd893959df1f7e54aeaee4368577,362dfd5054d601e41fefddc74af853da,SP,sao paulo,bed_bath_table,109.9,13.21,123.11000000000001,delivered,2018-05-02 23:31:12,2018-05-23 00:00:00,2018-05-10 16:08:26
15b00f1a7877ceb1dbcfde56e50359f5,14683037215f45070fab7738a7c8470b,MG,curvelo,computers_accessories,89.8,17.07,106.87,delivered,2018-01-22 09:26:07,2018-03-02 00:00:00,2018-02-02 23:26:37
a6aef11a3026e113df62739da7de964e,01a0f3dc3a406f7fc8593565e1a50b4f,SP,jandira,bed_bath_table,18.9,11.85,30.75,delivered,2017-07-23 10:46:30,2017-08-11 00:00:00,2017-08-03 19:46:39
fab28f3d1cfbe171566884703d82682e,3c16b3dab6262b2f1ff7f809a9afa8ec,SP,sao paulo,computers_accessories,12.88,7.87,20.75,delivered,2018-04-21 09:18:13,2018-05-04 00:00:00,2018-04-24 15:28:41
e5b8b27e1436ae108e5e2712a22c0033,1fb0de25fc442a05a520c93456c1e8b3,SP,matao,garden_tools,120.0,13.28,133.28,delivered,2018-04-22 13:59:05,2018-05-15 00:00:00,2018-04-27 16:58:56
6831327c575ec5efdb90392fed9d2f1a,ffdf771c03dd683f1ed7017ae4e9efb2,SP,carapicuiba,baby,16.9,8.29,25.189999999999998,delivered,2018-07-28 17:16:14,2018-08-02 00:00:00,2018-07-31 18:16:49
c0f23917399cf4c9d0828ab1e16c86c6,f441430c304f487a44bae2e7d5c77bba,MG,belo horizonte,housewares,32.0,14.1,46.1,delivered,2017-12-14 16:15:34,2018-01-09 00:00:00,2018-01-03 13:27:25
20e4793779b086b53af56a8ea4b94f71,57cce8aaddd9bf6acc0d54ffdd68a0ac,SP,sao paulo,health_beauty,97.99,18.79,116.78,delivered,2018-07-26 16:37:10,2018-08-14 00:00:00,2018-08-02 19:11:45
dda1bffaed62982b5b1608c765989f75,342915e0b18e0985ac301303b32a1450,MG,itajuba,health_beauty,110.0,13.21,123.21000000000001,delivered,2018-04-22 22:58:31,2018-05-14 00:00:00,2018-04-30 12:09:11
0cf94dad2e99f0fb2c10e52d62c4e560,60e85e816a5ba9580ac999067695f2c0,SP,praia grande,perfumery,114.08,13.46,127.53999999999999,delivered,2018-08-19 18:39:12,2018-09-03 00:00:00,2018-08-28 15:46:47
55bf02fa5414e7b29c5b651c33626e9b,4d3d7eafae2022b086733db28814cad3,RJ,petropolis,home_appliances_2,170.0,27.49,197.49,delivered,2018-08-23 00:46:54,2018-10-01 00:00:00,2018-08-30 18:46:26
939000c8ddbd3a61d9038479d0be4009,7cf29b092bf627b4137ae5ab7e48f477,SP,carapicuiba,perfumery,118.8,15.71,134.51,delivered,2018-03-27 18:22:28,2018-04-16 00:00:00,2018-04-04 23:47:39
c3341ac81d23f61418efcca37cff454d,524b08d2c1603df81425b422efcae7bf,BA,salvador,housewares,129.0,28.28,157.28,delivered,2017-11-09 01:23:34,2017-12-05 00:00:00,2017-11-21 02:16:58
576b53e8a0ba4dbac33bb12976bf8754,fb7fa932316dcca7c7950750a20072f8,SP,sao paulo,health_beauty,49.9,15.1,65.0,delivered,2018-02-23 07:40:36,2018-03-16 00:00:00,2018-03-06 22:09:04
b211184b294bc46861ba034d76f2bf79,aae31ecc3f2805fcc4890910744da4ed,SP,sao jose do rio preto,housewares,39.9,12.79,52.69,delivered,2018-03-13 19:13:51,2018-03-29 00:00:00,2018-04-04 20:57:35
21e668861c7c6205d1e20ce7b24fae41,806e5ccc064e3f5d6fd88debbe79b274,BA,vitoria da conquista,garden_tools,127.27,22.6,149.87,delivered,2018-05-02 22:57:45,2018-05-28 00:00:00,2018-06-07 16:44:21
a80b9e4d406b12636bb0f6792cd1862d,bb6d785b806cb1eef824812b06b9f15b,SP,sao paulo,stationery,34.9,9.34,44.239999999999995,delivered,2018-02-27 18:14:18,2018-03-13 00:00:00,2018-03-06 19:21:40
479b6ef981f240df12226a5ba0abffef,d07df41d8d75e3d65124efb445ba7eb6,SP,sao paulo,construction_tools_construction,127.26,13.19,140.45000000000002,delivered,2018-07-22 21:48:14,2018-08-01 00:00:00,2018-07-27 15:58:52
51dbf092f04368fda17fb25eb2d75eca,8ed7111f912474aa75f34ef95a8774a2,MA,sao luis,health_beauty,128.3,23.22,151.52,delivered,2018-02-09 13:47:58,2018-03-08 00:00:00,2018-02-27 21:17:46
1d80070bfe715fe0b628207297d72eaa,ce8ca2507641be0b2928a3e72b9c57ca,SP,campinas,telephony,283.2,22.78,305.98,delivered,2017-11-02 16:29:37,2017-11-29 00:00:00,2017-11-13 23:06:45
d186bb303793c5c807a392fbd08e88f6,7c31429c12fa5c7e965792e0b153314f,MG,belo horizonte,baby,31.25,7.96,39.21,delivered,2018-08-05 06:05:40,2018-08-16 00:00:00,2018-08-07 19:22:44
a646e30f512cd6a45275f8808e6bc676,8d1e1269f888d654db2ac8d782712c29,SC,blumenau,furniture_decor,109.8,18.39,128.19,delivered,2017-09-02 19:24:31,2017-09-25 00:00:00,2017-09-06 21:57:51
ec9a45db197262577280e38de1889f3f,d38ea3b2fcc900afabd4423cbf900924,RJ,rio de janeiro,sports_leisure,169.9,19.43,189.33,delivered,2017-06-05 19:43:28,2017-07-04 00:00:00,2017-06-19 18:46:43
462ac93c107f9de96346db36168256c1,86668a08223242da3553a085d47a2cb8,ES,vila velha,cool_stuff,195.9,16.12,212.02,delivered,2017-11-11 12:55:29,2017-12-06 00:00:00,2017-11-25 00:53:40
714139cb1b46c8e5aee546ebdb5aeb4d,d4a3f6fc07154dc450ea87d8ed91906e,DF,brasilia,luggage_accessories,248.99,60.29,309.28000000000003,delivered,2017-11-26 22:02:30,2017-12-18 00:00:00,2017-12-06 20:33:56
93d9dad77a7490e2f2618470129d8f83,72210c8174c12f38afef1b49fd683a2b,MG,belo horizonte,baby,429.9,19.94,449.84,delivered,2018-06-29 07:51:49,2018-08-03 00:00:00,2018-07-09 22:46:53
c41906f7053eefe5d449b6b4507fb216,7234f36b4df6119046306299e74ab5ee,CE,fortaleza,electronics,12.6,19.04,31.64,delivered,2018-03-19 12:50:41,2018-04-11 00:00:00,2018-04-04 00:48:27
140c901be097e36e0ee9e2249e97dfdd,8574eedf87be69a8f50ad3feb222599a,MG,governador valadares,computers_accessories,25.52,13.47,38.99,delivered,2018-05-18 11:47:27,2018-06-21 00:00:00,2018-06-01 22:28:52
727c518f08e50c90816678d404111db2,99e94e6c1ccd58bc7f96df28d11d3881,SC,joinville,auto,259.98,56.26,316.24,delivered,2018-01-21 10:35:33,2018-02-20 00:00:00,2018-02-14 20:42:27
b7f9c9109dcd289ae63ca77bfade44f7,416fe0cd730f41a424697093f013f217,SP,sao jose dos campos,sports_leisure,9.99,18.23,28.22,delivered,2018-06-30 23:22:38,2018-07-30 00:00:00,2018-07-04 16:35:50
9c074b1d5c9fcaa13fdea5c761dca404,93dc7a5d5dca34e5f276857be0e74a15,RJ,sao goncalo,housewares,294.99,31.1,326.09000000000003,delivered,2017-08-07 08:31:36,2017-08-31 00:00:00,2017-08-21 18:27:49
12fadfa917595c54415e404234e32d2a,67abac71486100eb7aa1139abf5f7be9,GO,goiania,housewares,32.9,14.8,47.7,delivered,2018-03-28 08:53:37,2018-04-19 00:00:00,2018-04-07 19:06:36
af4de21fc01c7d4570f5bcbbb28cbd75,86b2db4420103d9e32f7ceaa9133fc85,RJ,rio de janeiro,sports_leisure,45.0,16.32,61.32,shipped,2018-03-21 09:25:55,2018-04-23 00:00:00,
129c72226e320a7bf5b89efce442afd5,ae8482b27b2119e2c3278f5ddf9c1024,SP,sao paulo,computers_accessories,74.9,12.65,87.55000000000001,delivered,2018-02-12 03:09:04,2018-03-12 00:00:00,2018-02-28 17:07:46
585373fc4f46e52b354d122d73e67fab,3f9e51fcbc55e13979c880f315f6d12f,BA,guanambi,health_beauty,75.9,18.1,94.0,delivered,2017-11-10 20:15:35,2017-12-06 00:00:00,2017-11-22 19:26:49
e8a6076acc910f75cb8b149ecc89441e,a1f23e4dde67cf0cf575e23622008ab1,PR,francisco beltrao,pet_shop,129.9,16.67,146.57,delivered,2017-07-04 12:34:28,2017-07-26 00:00:00,2017-07-19 19:43:11
6779a7a489f7ad48ffd7ac5472345008,3c89f451f33e5467accf577c25ee075e,SP,sao paulo,housewares,117.8,41.3,159.1,delivered,2018-06-05 19:54:24,2018-06-29 00:00:00,2018-06-07 14:19:00
d4c7d646f06e6b9cd7435413052a24db,1cb46551a2271552d87d8fbea4d88df6,RJ,rio de janeiro,bed_bath_table,99.9,18.27,118.17,delivered,2017-08-30 23:39:47,2017-09-21 00:00:00,2017-09-13 19:18:01
d70a8dce003d1e26d1d5003bb5839892,0ab5cbb0ac648b42aaa02d47741e1d7b,SP,sao paulo,food,66.39,14.05,80.44,delivered,2018-07-16 16:49:04,2018-07-30 00:00:00,2018-07-23 22:38:46
44a7a7517b62c54dff21797684d6425d,b1c207b21ec575d7b1668079a5e215a8,PI,cocal,market_place,29.99,34.15,64.14,delivered,2017-09-17 10:03:12,2017-10-11 00:00:00,2017-09-27 17:43:00
ae2d7541c0bf40bcdf14b7fe20c00eb1,d04da6a5381d82179c8fcf7245b2db4e,SP,itapeva,sports_leisure,119.9,15.01,134.91,delivered,2017-03-30 21:54:12,2017-04-24 00:00:00,2017-04-18 14:17:35
603a62e519fda3b31500e93d9d74da62,c3fa4a9551e1d4ec50f1ed7eadccc4af,RJ,campos dos goytacazes,perfumery,69.0,14.65,83.65,delivered,2017-04-18 22:11:41,2017-05-10 00:00:00,2017-04-27 07:58:42
d2875d0fcdf781a26064f20e778831b7,3bcdeb71ecf69f400bae61d44e02a9d2,PR,curitiba,perfumery,56.99,14.15,71.14,delivered,2017-08-29 20:08:13,2017-09-21 00:00:00,2017-09-05 21:49:39
55573ba9c7c0f45fc1c1b30bb498bbf6,a20dbcbaba6a0b5dbbd4bb64797a1efc,SP,diadema,home_appliances,166.0,8.51,174.51,delivered,2018-05-02 20:40:15,2018-05-14 00:00:00,2018-05-09 23:04:20
f66ab2fcf6eb4fbb8c027f16de902cdc,6a8ba9ca06038b014b687c42f4e00f3e,RJ,rio de janeiro,pet_shop,168.99,16.08,185.07,delivered,2018-08-01 13:21:58,2018-08-09 00:00:00,2018-08-15 20:31:53
d71bc96c14d72c5f5b76bd286d6304f9,9d1773d6d4fb3faaf3173924d181952a,SP,sao vicente,health_beauty,97.49,12.64,110.13,delivered,2018-01-19 00:32:29,2018-02-05 00:00:00,2018-02-01 19:06:38
3fc22e5676244cf405146dd191909147,bb99e6ae642f462d7bf05db05fc9aa11,SP,sao paulo,computers_accessories,84.89,7.94,92.83,delivered,2018-04-06 12:48:10,2018-04-23 00:00:00,2018-04-12 19:04:56
feddddfdc57fdeb9137220406b82439a,6b44ef4c4a50d85e5f74552882776352,SP,itu,sports_leisure,116.0,12.94,128.94,delivered,2017-12-15 10:16:57,2018-01-16 00:00:00,2017-12-27 22:10:50
3182ecdf3da0331bf56a6b4ff5e069d7,15e9277977ef00be29a22f59bc05cd6a,AL,arapiraca,furniture_decor,139.9,47.51,187.41,delivered,2017-11-24 21:38:42,2017-12-27 00:00:00,2017-12-27 22:09:59
9eaa15eedf8382166c4796542bb0d302,04748ab218810c6ea98e490d2ef9facf,PR,curitiba,luggage_accessories,109.0,9.5,118.5,delivered,2018-05-12 19:29:17,2018-05-23 00:00:00,2018-05-18 01:22:04
9b655375d54c9b7986a07f3e5a839545,d86bd19d5f63decf0f8146854d1c7778,SP,taboao da serra,cool_stuff,11.87,7.39,19.259999999999998,delivered,2018-03-23 16:21:15,2018-04-05 00:00:00,2018-03-27 15:02:29
7844d511767a3dbe9411602e49a0ac38,2d0a1ec21a4f50a208963991a3bdc979,RS,nova prata,cool_stuff,59.99,17.67,77.66,delivered,2017-09-03 18:41:07,2017-10-03 00:00:00,2017-09-11 21:15:19
58d6b7ad12ad08c7c8031d623ea2219d,3633902a0addd1ffc74cbc13d96da288,SP,guarulhos,furniture_living_room,47.9,18.14,66.03999999999999,delivered,2018-06-19 08:56:08,2018-07-16 00:00:00,2018-06-28 13:03:56
e65656d2103b156e7f60dfb3e27c3762,b8d5a24b75c1001495f32b01bb45fb54,MG,uberlandia,garden_tools,110.0,29.08,139.07999999999998,delivered,2018-03-11 14:01:40,2018-03-28 00:00:00,2018-03-20 19:28:49
c9b70da85e0373973856f7a37dc6f5d4,c89c7a08ac824694af0071fb70f4658d,PR,curitiba,sports_leisure,55.13,15.14,70.27000000000001,delivered,2017-07-21 20:01:08,2017-08-14 00:00:00,2017-08-01 21:54:47
e7adaca753bdafdfdee9f2ecc2effd33,698118425f0afbd4bee557e51b6bd49b,GO,indiara,health_beauty,219.94,17.3,237.24,delivered,2017-12-31 14:52:35,2018-01-31 00:00:00,2018-01-22 19:29:07
9f7cc89191a32daf25766b274c7f6b19,39ffdfd77ee61c278d0baf4dddb0b013,SP,suzano,auto,185.0,10.11,195.11,delivered,2018-01-04 11:31:42,2018-01-22 00:00:00,2018-01-08 19:08:08
1580aa3360c01bdd268dd1665a8ff929,4f4a4c713a7892d9db23f694fc647d13,PR,sao joao,computers_accessories,89.5,16.39,105.89,delivered,2018-01-31 10:15:48,2018-03-06 00:00:00,2018-02-19 15:21:44
ece689b6d40d88ddb1a8de932fe6572a,b1449986ee6516d3797d782b01c36e80,PA,parauapebas,furniture_decor,250.0,88.37,338.37,delivered,2018-01-24 19:08:35,2018-03-08 00:00:00,2018-02-22 19:13:54
2c52873e8d170a8426be048f8321df84,f56bf73e81d727372f3f025153d7e5b3,SP,tiete,electronics,369.9,26.9,396.79999999999995,delivered,2017-11-24 08:06:08,2017-12-15 00:00:00,2017-12-19 22:46:29
0a393be90b03100dcea4aa21f2e027ec,eb60d4194a1aa2e2d0c821dcc4152c9a,GO,formosa,perfumery,39.9,20.21,60.11,delivered,2017-11-18 16:04:57,2017-12-15 00:00:00,2017-12-05 15:25:32
7cbc58346dce935abff14a7c5a0488f5,46ff58bc972f26ff6132f8e3c2b0215c,RS,caxias do sul,cool_stuff,119.99,17.68,137.67,delivered,2017-01-26 09:15:18,2017-03-08 00:00:00,2017-02-03 06:17:18
e9b5d1d44378ce54c7b56139f2efba49,9f32601f9c0fb44b538a35c7aeef7cc8,PR,toledo,construction_tools_construction,39.28,22.93,62.21,delivered,2018-05-20 18:04:02,2018-06-07 00:00:00,2018-06-05 18:52:30
cd4b336a02aacabd0ef22f6db711f95e,8d50f5eadf50201ccdcedfb9e2ac8455,SP,sao paulo,sports_leisure,29.99,7.78,37.769999999999996,delivered,2017-10-18 23:25:04,2017-10-30 00:00:00,2017-10-23 18:33:01
25d6858f3b1d2f332623bdccb12db9eb,f0daa3250956b58742e72b3aa7003d33,MG,teofilo otoni,watches_gifts,155.0,19.19,174.19,delivered,2018-08-04 15:23:53,2018-08-28 00:00:00,2018-08-09 18:10:47
a611321b36103c43fd31f578c7c6e459,e2025196f6b427896e38326e6b1ff553,MG,belo horizonte,housewares,114.0,19.15,133.15,delivered,2018-08-11 23:28:46,2018-08-28 00:00:00,2018-08-18 00:22:36
7b35b8f7e47a6895e3fc370d47dde02d,46e332b1356fd58191ae490a1dcf79c0,SP,ribeirao pires,bed_bath_table,124.99,18.09,143.07999999999998,delivered,2018-08-13 03:25:25,2018-08-20 00:00:00,2018-08-16 22:22:05
0f916489801ab47804cc7da10fe0dd6d,a437e42f784a39406852ce706b09ffb2,SP,sao sebastiao,bed_bath_table,69.9,13.48,83.38000000000001,delivered,2018-05-06 16:41:34,2018-05-30 00:00:00,2018-05-22 16:48:41
3321e84343dd41e813cac2b2d6ed3f65,a0eec388e33752a88fc7b63da07b0096,RS,rio pardo,sports_leisure,159.9,18.37,178.27,delivered,2017-08-24 09:38:06,2017-09-20 00:00:00,2017-09-14 21:57:36
1b3f223f58c9bc6eb519696b4ac16cd5,2731c5c3dfeaab1cae70774975c1dd93,SP,praia grande,computers_accessories,39.0,12.79,51.79,delivered,2018-06-05 18:17:58,2018-07-12 00:00:00,2018-06-15 19:27:21
bd3fc7c13b5b892f17bec72d8c6824ce,260898e53301ce7a48b5681f63c4280f,DF,brasilia,housewares,130.0,10.91,140.91,delivered,2018-05-14 12:59:44,2018-05-29 00:00:00,2018-05-22 15:56:20
dbc1c19f8bd4df6a9271d408ce48c776,911d8d8b9caf08632be0ed8889151d8d,SP,sao joao da boa vista,bed_bath_table,30.9,12.79,43.69,delivered,2018-04-13 17:29:31,2018-05-08 00:00:00,2018-04-28 00:04:12
70b9629a764d2247cf5995014b7204d2,825d3949166e60c38be0fa30394176a0,MG,cambui,bed_bath_table,114.9,18.05,132.95000000000002,delivered,2017-10-22 13:39:48,2017-11-17 00:00:00,2017-11-01 21:52:00
f304e3c6d822b7221cb9df972c3ecd4b,52327e23bc5c8a9564962854d49b38a5,SP,osasco,office_furniture,179.9,26.92,206.82,delivered,2018-03-14 12:53:33,2018-03-26 00:00:00,2018-03-21 00:08:29
8a903d20555a91edeffd6eab45743f26,4cadda4ceeff8e011cb33d9ef96aaee6,PI,teresina,health_beauty,23.89,20.0,43.89,delivered,2017-01-30 11:44:24,2017-03-20 00:00:00,2017-02-02 18:07:52
9bc5470258187bd978ad5e82284375fe,5dc943bfc42737615fc750fd2a2718f6,SP,sao paulo,sports_leisure,29.0,9.27,38.269999999999996,delivered,2017-10-06 09:16:29,2017-10-24 00:00:00,2017-10-14 12:18:59
f77f2b95a7b6f7fcabbf99ff2c58dbe4,96768a6936bec41f85026610b5371009,MG,cambui,christmas_supplies,79.0,22.26,101.26,delivered,2018-06-06 08:19:13,2018-07-18 00:00:00,2018-06-19 18:17:16
0e767a1aa94def2bf5f3520ddb1dbe96,d6f2345a93b9c0169a00dbcb409501b2,SP,sao paulo,computers_accessories,31.9,14.1,46.0,delivered,2018-02-19 21:15:03,2018-03-19 00:00:00,2018-03-05 19:18:55
ad9e44af42db38670b57f8df1451b739,eb1e86363a9dc072bfbe0a428ba6a4f3,SP,sao jose dos campos,toys,129.9,12.3,142.20000000000002,delivered,2017-05-05 15:03:09,2017-05-29 00:00:00,2017-05-12 15:33:59
9cb82a3ae51fb07b957662bdff7a189a,19f71f292b50b7beb5d87a037e878930,SP,guarulhos,computers_accessories,159.99,10.53,170.52,delivered,2018-01-03 22:24:40,2018-01-19 00:00:00,2018-01-12 23:18:58
7d25201b841d0a91a003edf192834005,b735c34299af89879b386c332e338374,SP,ferraz de vasconcelos,fashion_bags_accessories,29.9,11.85,41.75,delivered,2017-08-13 19:07:29,2017-09-01 00:00:00,2017-08-18 16:57:57
2939b6d48c2488e276205bc547c56aac,f80352378d6ff6454ac8cbb9b68ad4a7,SP,sorocaba,bed_bath_table,179.9,15.46,195.36,delivered,2018-01-04 17:32:20,2018-01-22 00:00:00,2018-01-11 22:43:31
e95d501ef62dcec5a8d1a7eb222a02b9,bcf74d4f2bca8ca85dd375ec5c05df9d,SP,sao paulo,garden_tools,120.0,45.3,165.3,delivered,2018-01-28 17:22:43,2018-02-23 00:00:00,2018-02-20 19:07:20
90a1136478f67bd64771c2005599a559,fc07f4a61baae8c314528e33351df795,GO,valparaiso de goias,computers_accessories,149.9,23.77,173.67000000000002,delivered,2018-08-03 11:33:46,2018-08-21 00:00:00,2018-08-10 18:17:38
2d8e71bf7d31a41d40f122c8173fdf06,3f36fa15a16c4850992aa0f33561906e,DF,brasilia,health_beauty,32.98,15.1,48.08,delivered,2017-06-01 16:05:36,2017-06-28 00:00:00,2017-06-09 12:13:40
d30d0c9c3a766ca0d558a205d4579320,c2f42cd528a0b021943021b58675000b,MG,tarumirim,watches_gifts,149.0,14.38,163.38,delivered,2018-07-09 00:23:40,2018-07-30 00:00:00,2018-07-13 21:16:50
26e7606527e710486939428227c703cb,8e53779cffd8f7d180756205dfa2bf3f,SP,sao paulo,cool_stuff,599.0,58.0,657.0,delivered,2018-03-05 22:00:55,2018-03-15 00:00:00,2018-03-07 14:26:51
78fd4a4b2afff4fcbca37fab3ed1b0e6,751921e44f9db5fd14ad6a431c27024d,AM,manaus,watches_gifts,579.9,24.86,604.76,delivered,2017-08-24 14:34:50,2017-09-28 00:00:00,2017-09-26 17:53:26
0e784a85d6f7aa0ffe9a41d81f5a4ecf,b93f84b2e90bad6588cc4c819ed2e368,SP,taboao da serra,auto,27.9,7.46,35.36,delivered,2018-07-31 10:00:48,2018-08-03 00:00:00,2018-08-03 22:24:49
9b868eea4222da7b3b56036ba3412cdc,41da0af89b1e44bdc68855506c629a07,SP,barretos,perfumery,249.9,15.83,265.73,delivered,2018-04-16 14:08:56,2018-05-17 00:00:00,2018-04-28 11:48:49
b72eceaf3e014a8336da6b52928715f2,3de675e6f79e135540ee0144844d26a7,PR,pinhais,office_furniture,110.0,48.45,158.45,delivered,2017-06-26 15:08:20,2017-07-07 00:00:00,2017-06-29 12:08:07
f9e4b658b201a9f2ecdecbb34bed034b,1d47144362c14e94ccdd213e8ec277d5,BA,santo antonio de jesus,computers_accessories,149.0,45.12,194.12,delivered,2018-02-03 09:56:22,2018-03-09 00:00:00,2018-02-16 17:28:48
1c68c68cddc15f7e365dc53a0e91e8f5,6210a297af4dde95626ad6cb3c53c6ef,SP,sao caetano do sul,sports_leisure,76.49,8.28,84.77,delivered,2017-10-29 00:30:11,2017-11-10 00:00:00,2017-10-31 14:28:59
9395d4c9e6eb2f40828f955c8bce1686,f2bcc6ad1bb400ff8d1ed1b570f01348,SP,piratininga,health_beauty,330.0,14.97,344.97,delivered,2018-06-15 19:45:11,2018-07-11 00:00:00,2018-06-22 20:21:45
70265e39902a914077a038864209d3c6,28c7e3fb75d7ce1e496dc539443b71da,RJ,niteroi,office_furniture,199.97,53.41,253.38,delivered,2017-07-28 09:35:08,2017-08-25 00:00:00,2017-08-16 19:46:54
eb829be78140383da9cba1b8fc2c6c6f,a61bdd3195ef6c83350ef0e8e16f67de,MG,varginha,housewares,14.99,10.96,25.950000000000003,delivered,2017-03-14 11:24:10,2017-03-31 00:00:00,2017-03-22 11:53:00
00d1e381c0995f0bdb95909fe7434d0b,959b120a59e2bd76acb9207e7cb463d3,SP,sao paulo,bed_bath_table,64.9,20.18,85.08000000000001,delivered,2018-03-24 16:14:47,2018-04-13 00:00:00,2018-04-02 15:28:35
2504a8e58ea5a99cad95669ca061e307,7526a696a977e2f21118680d178d447f,SP,sao roque,luggage_accessories,48.9,14.08,62.98,delivered,2017-10-20 00:20:18,2017-11-13 00:00:00,2017-10-26 17:06:57
fc5940447e1729d88293fb999ad3c2da,b52b6da8f90af873b4f66f0705fd6166,SP,neves paulista,computers_accessories,12.88,12.79,25.67,delivered,2018-08-05 22:41:08,2018-08-14 00:00:00,2018-08-13 22:09:47
8f22f06e256ac729f8a1850a4a36edf6,4ba104163286314a743a1e43e433e344,RJ,belford roxo,health_beauty,65.5,18.26,83.76,delivered,2018-07-01 21:00:45,2018-07-26 00:00:00,2018-07-07 14:37:50
8d6793a90c7ed801dbea86d6271e3bfe,8fdd8173d1d780e4336e7f372d00a7cf,MG,belo horizonte,perfumery,195.9,17.07,212.97,delivered,2017-03-14 14:41:27,2017-04-07 00:00:00,2017-03-28 16:17:12
0209ef2fa3cce5eb798c98f5b6142849,dac6f2c77c9577d4f6119f9295ac05a0,SP,sao paulo,telephony,12.67,7.78,20.45,delivered,2018-02-24 22:44:28,2018-03-12 00:00:00,2018-02-27 21:21:34
38c69a1ea85be350abf04516e9527573,d8dad570d7f80965cc858d7c5df71e7d,SP,barueri,watches_gifts,144.9,7.88,152.78,delivered,2018-06-04 18:16:37,2018-06-28 00:00:00,2018-06-08 22:16:52
2d2ce74a9a75fd5144160b74f0d536cc,51d368d03eceff9882c5870827f9ce0e,SP,sao paulo,watches_gifts,149.8,9.49,159.29000000000002,delivered,2018-07-29 18:32:14,2018-08-29 00:00:00,2018-08-06 10:47:44
b2fc720676930e0f9f3c1e472e8cddad,027803eb28cc01fbdf5da72b109fabee,RS,porto alegre,furniture_living_room,24.99,19.84,44.83,delivered,2017-10-17 11:28:18,2017-11-16 00:00:00,2017-11-03 16:17:59
95238556fec6ef59d8ed25b4379008bb,fb99cfd55992fdd347a3481dfb26c4fa,SP,sao paulo,cool_stuff,610.0,37.54,647.54,delivered,2017-09-03 21:42:30,2017-09-21 00:00:00,2017-09-11 22:43:21
6cd3f2ca1a0a50c0500752842d4dd018,9194f9aedc33b4f984bcdcc7da7461f4,SP,capao bonito,construction_tools_construction,24.7,19.6,44.3,delivered,2018-05-18 22:38:05,2018-06-11 00:00:00,2018-06-01 17:53:23
fcf235b93f4a81b6f5125059c9793465,326b8663c90a9035ba7e2797b161ce90,RN,parnamirim,construction_tools_construction,39.99,41.0,80.99000000000001,delivered,2018-02-07 22:05:17,2018-03-14 00:00:00,2018-02-28 19:05:12
be625dc4e32d2e9edfb3a252306884da,7becd543aa1bf3adf1ec4009e7d2e323,PR,curitiba,housewares,98.75,15.57,114.32,delivered,2018-04-11 16:10:27,2018-05-17 00:00:00,2018-04-25 22:05:11
1da6c2d53ad9f033ccf54f16801546eb,b743c4f6d5a29e14ae1d9a13efc9d700,AL,palmeira dos indios,bed_bath_table,13.9,34.15,48.05,delivered,2017-09-23 15:05:38,2017-11-13 00:00:00,2017-10-06 17:28:06
352624ca0ead1f999686becd48b614c8,ed8c0cdc8daef34e11d13ebca6ea8380,RS,veranopolis,industry_commerce_and_business,104.0,27.05,131.05,delivered,2018-01-17 23:13:08,2018-02-21 00:00:00,2018-01-29 23:47:49
2ccc4ef33a6274500f8eb7b10c5f4b39,d509ca553f53a126c619251ee4fc3fc3,SC,garopaba,baby,59.9,9.94,69.84,delivered,2017-07-01 22:56:00,2017-07-14 00:00:00,2017-07-05 16:26:36
628208ac37365620cce723ba58775d8d,0d8402b785a7e5a15e4eb108757afe5a,SP,sao paulo,consoles_games,79.99,15.31,95.3,delivered,2017-11-24 01:15:09,2017-12-15 00:00:00,2017-11-30 17:46:41
c745c678c9834e0c537732afa099248a,b64c1d07d599e6de52e4c088428f46aa,SP,sao paulo,health_beauty,279.0,16.83,295.83,delivered,2018-05-03 11:06:25,2018-05-22 00:00:00,2018-05-14 22:05:19
7656e54ae9322214b7459746ca6076a8,a966fbec25ff8c8540fa2e3c9076ac88,SP,osasco,housewares,29.9,8.88,38.78,delivered,2018-05-03 22:15:36,2018-05-15 00:00:00,2018-05-08 19:37:44
8cd68144cdb62dc0d60848cf8616d2a4,d0c437f172b9c527c0d196815b92c5ce,MG,ipatinga,cool_stuff,39.0,16.11,55.11,delivered,2017-08-04 10:08:27,2017-08-28 00:00:00,2017-08-14 17:10:10
24cb2cb9a2ced76369e359626d439ad8,5d42fb6951f785071c35e2ff65271b8e,SP,campinas,furniture_decor,59.9,11.03,70.92999999999999,delivered,2017-02-14 13:54:15,2017-03-13 00:00:00,2017-02-21 15:49:04
c1cc6a6a6730197d8b7fef1132942274,754e51e38387eab8bd26d5d292463fe8,MG,belo horizonte,construction_tools_construction,169.0,21.09,190.09,delivered,2017-09-10 11:24:04,2017-09-27 00:00:00,2017-09-15 21:48:01
eb499e69dd66045ab639c5fe90ad93f0,dcbac5de9f997934034bc97e34a0d0dc,SP,praia grande,cool_stuff,420.07,22.44,442.51,delivered,2017-02-14 10:02:03,2017-03-13 00:00:00,2017-03-02 04:28:39
8bfc859f734def7a579d24fe9b618da3,f11555b4396eaa69a4c0980aa3522648,MT,rondonopolis,housewares,23.0,22.09,45.09,delivered,2018-08-15 20:51:44,2018-08-31 00:00:00,2018-08-29 17:25:48
4b7a89627b118c5e00e13f57888293ff,2fa99fd2a9440259045faff0acd80eee,PA,capitao poco,bed_bath_table,45.9,26.89,72.78999999999999,delivered,2018-01-08 21:33:46,2018-02-15 00:00:00,2018-01-26 14:36:18
29f4481c82fe8804ae3de770fd4012aa,ee93f7653551a22cf4a43c3487dd5b98,PB,campina grande,home_construction,150.0,83.97,233.97,delivered,2018-07-24 12:56:11,2018-08-20 00:00:00,2018-07-31 11:28:38
5236307716393b7114b53ee991f36956,4b86049cb99e4aa774031daa9cd18f18,RJ,rio de janeiro,art,248.0,17.99,265.99,delivered,2018-01-31 18:55:36,2018-02-22 00:00:00,2018-02-16 13:27:08
496879e6aacb9458a76bff96eed3c201,0427f91f14294337ecae198745d6a95e,SP,itu,baby,149.9,15.14,165.04000000000002,delivered,2018-05-18 10:12:23,2018-06-07 00:00:00,2018-06-01 17:32:39
22c05027bd97d6cf4376df52e0a7e5a2,c17eeb0c7f906a4384f5c08df6abe92a,GO,inaciolandia,housewares,17.9,22.06,39.959999999999994,delivered,2018-05-08 09:32:19,2018-06-01 00:00:00,2018-05-18 16:25:04
0988e6e21a5bd6dee0c95d3a85970d98,d470c7668d56ef3894610cceed4a4b70,PR,matinhos,toys,210.0,24.62,234.62,delivered,2018-06-18 20:58:10,2018-07-17 00:00:00,2018-06-26 23:49:16
a1ca351ecfd6a7962ae956aeb0c9f96c,c35a8cd04f5a2439874c13f7846f32b7,RJ,itaperuna,christmas_supplies,7.68,18.23,25.91,delivered,2018-04-23 16:16:49,2018-05-23 00:00:00,2018-04-28 11:36:54
2d5eba84336d0f61b5cc25228d21b8ee,69c4d5f002f4f99045b3775cd9d9dc30,RS,porto alegre,bed_bath_table,113.0,23.37,136.37,delivered,2018-03-19 09:30:21,2018-04-13 00:00:00,2018-04-10 00:08:24
38c0490a36e405db00241fdefccc38f0,6ab04072486b8399fb333b44a707ffc8,SP,braganca paulista,health_beauty,104.0,15.48,119.48,delivered,2017-06-05 14:00:05,2017-06-28 00:00:00,2017-06-16 16:22:00
5b11be6198779a98de48e7ad6ad1c941,2bf16a69ae39c5409bd761994247d690,SP,santos,perfumery,113.54,13.46,127.0,delivered,2018-06-15 11:30:25,2018-07-18 00:00:00,2018-06-25 18:58:30
83c6401c172501d8dbb2cb1c89a51b01,0556929f4c62baf96feafe4e1b52bc0b,BA,salvador,telephony,27.99,17.06,45.05,delivered,2018-03-20 02:29:16,2018-04-11 00:00:00,2018-04-03 00:37:51
36c048c109a2a9cedf85acc388be9f57,ad0ad7c74270b0993dd91f1b9aa0e320,SP,sao jose do rio preto,toys,599.0,17.55,616.55,delivered,2018-05-11 22:42:21,2018-05-30 00:00:00,2018-05-17 17:20:31
c8ce9a6ce9e77be6a9d5fe31e7496c34,ebd21b296c3b3c9d07f9efc68bf3202e,SP,sao bernardo do campo,bed_bath_table,117.99,13.85,131.84,delivered,2017-09-21 18:07:47,2017-10-13 00:00:00,2017-10-02 18:13:56
a63a3d3aceb23878150f9186b9bed935,dc1e294dceea9fbe6bd8646954e03c95,RJ,paty do alferes,bed_bath_table,89.0,29.18,118.18,delivered,2018-02-03 01:07:02,2018-03-09 00:00:00,2018-02-20 22:33:27
e684eea8e657e070728db7f897e2c6ab,cd0e52baedcb82662b0accd789d7f221,MG,belo horizonte,auto,27.9,18.3,46.2,delivered,2018-06-27 22:22:54,2018-07-18 00:00:00,2018-07-04 20:03:08
73421a5bdd55f86529569549055d9e82,8850bcaf8541216fa9c321f189af8031,PR,ibaiti,pet_shop,148.0,19.14,167.14,delivered,2018-08-02 12:05:28,2018-08-17 00:00:00,2018-08-09 22:24:35
91f8127396bfce32461d286408e16167,e5d3ed1d3f37e5943e8a1d1fa20ab21e,SP,sao paulo,health_beauty,110.0,13.67,123.67,delivered,2018-04-27 19:56:26,2018-05-11 00:00:00,2018-05-08 11:24:27
aed8573ac2c1e7bdccb04472bbeaec39,92ea89cc73adda82fbaf897a48947927,SP,valinhos,computers_accessories,24.89,7.39,32.28,delivered,2018-03-27 14:30:53,2018-04-09 00:00:00,2018-04-02 17:28:30
3087dfec43100fd80fab47b128aeaea9,4dfa664ad35b6339d354f3b932466299,SP,sao paulo,bed_bath_table,86.9,17.52,104.42,delivered,2018-03-06 13:08:03,2018-03-22 00:00:00,2018-03-15 18:03:10
de6ecf000012d5db3960671b364f9c33,bdb62e5c5b9046614717e3aa6194c686,MT,vila rica,telephony,49.9,16.79,66.69,delivered,2017-07-03 16:50:27,2017-08-02 00:00:00,2017-07-21 17:21:31
cc94498194148d51cfb085f11338b383,b0927dc3ec5627c0822425248cc99c13,BA,capim grosso,health_beauty,99.99,21.15,121.13999999999999,delivered,2017-03-29 23:36:44,2017-05-04 00:00:00,2017-04-13 13:13:26
86efd7c29e904b20b31e862644db7ece,45fec378a656a14acc8905a78e477cf9,SP,tatui,housewares,399.0,14.02,413.02,delivered,2018-05-14 08:51:21,2018-05-29 00:00:00,2018-05-23 12:36:25
91d62a361b8c239a73fa1d50961da3fb,68a42f27fe5a944473c10b8950cb94b9,ES,vitoria,unknown,35.0,14.1,49.1,delivered,2017-05-11 14:19:13,2017-06-06 00:00:00,2017-05-19 18:42:02
f03434727c9a50ca23feaf58ce218aa7,0507295d1e325fff6a062f91206d5efb,ES,nova venecia,furniture_decor,109.9,27.07,136.97,delivered,2018-08-18 16:37:58,2018-09-20 00:00:00,2018-08-29 19:08:35
9e59d7a05399ce3b14328231dcf4bab8,3c00dc27be37b3446a1892577acd51ab,RJ,miracema,auto,17.5,15.1,32.6,delivered,2017-12-26 11:05:58,2018-01-29 00:00:00,2018-01-09 11:34:30
5cba8bf344b3cd25e28cc401cd3a89e7,aed8cb80b5512777cb3f6361f4d00b77,MG,itajuba,computers_accessories,149.87,14.78,164.65,delivered,2017-06-02 14:29:27,2017-06-23 00:00:00,2017-06-13 16:10:29
4020cb1ac77d7c6009ac62522296521b,9b33eaeb706400af03a3d2c90e822ca8,PR,curitiba,bed_bath_table,99.0,19.66,118.66,delivered,2018-04-16 19:41:15,2018-05-08 00:00:00,2018-04-23 14:14:26
3202d54e102ee571b92aaba84b2a7696,df0856321238c726f5ecfc47514c1b68,SP,sao paulo,computers_accessories,99.0,8.85,107.85,delivered,2018-07-31 18:29:23,2018-08-03 00:00:00,2018-08-02 13:36:31
f63534bddbd95cda0a1f281a1994a1ef,23dc3a062c6c097bcb3940a909e7730f,SP,sao bernardo do campo,fashion_bags_accessories,24.9,14.52,39.42,delivered,2017-03-14 02:01:32,2017-04-17 00:00:00,2017-03-20 14:22:00
386725597660fc7a49b706655de2ffdf,c5b77055483780b5a5fd5d47f3e2faf6,SP,praia grande,housewares,49.9,9.74,59.64,delivered,2017-11-24 13:22:22,2017-12-08 00:00:00,2017-12-02 16:42:07
4f0a2c058df62bfe77f0e0e1e1ca66eb,33aa7fb9d2429916573aee9c36263647,SP,ribeirao preto,housewares,120.0,17.55,137.55,delivered,2018-02-17 19:14:12,2018-03-12 00:00:00,2018-03-05 22:13:11
1e2751c3d3ccebf99f0de90d7fd2b279,d507f95c1428c6ef2990ac45fd0b2382,ES,vitoria,telephony,21.99,15.23,37.22,delivered,2018-05-08 20:28:49,2018-05-25 00:00:00,2018-05-11 17:06:31
193a665b822ac18f6b67b7705da3d66c,d26420cca939f78a409db32872c4c8f5,SP,americana,bed_bath_table,35.9,7.39,43.29,delivered,2018-05-14 10:49:41,2018-05-24 00:00:00,2018-05-17 21:46:54
f8501c44660f66acd201a4fbb6c7c997,0da9b1b6c4d02e5297170b44b383523c,SP,sao paulo,housewares,41.99,12.69,54.68,shipped,2017-08-26 12:44:06,2017-09-14 00:00:00,
c8aae809e0a82502cf4254f5b9fd463e,c31bc96e6ca445a9f22ceabd3eca95dc,MS,campo grande,perfumery,27.9,16.79,44.69,delivered,2017-06-03 00:20:47,2017-06-30 00:00:00,2017-06-19 16:32:34
04276973bd289a01c0eb40a277fd919d,655b447df385f592de5ef331898d6a48,SP,guaruja,furniture_decor,66.29,12.8,79.09,delivered,2017-07-22 16:31:58,2017-08-11 00:00:00,2017-07-28 14:09:14
bad9804e1f16ed9115e1373a6d5fb3fd,fd8ccc89be43894d2553494c71a61fd8,RJ,niteroi,bed_bath_table,48.0,18.23,66.23,delivered,2018-04-19 08:19:39,2018-05-16 00:00:00,2018-05-03 23:21:49
171b2216b2d1b1f42bc9481f06dfaa40,1a391ee8180cea7235bcb454aef7f5ed,RJ,itaborai,bed_bath_table,38.99,19.46,58.45,delivered,2018-08-08 12:25:33,2018-09-04 00:00:00,2018-08-17 20:04:36
016e4acfc34b9f2abc69795f47c92f0e,a6d070c5bb1625afedbac4c019de0176,SP,sao paulo,telephony,45.0,7.78,52.78,delivered,2017-09-15 13:53:55,2017-09-27 00:00:00,2017-09-18 21:40:44
7a648e7b0dcf4e65e1348e16a245eca7,c03197ab6a74c1cb976c078127366700,SP,sao paulo,sports_leisure,59.99,9.34,69.33,delivered,2017-08-05 11:04:40,2017-08-18 00:00:00,2017-08-10 17:55:03
8a9a62b38ed8da3c86f13cde8cd3743b,9ed5ae1a5570f9c46f73ad7017a13075,PE,jaboatao dos guararapes,housewares,169.9,38.15,208.05,delivered,2017-04-27 10:25:40,2017-06-08 00:00:00,2017-05-09 10:41:28
9a7d887bfce614393f07fa23c246e26a,e7be9e1bdc69138c21bb5d597ca5dc5e,SP,piracaia,cool_stuff,329.2,18.06,347.26,delivered,2017-07-08 09:44:05,2017-08-17 00:00:00,2017-07-26 20:56:44
7b9af3037e0cb2e52c45aa906500e759,7d1e8d7edd852e45bc70c0d90a57c0d3,SP,bauru,bed_bath_table,68.0,14.06,82.06,delivered,2018-08-08 10:48:41,2018-08-22 00:00:00,2018-08-15 20:38:34
3240c29a58e0f5100088c091d4a9a0e2,cf2ab9fc5ad6668597ee514bb2ff4db1,SP,sao paulo,perfumery,38.9,7.78,46.68,delivered,2017-09-05 21:20:12,2017-09-21 00:00:00,2017-09-13 20:08:57
31a6cbe67abc9e5414688f0f59681ec0,679042cececa53e18d80bc7a651980dc,MG,igarape,electronics,29.9,16.79,46.69,delivered,2017-06-23 17:27:42,2017-07-19 00:00:00,2017-07-07 16:06:47
03c6017ed63622d5a2ddd03fd0b1fee7,f382ea55b9bb6cbb6d1d7f340b096940,MG,congonhas,books_technical,65.0,16.21,81.21000000000001,delivered,2018-02-15 18:57:58,2018-03-12 00:00:00,2018-02-28 19:34:05
0b4526b3cce3a48ec0506b923481cdfc,4d9e104764077f7dfae917c7cc803212,ES,vila velha,telephony,18.99,16.05,35.04,delivered,2017-03-21 13:29:54,2017-04-13 00:00:00,2017-03-27 15:18:10
6d2010e542102f9a4ba2316b70a556be,2d4df3b94e4c56fb47d7fc7ec065a612,SP,sao paulo,luggage_accessories,129.99,17.16,147.15,delivered,2018-01-14 07:03:49,2018-02-08 00:00:00,2018-01-22 19:22:32
de745e34eb24d2c0c2b46c6e86659127,d7c3ad84c2c8b0f294d23087bacccb53,BA,capim grosso,cool_stuff,269.0,23.59,292.59,delivered,2018-03-07 14:11:54,2018-04-17 00:00:00,2018-04-09 17:22:54
4adf97ca6d3e14379dd9e26d2a6335e0,f5b3798ad9cab199ea4200733fd78040,SP,sao paulo,sports_leisure,15.9,7.39,23.29,delivered,2018-03-18 18:21:20,2018-03-29 00:00:00,2018-03-28 20:34:35
7af964692dbab0c7e5f70ff30f03b7df,bd260558a19c1577f663eda16fb79224,SP,sao paulo,sports_leisure,33.49,7.97,41.46,delivered,2018-08-14 03:22:04,2018-08-23 00:00:00,2018-08-17 22:41:13
9811e9a18a958540d5b173727b2edf95,4a60e6616338bd66ae2547114d01b4bf,RS,santa maria,housewares,52.2,17.62,69.82000000000001,delivered,2018-02-11 16:09:29,2018-03-15 00:00:00,2018-03-05 22:44:00
dfc8f9a5ad0aeeca78deee699a7a570e,77ab661ff97ce38f2b08df0e72c0254b,PI,parnaiba,bed_bath_table,89.9,25.12,115.02000000000001,delivered,2017-04-19 23:09:21,2017-05-24 00:00:00,2017-05-04 12:57:48
84d7b8f09ab474f27e37c8d220a996be,1f140f58fd390b82121cdeb84fc169ab,MA,imperatriz,electronics,79.0,35.0,114.0,delivered,2017-02-28 18:07:58,2017-04-05 00:00:00,2017-03-15 16:13:49
c274a2e17f75d6af15fc30bbdb0aa44c,8d09061b374e2cec0e6c916b253cccf5,SP,caieiras,computers_accessories,90.0,9.44,99.44,delivered,2018-01-05 09:56:10,2018-01-23 00:00:00,2018-01-10 20:55:02
51bb13153af861b1c5967b91c735bb8a,05d4a7799b1b99f40a6a679e24df86df,SP,salto,consoles_games,319.0,10.98,329.98,delivered,2017-09-11 20:58:23,2017-09-21 00:00:00,2017-09-18 18:30:05
8b69e25aaf296391c63e1158984ed9ce,fd8cb1bbbf12eb443bc2876331db7cc1,SP,sao paulo,sports_leisure,259.0,16.56,275.56,delivered,2017-11-11 11:48:16,2017-12-08 00:00:00,2017-11-21 15:06:36
8516c79299bfdf176ffe9801f3ff146d,1ec57b340807a14b1313c0013b3c4eb4,PR,curitiba,telephony,11.95,14.1,26.049999999999997,delivered,2018-01-20 03:25:12,2018-02-15 00:00:00,2018-02-02 17:47:51
6c78a9434dea28ba5f0dc29840509e67,caa1a53d52986e888322bcc60b71064d,SP,sao jose dos campos,watches_gifts,39.0,7.53,46.53,delivered,2018-06-12 16:12:12,2018-06-21 00:00:00,2018-06-14 21:33:03
491796bba785a397014b993ef8006380,22fca38d04dfbc312a3f14bd5b033124,PE,goiana,housewares,19.36,26.89,46.25,delivered,2018-01-26 12:03:26,2018-03-12 00:00:00,2018-02-19 19:48:57
2d33f101d4220c7eff9e64679870dd44,65451da312d5e253c6608a2577891807,SP,marilia,bed_bath_table,31.9,13.71,45.61,delivered,2018-03-21 12:31:02,2018-04-09 00:00:00,2018-03-29 21:18:28
0f57f8c8546ce0d3837910801250d944,117afdd8d1bcf43bd2039004062fea12,SP,indaiatuba,cool_stuff,99.99,11.9,111.89,delivered,2017-08-18 20:56:48,2017-08-31 00:00:00,2017-08-24 19:53:35
b30fb34686fab6a41f51d78d944b6f41,89ce5eebcf7aca54e51284c59724a1e2,SP,sao paulo,books_technical,9.95,7.78,17.73,delivered,2018-02-24 13:02:45,2018-03-19 00:00:00,2018-03-01 21:27:05
7b8d0a893743d55557532e35a0b73a31,c694ffd0ff6d172ecf34fcd4202c8693,SP,campinas,cool_stuff,139.4,15.88,155.28,delivered,2018-04-25 22:00:57,2018-05-10 00:00:00,2018-04-30 13:58:52
7ffcdcd61ff7eb4f55adfcfe5940b9e2,e09f04c7b6a088498a49a3af51e12eb4,SP,sao paulo,signaling_and_security,49.0,11.36,60.36,delivered,2018-08-01 21:48:09,2018-08-06 00:00:00,2018-08-06 17:15:00
fc9478f69096b445f096798b968fbbd3,9190d6ac7534e99da5edfd3aa43b29a6,SP,sao jose dos campos,unknown,23.8,7.78,31.580000000000002,delivered,2017-07-27 14:33:06,2017-08-09 00:00:00,2017-08-01 18:42:10
99ed5bfea4c7e7191a2412698fc7abbb,c6df3869c263531ebd51f0454a353605,RS,pelotas,bed_bath_table,13.9,16.05,29.950000000000003,delivered,2017-03-04 10:22:53,2017-04-12 00:00:00,2017-03-22 10:16:01
61920c076c4c9bd3f5e1cd9d42309139,396e4ae308d488f746265c8d28eb0270,PR,foz do iguacu,bed_bath_table,69.0,23.28,92.28,delivered,2018-08-15 13:14:00,2018-08-28 00:00:00,2018-08-24 13:35:32
27a6ada08a4daaa908ef8f862441e486,34de78d15366663da947a58b7e9aa88b,RJ,rio de janeiro,garden_tools,49.9,17.6,67.5,delivered,2018-01-30 11:24:41,2018-02-22 00:00:00,2018-02-22 22:16:53
747996a66f5aa711deb8ae58f5ae46a0,12f5d6e1cbf93dafd9dcc19095df0b3d,PR,curitiba,pet_shop,9.9,8.72,18.62,delivered,2017-01-05 15:25:10,2017-02-13 00:00:00,2017-01-16 15:18:08
555e4d40fb6beea866d46eb6a5a01b41,7d15b5b3609f450652ddc385d624a2cc,SP,sao paulo,watches_gifts,19.9,9.41,29.31,delivered,2017-09-17 18:52:44,2017-10-04 00:00:00,2017-09-19 18:57:33
335c699e72e2554d20656295439bdcb5,665cc94a5b90b07801833c77b93c052f,MG,espera feliz,watches_gifts,249.9,16.5,266.4,delivered,2017-07-12 10:53:36,2017-08-03 00:00:00,2017-07-26 10:24:07
4f3ca5ff0917ab7f5c33e83a98ca7a83,3bc2576ef69da2477d0c9a4b1ecf4086,RJ,itaguai,bed_bath_table,69.9,17.74,87.64,delivered,2017-10-05 18:56:26,2017-11-01 00:00:00,2017-10-19 17:51:24
30f9a19b0813c91db4efc5ed582b0bff,fe4507b45776019ff2788c81e595f5d2,SP,capivari,bed_bath_table,69.9,10.21,80.11000000000001,delivered,2018-05-06 12:34:03,2018-05-30 00:00:00,2018-05-11 17:23:25
7802207732bf2bf55f1994667489339b,465245bfcd32c50c0024472220b5f46c,SP,carapicuiba,electronics,50.0,19.54,69.53999999999999,delivered,2018-07-25 11:04:58,2018-08-14 00:00:00,2018-08-01 00:36:55
38422d02f6afe2fd7a700d046a3cabee,f9485fa5e9d3f9e2260c90df2eceb058,MG,belo horizonte,sports_leisure,269.9,24.43,294.33,shipped,2018-05-22 15:04:49,2018-06-08 00:00:00,
73db7f6cd086270ffe2e67b8379385bf,1828d3049fe78517541dcd7b554afcac,BA,salvador,auto,36.9,19.59,56.489999999999995,delivered,2018-01-18 12:49:09,2018-02-16 00:00:00,2018-02-07 21:22:15
897da32e9712dafcf2fb6615aeb3318c,947e93a9bb28256adebe49f78cff07ad,PR,londrina,bed_bath_table,34.9,14.08,48.98,delivered,2017-05-31 17:06:39,2017-06-27 00:00:00,2017-06-08 10:53:01
591398abee6f2509ff5cdb6e5068dc27,e4757815f9041aa60208304a960d9ddf,PE,recife,office_furniture,219.99,69.96,289.95,delivered,2017-07-25 13:16:11,2017-09-01 00:00:00,2017-08-12 12:39:50
7af09f41da0338028361e811ca9d4421,0fbd8fdb573225776c7200885f71ecd1,SP,sao paulo,small_appliances,15.9,9.34,25.240000000000002,delivered,2017-08-02 16:25:12,2017-08-15 00:00:00,2017-08-04 17:17:51
c4fe6f6fb6b226089906913cd4ab8a20,d47e6c5305cc5d8d676aea5d91711095,RJ,rio das ostras,baby,52.0,44.16,96.16,delivered,2018-07-04 12:34:13,2018-08-03 00:00:00,2018-07-12 22:48:23
3dbaee49e261c2196c0b7be676957e0e,401e6fe43283a50076215582afded7e1,SP,paulinia,home_appliances,57.0,8.14,65.14,delivered,2018-07-31 12:40:23,2018-08-08 00:00:00,2018-08-03 19:22:32
911caddee9193485ecfacba64e139beb,50bb522b463517d5cdcb4ce2ac2fc610,CE,fortaleza,garden_tools,139.0,107.3,246.3,delivered,2018-08-12 21:16:42,2018-09-10 00:00:00,2018-08-23 18:53:44
a9c89bb4f8fdb0f08903c73d7d4e8822,47b29e588ab38bd9734d713a831e30b5,SP,sao paulo,health_beauty,58.99,11.73,70.72,delivered,2018-01-10 07:58:55,2018-01-26 00:00:00,2018-01-13 00:38:39
d74872a40866989344f6470c6527edb5,177952704d525ec3864205596a32b897,MG,agua comprida,computers_accessories,28.9,15.1,44.0,delivered,2017-08-18 11:56:30,2017-09-12 00:00:00,2017-08-25 18:55:00
302e20550af8f4aa30223f3cabcc14c0,1d900b1ce211e702e4704b1bee5752fc,SC,criciuma,perfumery,13.99,15.1,29.09,delivered,2018-01-23 13:18:16,2018-02-20 00:00:00,2018-02-28 14:26:45
9125562ef8d65ae1d7443c3d64d4a810,8054a88a9a8d77ac917989011ae4e6f4,MG,belo horizonte,drinks,75.0,19.72,94.72,delivered,2018-07-22 20:02:43,2018-08-09 00:00:00,2018-07-25 17:58:38
dd71d407875ef4dd2c29c8eabd2bc56e,e69799b53c017c8f8d753ab9ae4a10a5,DF,brasilia,electronics,99.9,7.88,107.78,delivered,2018-04-22 12:19:34,2018-05-08 00:00:00,2018-04-24 19:03:05
6cb2000475274ad7e94d1e64f840e907,aea912932dcfd24b192a0445ccaa7f00,MS,campo grande,computers_accessories,67.99,16.67,84.66,delivered,2018-06-19 16:45:50,2018-07-13 00:00:00,2018-06-25 18:12:15
a49b30472ac98d5d5e1889d3ce2974b1,bcede807848eef4857ee47f3ae57ebd6,RS,lajeado,toys,99.99,9.26,109.25,delivered,2017-11-25 15:05:34,2017-12-11 00:00:00,2017-11-29 20:15:38
c031499c4cbb79432ca006cef2104302,3dea74ce7048f43ca3a2338f34f1bdcf,MG,santa luzia,computers_accessories,27.99,15.1,43.089999999999996,delivered,2018-01-27 22:01:00,2018-02-22 00:00:00,2018-02-14 12:38:33
ed913f2f9db29736f6ef22c4446abdac,ed65e3fde3b08f3d0561e21a458f4fc0,SP,osasco,toys,19.99,7.39,27.38,delivered,2018-03-08 23:09:28,2018-03-20 00:00:00,2018-03-13 19:16:40
13672bbd5446ca25fe82ddc218f81a3a,6c7c9cbd6becaa4a1822207f900cc0bb,SP,maua,books_general_interest,39.9,7.39,47.29,delivered,2018-05-14 21:43:39,2018-05-25 00:00:00,2018-05-16 16:18:54
e9b3258a406a55c86715a28bf26c98a0,0c708157885d07ce329f4fe6dd44f8eb,SP,osasco,perfumery,69.0,7.87,76.87,delivered,2018-03-27 14:16:24,2018-04-09 00:00:00,2018-04-03 18:31:36
bf5a0b2281067192ee4215a039245d05,46e9cb895f1f933fe2a905fde4e02cc6,SC,itaiopolis,books_general_interest,44.9,16.11,61.01,delivered,2018-02-05 12:04:09,2018-03-08 00:00:00,2018-03-02 13:19:17
e4175c48cab7af2bed0f9d9001f006af,7ebdbdb58c8897d6f84dba51360f6a62,SP,guarulhos,books_technical,57.89,11.15,69.04,delivered,2018-05-15 18:55:23,2018-05-24 00:00:00,2018-05-18 19:03:02
5691108060e2d41f29c317bb5f4d70ab,cf76ef4381eb93e8cca57ff7108cabe2,SC,concordia,unknown,122.99,15.61,138.6,delivered,2018-02-09 17:33:50,2018-03-08 00:00:00,2018-03-07 18:17:58
e590915e0817faa870d3eceadaa9399c,380617198d4ae9d6723d5735ce1ea8b7,SP,sorocaba,computers_accessories,45.9,7.58,53.48,delivered,2018-08-20 13:42:28,2018-09-04 00:00:00,2018-08-23 15:38:49
98ecfc5c563ee4f1718c29d586a317b7,cbc23444774ec29500020c5a5374d8ce,MT,nova xavantina,bed_bath_table,199.9,37.53,237.43,delivered,2018-04-14 11:15:10,2018-05-18 00:00:00,2018-05-04 20:38:35
6d6d16957081d6989c08a9622183623a,61ab612047aa649fa0919d8932839270,SP,piracicaba,construction_tools_lights,159.9,18.7,178.6,delivered,2018-08-11 15:00:20,2018-08-22 00:00:00,2018-08-15 13:25:37
798ad597febc1c2ece313c04fc33d6de,53acc4368b7ba1ab5512f831c8bb9f2f,SP,sao paulo,bed_bath_table,89.9,17.37,107.27000000000001,delivered,2017-02-08 19:45:37,2017-03-09 00:00:00,2017-02-16 08:12:13
9aa14168a046c59b46f06deddfa3c9a4,331d7031ba62e9965f3c0e605261d1ea,SP,sorocaba,perfumery,199.9,9.96,209.86,delivered,2018-01-20 21:26:12,2018-02-06 00:00:00,2018-01-23 12:17:06
6e9a1a1213572dd3cde6887df64df77b,a8013fd4e4acf9c0c679bda6d572eeee,GO,rio verde,office_furniture,106.94,36.38,143.32,delivered,2018-02-06 11:53:02,2018-03-22 00:00:00,2018-03-14 00:08:23
49bf04fe426e7517bbe768c2ba22699f,9b1104323a4038103944dfbade23eec6,BA,entre rios,watches_gifts,95.0,37.36,132.36,delivered,2018-03-15 22:12:35,2018-04-09 00:00:00,2018-03-29 11:06:46
31b855608ca69e4146b737745506f2d5,86df00dc5fd68f4dd5d5945ca19f3ed6,RS,porto alegre,computers_accessories,175.5,15.98,191.48,delivered,2017-08-23 14:34:52,2017-09-22 00:00:00,2017-08-31 17:17:37
1bb86f8d6d2967cbf88b8a487d536e43,e362e9f3947b2f88f40b5d650defddb3,RN,mossoro,bed_bath_table,30.9,50.85,81.75,delivered,2018-06-07 12:44:20,2018-07-17 00:00:00,2018-06-23 00:26:35
58215b0c6543fc7be2557b0defb786d1,baf77acc099b750351155bef36390b8d,SP,piracicaba,telephony,41.99,7.39,49.38,delivered,2018-04-01 21:39:03,2018-04-17 00:00:00,2018-04-05 19:22:07
283a7afd444a9a463b7bc938f0344f70,ddaa84d97afb2d3d932f167f60a5d716,SP,sao paulo,perfumery,139.9,15.73,155.63,delivered,2017-06-23 01:55:44,2017-07-17 00:00:00,2017-07-03 10:07:48
b8eddc75e14deb94310c124b0458c626,45c327d8b3ca237bfa0e0f6e77de9fb7,SP,sao paulo,fashion_bags_accessories,69.0,7.74,76.74,delivered,2018-07-02 13:07:15,2018-07-16 00:00:00,2018-07-04 19:58:23
477749bcfe4bc5261ca38dd7fad8859b,a81d8129eabc9d184da6e894b7655cfe,RJ,volta redonda,bed_bath_table,79.0,27.5,106.5,delivered,2018-08-10 08:56:30,2018-08-28 00:00:00,2018-08-17 12:43:30
22fe58e8a8084630f52ce3fbb02c9ac1,ae6ebd1ea96fc64aaa3e0b502b92bf9c,SP,sao paulo,office_furniture,194.99,35.53,230.52,delivered,2017-11-07 12:40:52,2017-11-28 00:00:00,2017-11-24 20:43:01
6e7d56b33e25e67ee602c9bfb9a63018,2b5b9e6b6fceda761d529dfbe20dd8d9,SP,sao paulo,pet_shop,35.5,8.27,43.769999999999996,delivered,2017-07-30 11:30:39,2017-08-11 00:00:00,2017-08-04 19:57:56
76e1398ff6f5ed6b681d270df349e3f8,59d2db950a513645b4f625a77a6d7e02,GO,catalao,garden_tools,49.9,20.7,70.6,delivered,2018-02-13 16:53:29,2018-03-09 00:00:00,2018-03-03 15:02:59
3c0a214a5ba7ab90427502f4d578b659,a296002504547e167a6167985e3fb7a5,RS,candelaria,home_appliances,39.0,22.93,61.93,delivered,2018-04-01 20:34:04,2018-05-15 00:00:00,2018-04-11 20:08:39
8c3dc89e0f3cb3d2ba28bd9559109b84,bdd176e678f14d84e9f19bafa82a5a69,SP,guarulhos,housewares,18.95,13.47,32.42,delivered,2018-08-09 15:39:32,2018-09-18 00:00:00,2018-08-23 02:27:51
e0a341e9f5a2c4c054ef1f49f6836414,ea469a0171091a5488127d97decab485,RS,porto alegre,telephony,15.99,14.1,30.09,delivered,2017-05-09 17:21:09,2017-05-31 00:00:00,2017-05-16 14:52:15
2b9028857f54fa9bbb2a049cd5948d15,5f35bc4d7414e7400a695e667a5ef456,RS,pelotas,books_technical,62.9,18.32,81.22,delivered,2018-03-22 10:08:56,2018-04-19 00:00:00,2018-04-10 20:12:21
2935c56eef4b858e80e28d27d3243b33,111cf8a9daf60d3546f563db7ed8455b,PR,campo mourao,garden_tools,99.99,50.99,150.98,delivered,2018-07-31 18:10:16,2018-08-15 00:00:00,2018-08-15 14:48:40
e23a2679ade434eac3bad78376898279,a2346489c23a35ba85d17038fa1cb7da,SP,osasco,consoles_games,24.5,11.85,36.35,delivered,2017-10-23 15:02:24,2017-11-09 00:00:00,2017-10-27 19:13:06
53c9a0d2bf333276fee812b2f2bcec0a,e687e4462ff939a01153e9b436b4c0b7,PE,araripina,telephony,13.98,24.84,38.82,delivered,2017-04-26 00:35:34,2017-05-30 00:00:00,2017-05-08 11:40:30
c9645496b715730a1a5d07eb97a6bf6b,04e6136a14d4d23d0b5d79443b94225b,SP,mogi das cruzes,sports_leisure,128.0,13.48,141.48,delivered,2017-01-18 14:56:47,2017-02-14 00:00:00,2017-01-30 13:13:54
2a8d909d2c102155c7ce2c9a24769447,ee9acb80d01d42bd5d2a4d850c1c606e,MG,joao monlevade,computers_accessories,186.98,15.04,202.01999999999998,delivered,2018-01-08 09:32:47,2018-01-31 00:00:00,2018-01-15 18:12:10
6e11f5b6972e1b602699867fc1d5b6c9,3b3b1305abb17ce0e475af2fbd55d624,CE,fortaleza,furniture_decor,59.9,20.69,80.59,delivered,2018-07-24 09:42:59,2018-08-14 00:00:00,2018-08-06 12:39:38
1f039c377ad805f38658f64f2102c992,4e012ebff739bde041e02fcabd42d3d0,RJ,niteroi,furniture_decor,275.31,37.03,312.34000000000003,delivered,2018-08-09 08:16:06,2018-09-10 00:00:00,2018-08-15 19:42:35
b7cae694c780d4c511f348d882008f63,c7a85bbfa63de62bdcb866b0f4fd8b13,SP,sao paulo,bed_bath_table,144.9,14.13,159.03,delivered,2017-11-24 01:27:23,2017-12-08 00:00:00,2017-11-26 12:14:01
5260ac84bdd23400bd774a4507093208,3ec83b54e0afb70def9480cd6b9097f7,SP,santa barbara d'oeste,office_furniture,149.94,21.7,171.64,delivered,2018-02-27 12:23:58,2018-03-28 00:00:00,2018-03-09 22:56:40
b719a68a6c0da28bee1f17bff6b3c50d,1ce6ee8085f9fd56696fc006b78e270a,MS,campo grande,perfumery,13.99,15.23,29.22,delivered,2018-07-16 11:23:32,2018-08-03 00:00:00,2018-07-26 01:09:36
f145ac5697118e7722ffbf89c0e66331,c582f7d8bdd468701cb419b374e819de,RJ,duque de caxias,furniture_decor,17.9,15.1,33.0,shipped,2017-12-07 22:03:26,2018-01-04 00:00:00,
ab17008d463dbbcc0fac3c3d8d2931e6,8a3bedb46246417ce3579406dde6d8da,MG,uberlandia,baby,19.9,15.1,35.0,delivered,2017-08-12 00:36:13,2017-09-05 00:00:00,2017-08-21 21:44:53
9ef13efd6949e4573a18964dd1bbe7f5,11f97da02237a49c8e783dfda6f50e8e,GO,goiania,garden_tools,51.0,1.2,52.2,delivered,2017-01-30 21:44:49,2017-03-07 00:00:00,2017-02-14 10:48:10
d32c8abcdc749f46da62424028a3aba0,25490880dbde23ebe2cab247196b958b,SP,braganca paulista,health_beauty,34.9,7.5,42.4,delivered,2018-08-22 14:24:54,2018-08-29 00:00:00,2018-08-28 15:41:46
1253425c1b76191a5ff742f11d80e1fa,d84eef527886bcba5d813645e08918d3,BA,salvador,telephony,49.99,15.79,65.78,delivered,2017-07-14 21:38:58,2017-08-15 00:00:00,2017-07-26 01:04:50
1d58535a7efa4ccc8eab9bf3b16111c7,2ccbda6a76e1ef7be1e12e0c7356a0ac,RN,parnamirim,books_general_interest,34.0,8.27,42.269999999999996,delivered,2018-01-06 18:14:56,2018-01-29 00:00:00,2018-01-11 18:25:55
e332eda82fe7ca4e86daf4f71ca785df,12138e8ba93973c9b561253683f5581b,SP,valinhos,air_conditioning,190.0,44.05,234.05,delivered,2018-06-05 14:38:19,2018-07-11 00:00:00,2018-06-11 17:38:42
c389bed1741c8f36cfc6908c1677288b,06b457298293c7aee65c8485874b26e6,SP,sao paulo,food,27.9,7.87,35.769999999999996,delivered,2018-03-20 09:01:08,2018-04-02 00:00:00,2018-03-26 18:08:50
5f0729d8bd88589e8501140a9eb86ed3,2cddb5e8cd6041ea7b9afe8b04bd9594,SP,sao miguel arcanjo,health_beauty,84.99,12.93,97.91999999999999,delivered,2018-01-15 15:31:31,2018-02-06 00:00:00,2018-02-02 18:33:20
86dc6d6365151fcdab6e43c4bd3c2dfb,ad6b41ac47a4468e992474b86b943a20,SP,sao paulo,musical_instruments,152.5,14.82,167.32,delivered,2017-07-22 00:26:36,2017-08-15 00:00:00,2017-08-10 18:05:07
83f0c4c6b1a3c31214ca8266dc888258,d4336c36fbe83d4668606c4361932e1d,SP,peruibe,office_furniture,79.99,28.96,108.94999999999999,delivered,2018-01-27 00:10:10,2018-03-09 00:00:00,2018-02-21 23:33:12
7f4fc954dc46f105335b49a80acb1f7c,8b97e74de321e5e5009a92d7aedff7bb,PR,paranagua,health_beauty,599.65,18.95,618.6,delivered,2017-11-21 00:17:44,2017-12-13 00:00:00,2017-11-27 20:51:32
4bd13580e951063d19e99e60bc4d1492,5be2630961b92684db5a1db32cbd41bc,PR,curitiba,auto,99.99,5.24,105.22999999999999,delivered,2018-08-03 13:37:30,2018-08-15 00:00:00,2018-08-06 18:42:40
fe590d6e861c13a9b394a9d3775b07d7,4ccb9e4180e8b01c2fbe9b1965929260,MT,alta floresta,cool_stuff,239.99,22.13,262.12,delivered,2017-02-06 18:02:01,2017-03-13 00:00:00,2017-02-21 17:22:09
74d59459f88ddcdcda3e557af55ec4bc,89dedf8be7ce16958f78a8d2a4c8edfb,CE,taua,consoles_games,15.9,15.1,31.0,delivered,2017-06-14 22:58:31,2017-07-07 00:00:00,2017-06-29 09:42:52
7a255b67322e2c359d3ed389b9f4695c,51ee0156ab8a559f992eb7308f0063e7,BA,itamaraju,baby,52.0,18.97,70.97,delivered,2018-04-26 00:24:15,2018-05-29 00:00:00,2018-05-25 18:56:24
a6acb34f913bfaf8367a31f75d53829f,6172318828b59d6fd3ea13ba4f2eb9bc,SP,campinas,stationery,89.0,29.41,118.41,delivered,2017-10-19 21:02:44,2017-11-07 00:00:00,2017-11-07 21:37:52
083556b25c9ff2ecef87ad43b8d265cc,640a5c31186495bfdaa029841f3362bb,SP,sao paulo,audio,119.59,9.19,128.78,delivered,2018-05-31 02:31:42,2018-06-26 00:00:00,2018-06-13 00:28:43
110fb617059394261537548c8124ee1e,9f9e45ae79fc301d0418088e0ec91f11,SP,sao paulo,baby,169.9,19.49,189.39000000000001,shipped,2018-08-08 16:37:28,2018-08-28 00:00:00,
2e71a5c523cd61c4d906ebc8203ef215,2d60b42c7156339c9c13adf38fde9e2e,SP,campinas,sports_leisure,69.9,16.12,86.02000000000001,delivered,2017-08-08 09:23:56,2017-08-28 00:00:00,2017-08-11 19:47:46
bddb90ea4cfeb9f9ba6f30088662a40c,2b1c17f524720a484f86dcb7d454edef,RS,canoas,unknown,122.99,14.61,137.6,delivered,2018-03-03 14:31:30,2018-03-28 00:00:00,2018-03-21 20:08:33
d6db7f667096b9209c177893ddedb788,c51bebeada519f661fbe80b7e038eaa6,SP,hortolandia,electronics,14.6,7.78,22.38,delivered,2017-11-29 20:53:57,2017-12-15 00:00:00,2017-12-07 21:46:49
f24cd74db6ccacf156b3f8061a765a38,3b1a140b3e265fc3f94bbcfbdaaab73a,MT,campo novo do parecis,sports_leisure,85.0,23.52,108.52,delivered,2018-06-08 17:39:28,2018-07-17 00:00:00,2018-06-25 21:04:31
2a013a00580ed531afdce681a1ef062d,2c9b76b4113203e14a84f098fc8f3012,MG,ouro branco,musical_instruments,199.0,24.26,223.26,delivered,2018-01-26 00:09:45,2018-03-01 00:00:00,2018-02-01 19:58:50
41b6d9a83b4f55e253cc69d7cd6dd55c,3c148fda438c986c7f659079038f308e,SP,diadema,telephony,170.0,25.54,195.54,delivered,2018-07-30 17:49:11,2018-08-22 00:00:00,2018-08-07 15:48:36
3e17eef8a8bd0131c7aed90d7508799e,fa1573613e47e14b61de057fcae891b0,SP,sao paulo,bed_bath_table,44.9,9.09,53.989999999999995,delivered,2017-12-07 12:53:03,2017-12-26 00:00:00,2017-12-12 20:04:02
48746ebc66a8a0c2ddf69a32bfd48dd9,dd75d57a363e72f89d3c56d466ca9631,MG,patos de minas,health_beauty,84.99,16.35,101.34,delivered,2017-11-30 09:15:24,2017-12-27 00:00:00,2017-12-08 21:10:27
00ae7a8b4936674ebb701d4a23719a79,f0b9f688a3b9151bc6b38f4b5b36ea44,SP,santana de parnaiba,auto,27.9,9.26,37.16,canceled,2018-05-09 14:14:06,2018-05-17 00:00:00,
d3a93984e59258e140f2bb4784be7bff,6c08a1ff8d15b8956488744617afc154,SC,catanduvas,auto,299.0,55.76,354.76,delivered,2018-05-10 13:30:53,2018-06-05 00:00:00,2018-05-21 13:45:56
dc43adc8cf44306503fd3db002d5db5f,d5f4d315a02dde7b381306b21a2bb9c2,SP,sao paulo,housewares,123.9,13.21,137.11,delivered,2017-05-19 14:45:14,2017-06-08 00:00:00,2017-05-30 02:12:25
9f076b87261e6c9894139da7d41eb02d,bfc84496b1100cbbd83a6f8087526168,SP,sao paulo,garden_tools,37.99,15.1,53.09,delivered,2017-05-06 19:32:23,2017-05-31 00:00:00,2017-05-22 12:18:11
db3d8c47002a9d03c4220a0a0bccff78,d0d4b3f21b0a9f1768fc7e8555e6feee,RS,passo fundo,home_construction,79.9,19.75,99.65,delivered,2018-06-28 13:01:57,2018-08-06 00:00:00,2018-07-11 17:38:26
a52e3d383eaf9797e19309a2f0fbc4b2,938f430a30c511a883c71999f6d01dcc,PR,cambe,garden_tools,49.0,17.64,66.64,delivered,2017-11-27 21:27:56,2017-12-20 00:00:00,2017-12-19 17:33:09
a1ef4c97bec306560bd7bee5982310cc,39a4355f6aa228bdd1dfbc642952aec3,SP,sao paulo,computers_accessories,31.25,12.79,44.04,delivered,2018-03-21 12:26:15,2018-04-11 00:00:00,2018-03-27 00:51:31
d30162aca68f89b06d618c38ef7b88e0,554e86a4882554448c17fe48bce0bdf4,MG,pedro leopoldo,computers_accessories,34.99,14.1,49.09,delivered,2018-02-01 18:53:40,2018-02-26 00:00:00,2018-02-21 19:17:02
abcc1a031465c469ccf2a24ce5e762cc,dfe756b8f14330384f9257fd38479bf2,MG,diamantina,furniture_decor,69.9,26.11,96.01,delivered,2018-02-17 18:13:01,2018-03-12 00:00:00,2018-03-01 00:59:02
7fd3cf60e6c81a64f2adc0e09d2dfdac,4f24d302b7c54fe31fbbfdcf6ef9ff39,SP,sao paulo,unknown,41.08,14.11,55.19,delivered,2017-02-09 10:05:12,2017-03-10 00:00:00,2017-02-13 09:47:38
610cb5d8ac9938a7e80ee9e3b9c04be5,06d17cdfefd3949b0539e6d082de6d99,PR,almirante tamandare,auto,55.0,15.27,70.27,delivered,2018-05-16 23:00:54,2018-06-14 00:00:00,2018-06-06 18:29:51
524328eaaeddfd8aa01dc3897ad69935,f3cd4edf8e8a2fb21b3291cb195e5e59,PE,panelas,stationery,99.9,36.02,135.92000000000002,delivered,2018-02-10 23:58:04,2018-03-19 00:00:00,2018-02-27 22:09:44
9cf6d08e57855a633b5c0c79258ee121,942a5e1f3f7b206e11354f6d84121a3e,MG,curvelo,garden_tools,49.0,17.64,66.64,delivered,2017-11-24 11:47:45,2017-12-19 00:00:00,2017-12-12 16:16:46
191c451ac0475419ae3c6e7dd134545d,c75c9d7b64971896c6c147a4829bc31c,RJ,marica,sports_leisure,99.9,15.91,115.81,delivered,2017-04-07 19:48:37,2017-05-03 00:00:00,2017-04-19 15:58:05
818d0c9b3531cc8ccfbaf8c6efb8f17f,975144cec760be06b41fa74f09952278,SP,jundiai,luggage_accessories,67.9,15.36,83.26,delivered,2018-03-22 12:34:19,2018-04-10 00:00:00,2018-04-04 20:42:12
5c4b6f896e003ca0b2a00ac3d1124822,4e3d73344415d18b2d8b5bed969aed1b,SP,sao paulo,luggage_accessories,60.0,9.17,69.17,delivered,2018-08-15 00:20:37,2018-08-20 00:00:00,2018-08-20 11:39:57
a3f77b12916a4990f41ebed970bcdb92,0105f445969ca7b8fa2e354bec7a95bd,SP,caieiras,cool_stuff,139.99,12.18,152.17000000000002,delivered,2017-11-19 13:27:09,2017-12-01 00:00:00,2017-11-22 17:03:47
81aaca55da8047141cf58b07e5f2e26a,27c43523b5c5d87503a58db4487aa8b3,RJ,petropolis,pet_shop,89.0,22.55,111.55,delivered,2018-06-17 07:10:13,2018-07-16 00:00:00,2018-06-26 13:03:43
c23118f80a11f1fe5147253748fc761e,74cc50f19767973ff848ee8a52ca3020,SP,sao paulo,unknown,122.99,9.02,132.01,delivered,2018-08-09 19:50:59,2018-08-15 00:00:00,2018-08-13 22:46:41
e2f630b53cb2637be372c3810b089868,6f232f2f5c7f33b7bd9d794d2afacadd,PA,paragominas,watches_gifts,149.0,26.32,175.32,shipped,2017-07-26 11:44:28,2017-08-29 00:00:00,
09575d6ffa589cae127ff0e6c1b974ed,7937be50771f5a064440463094da5820,MG,leopoldina,telephony,18.98,14.58,33.56,delivered,2018-04-24 14:23:18,2018-05-17 00:00:00,2018-05-08 22:05:24
cc91ae24c277f0bfc31ff525577f8cd4,0fa9d11d5ad31c53125b31b3f9fa5398,GO,itumbiara,consoles_games,99.99,12.83,112.82,delivered,2017-10-25 16:47:49,2017-11-21 00:00:00,2017-11-03 16:06:55
0cb67a1f07ecacac318a6eb35cf4928f,577280430724633ce1a5e40af4383efd,PR,siqueira campos,toys,42.2,19.95,62.150000000000006,delivered,2018-06-09 06:23:04,2018-07-27 00:00:00,2018-06-18 17:32:53
71fecd3061e596fd59e65e9d62886535,0b0c6c4b2a8dd9793de2a049cf67684e,PA,vila dos cabanos,furniture_decor,93.0,47.09,140.09,delivered,2018-05-08 14:17:52,2018-06-12 00:00:00,2018-05-22 19:08:28
3f237ed2840facebde719d4501dd7d30,49e2ede5cc361f6eb79748c1c18c0c6e,MG,uberaba,garden_tools,120.0,26.46,146.46,delivered,2018-02-09 21:17:17,2018-03-06 00:00:00,2018-02-26 15:41:51
8091fd1d6a5797a012ae44f1dd06cd6b,50b62f99498fe219e5b1cbbb904d024e,PR,salto do itarare,watches_gifts,259.9,16.57,276.46999999999997,delivered,2017-06-19 19:50:44,2017-07-11 00:00:00,2017-06-30 14:55:34
69051fe25e4f0ea3d9526680434bb1e9,07f683d0c5edec5a5d827d25ba78620a,MG,belo horizonte,bed_bath_table,53.0,19.56,72.56,delivered,2018-06-24 13:48:21,2018-07-19 00:00:00,2018-06-30 15:26:46
7e1aa5eb9a99e5ea0681a7dd4bf95e08,5c984df36155ca2d981c6a7d473c1ce6,SP,piratininga,computers_accessories,42.9,11.85,54.75,delivered,2017-08-18 18:04:27,2017-09-08 00:00:00,2017-08-25 10:23:21
d5f00152185286db9711864486393e32,356ed180b2e59a4ad49bdcf208481b68,PR,maringa,health_beauty,104.0,14.9,118.9,delivered,2017-03-17 08:26:42,2017-04-11 00:00:00,2017-03-27 10:10:10
5c9ef82c5db4b1a72d24609ec6779955,efe797705b98f548de87e24d035a7dbb,MG,sete lagoas,watches_gifts,219.9,18.79,238.69,delivered,2017-12-19 21:06:42,2018-01-17 00:00:00,2017-12-30 11:32:55
b7d132ccaa4a7e53c9fb25ff9979fc35,2c45ab66a3dae52960147e76a35740ff,RS,santa maria,electronics,22.0,18.25,40.25,delivered,2018-08-02 12:05:57,2018-08-22 00:00:00,2018-08-09 23:26:42
02605c218285d02df75a255f13396f1e,12886ac2b88df7aa159e84b19b58a414,PE,timbauba,telephony,34.99,24.84,59.83,delivered,2017-01-31 17:43:09,2017-03-13 00:00:00,2017-02-14 12:47:51
c0ad22fb83f1019e8abbdf1d38ffe6aa,1feb5dc3a11a657cdd12b1cbaed93f65,RJ,rio de janeiro,bed_bath_table,122.55,18.23,140.78,delivered,2017-10-09 23:04:01,2017-10-27 00:00:00,2017-10-27 20:42:02
3fef122997c747784882689e6e812b2f,59902a45d295c1ee302ef5ddf6acced6,SP,maua,bed_bath_table,49.99,12.69,62.68,delivered,2018-01-16 20:06:02,2018-02-06 00:00:00,2018-01-25 15:42:06
0974bbaa486709066c644587a5cb6623,250bcd34eedc5ddb868f66d5a8b0d441,SP,sao paulo,furniture_decor,49.7,14.44,64.14,delivered,2018-03-27 21:20:40,2018-04-13 00:00:00,2018-04-05 15:48:48
3bd72d0bf4e30e74322d88fe9dd5ac2d,bcaedda052fc72c42f55dd7c28b4b38e,MG,muriae,sports_leisure,69.9,16.25,86.15,delivered,2017-08-11 17:35:12,2017-09-04 00:00:00,2017-08-23 18:17:04
d806cef0dbcf2273fe3d4a339e0c74f5,7a427cb76d93e30af12b1e7d122dd572,SP,sao bernardo do campo,watches_gifts,129.0,19.0,148.0,delivered,2018-06-17 21:16:19,2018-07-16 00:00:00,2018-07-02 20:17:52
00bdebefeb760588a3425fad9dfed3d9,0a4e2ad7c04efe811bc08978563c7b09,SP,barueri,sports_leisure,119.8,20.18,139.98,delivered,2018-03-08 15:59:34,2018-03-26 00:00:00,2018-03-14 21:08:39
63067dbad99fa8dd94df9e6983bff614,8de5b2b09bbf51c802630652f80341e4,SP,cruzeiro,furniture_decor,299.0,48.39,347.39,delivered,2018-07-23 10:07:57,2018-08-15 00:00:00,2018-07-27 19:28:20
73fc770f6cccde5fdd23cc5b127b57bc,50a0b564a87b47ec8f1cdc5df01d7f79,MT,cuiaba,toys,79.9,19.25,99.15,delivered,2018-06-06 16:07:51,2018-07-18 00:00:00,2018-06-19 19:32:42
4e44d7b0462e32a51de74a16eac6534e,a7941a8ddbfe8fde0bd23ae272484043,RJ,queimados,telephony,6.9,14.52,21.42,delivered,2017-02-02 16:18:44,2017-03-13 00:00:00,2017-02-10 08:54:40
450b2dfcd82c6f60f6ea30628ebf2945,1569f7c762d3eed72bebea3df845dd80,SP,ibate,toys,169.0,15.49,184.49,delivered,2018-07-11 10:01:37,2018-07-26 00:00:00,2018-07-16 14:41:21
bb68ace3e06362eec8e986719378ba29,46ed8030155b00e9e89eb1cac2ac2272,PA,conceicao do araguaia,watches_gifts,105.0,62.99,167.99,delivered,2018-08-07 09:27:58,2018-09-05 00:00:00,2018-08-27 13:29:49
81616c912848057e42d364c9d306ea92,34fce72bc17394dc57f5589aa92078f8,PR,maringa,furniture_decor,99.9,13.72,113.62,delivered,2018-01-16 09:01:56,2018-02-06 00:00:00,2018-01-30 22:27:49
318145ea99714f48433e3332005b92d3,6bde6e04011ed3221e78fa3337891224,PR,curitiba,home_appliances,699.0,19.77,718.77,delivered,2018-03-30 11:00:34,2018-04-20 00:00:00,2018-04-12 01:11:51
eae6b90fc5f39d2d76ea4edb84ade594,e2c59e02e343f49861fc454410cab380,SP,sao paulo,auto,50.9,14.29,65.19,delivered,2018-05-08 16:53:32,2018-05-18 00:00:00,2018-05-16 19:04:28
70af5c624ad6c3daf236b9acb1ada8d0,03b844f8f2bfba1e73ce0d1894807af0,ES,vila velha,computers_accessories,58.99,14.16,73.15,delivered,2017-08-11 11:59:04,2017-09-06 00:00:00,2017-08-21 22:53:44
24bef8d4a9207ed77584640383d81697,1d5d378d3aa06daa716184ee3846fe27,PR,campo mourao,kitchen_dining_laundry_garden_furniture,145.0,25.85,170.85,delivered,2017-11-12 09:40:15,2017-12-11 00:00:00,2017-11-30 16:40:16
c38e0a7ecb6d609cc307eb449dbdc4de,073cb6890c1f05f67bdce2cb9febb087,DF,brasilia,pet_shop,29.9,15.31,45.21,delivered,2018-08-10 11:05:48,2018-08-23 00:00:00,2018-08-20 18:26:46
88bba3891566a6e0b16cee8135792e1b,ee92c29a63e2dacac73bed4589dd0016,SP,sao paulo,bed_bath_table,169.9,60.42,230.32,shipped,2018-07-07 20:03:12,2018-07-31 00:00:00,
79e0a33a60d364f1cf08bcd097985238,71c13f7e334e106357afc757e4ac79b0,MT,rio branco,watches_gifts,59.0,22.12,81.12,delivered,2018-05-06 07:35:10,2018-06-11 00:00:00,2018-05-14 23:58:42
aec4f42c8ecc65ba995a4ebcd0e1de2d,0213ec5289d86c40bda69ed571b5853f,MG,belo horizonte,auto,559.0,41.43,600.43,delivered,2017-12-18 18:26:07,2018-01-24 00:00:00,2018-02-05 12:55:06
b170f1243a620b65504157b83f69a2e0,864f8cca797b7b408151e0d723f14e54,SP,sao caetano do sul,auto,59.58,20.57,80.15,delivered,2018-04-28 08:58:33,2018-05-17 00:00:00,2018-05-08 20:49:37
1f940fc941da73865323a8c30e2871f0,568c55c1df1dd77d62d3c93f7d03c58b,MG,belo horizonte,baby,100.0,23.42,123.42,delivered,2018-08-13 15:13:23,2018-09-03 00:00:00,2018-08-29 12:30:04
44899a0a37e97bd716c345a12ad20bbe,4389eb65520ce3c15fac57954850566a,RJ,rio de janeiro,stationery,169.9,15.95,185.85,delivered,2017-12-14 16:52:18,2018-01-09 00:00:00,2018-01-05 17:38:25
56e11716ba370a51d5795ecf34f9510d,05dab2d8130ccd303608aafc145ecf3e,SP,sao paulo,perfumery,49.0,8.29,57.29,delivered,2018-03-19 17:13:31,2018-04-13 00:00:00,2018-03-21 14:58:27
aeb4c9d05ab11d7c6c9ca24f8c43bd70,e63b7e65ecb65d0d1624a564fa2c8cff,GO,santo antonio do descoberto,perfumery,7.0,15.79,22.79,delivered,2017-09-20 17:12:34,2017-10-18 00:00:00,2017-09-28 19:47:42
25c3fbf15b360f74b84875c3a5627296,c307276dd48668698dd45e03b412f3aa,SP,sao paulo,sports_leisure,150.0,20.54,170.54,delivered,2018-01-05 11:12:18,2018-02-02 00:00:00,2018-01-15 18:26:34
3ff9af2618b202584a161c19718bf577,e186ed0b619ff1dd7eef17b1ba5c4831,PR,jaguapita,small_appliances,759.05,31.63,790.68,shipped,2018-01-07 08:04:11,2018-02-05 00:00:00,
13a4fe3b64aac56f600ed7ff191415c9,0aab2a678227c8ea1cab4315e5c1094a,SP,cubatao,bed_bath_table,89.9,13.65,103.55000000000001,delivered,2017-11-28 12:13:42,2017-12-18 00:00:00,2017-12-12 21:28:52
0f71c6da7b8d96627eb368097e8ca4dc,981487ad8cc46b374cac102e632f99d7,DF,brasilia,auto,39.9,15.38,55.28,delivered,2018-07-26 07:57:22,2018-08-10 00:00:00,2018-08-01 23:36:44
5051a95bc31ec72f803d5df48c2a695b,c1e9d3613eb8b37cf2b5526bdbeec4c7,AM,manaus,health_beauty,149.65,61.33,210.98000000000002,delivered,2018-06-13 18:06:38,2018-08-02 00:00:00,2018-07-03 18:04:02
bc4c53b286be3b64ee817827e1999f1c,5b79a50894050a9f05b7f35d0229b07d,SC,florianopolis,dvds_blu_ray,24.9,21.15,46.05,delivered,2018-01-30 11:11:07,2018-02-23 00:00:00,2018-02-21 18:53:22
9d241238f3827aced623154ace551dd9,2c74de174de65887717532ccb94bb5eb,SP,sao paulo,furniture_decor,69.9,12.43,82.33000000000001,delivered,2018-03-08 19:46:59,2018-03-21 00:00:00,2018-03-15 16:37:50
14763e794086449f6d5cb89097b2afd3,acbaabfea8a59a75a559b296f66ac7b5,BA,salvador,baby,149.9,16.49,166.39000000000001,delivered,2017-08-04 19:48:45,2017-09-01 00:00:00,2017-08-18 21:23:31
c71e28c5a5dce4f2d223e54be0804379,923ff96b29d364655cb8291328021d5e,PE,tracunhaem,telephony,18.99,24.84,43.83,shipped,2017-04-14 16:48:53,2017-05-22 00:00:00,
3d93d8068cdb0206fc87b5d539a45f6b,e353bc4671a2c377417307a9b539a48d,SP,sao paulo,telephony,24.99,7.78,32.769999999999996,delivered,2017-11-08 15:37:57,2017-11-22 00:00:00,2017-11-17 17:37:53
101fb6bec0516b433cb73c6833f34cc1,1e1ea717e5582112be81201874040e82,SP,mococa,watches_gifts,799.0,17.93,816.93,delivered,2017-07-12 15:17:36,2017-08-01 00:00:00,2017-07-17 18:13:04
95dccb26fb812f3ef2dcb2ea92b5541a,f1f9da389194bb249f35199e156e03c4,RJ,queimados,small_appliances,359.9,23.6,383.5,delivered,2018-04-04 10:46:53,2018-05-03 00:00:00,2018-04-16 18:29:54
55236f684d39882068fbd164d5455691,5fd10688e9fff00b38df072c8e4ec173,SP,suzano,computers_accessories,67.99,14.52,82.50999999999999,delivered,2018-04-14 18:50:55,2018-05-02 00:00:00,2018-04-17 18:58:50
399b46458951afe483b41ead035ed9d6,4381c92bedd6c6c6e8408433f9b158f9,SP,sao paulo,furniture_decor,148.0,38.84,186.84,delivered,2018-07-01 20:03:18,2018-07-25 00:00:00,2018-07-05 19:22:40
5471298c2cafa3ef73e2eee59a5a9f4b,ab67ca10ccc2c0f7dc96c1f2fb1dad9b,SP,mairipora,health_beauty,138.9,14.74,153.64000000000001,delivered,2017-03-16 14:20:09,2017-04-04 00:00:00,2017-03-21 11:24:03
0c5af151e04733e8c7ba3c911a536f83,91c2dc5bcfe39cc349dc8bc888352b88,RJ,arraial do cabo,telephony,29.99,15.1,45.089999999999996,delivered,2017-06-12 11:17:28,2017-07-05 00:00:00,2017-06-26 13:41:17
75cd0e4d0a84e6252212e626a525d06b,671e410a93b9302f68d852a0c8a1d8e3,MG,sao joao del rei,watches_gifts,122.0,15.6,137.6,delivered,2017-12-26 11:56:26,2018-01-22 00:00:00,2018-01-11 13:32:51
08213e46524c11c2501c5d0a59ff8b7a,d3a62be63049f04cd073b1181c0cb70e,RJ,rio de janeiro,furniture_living_room,75.0,38.82,113.82,delivered,2018-04-21 17:55:05,2018-06-01 00:00:00,2018-05-29 00:20:46
f5f6ede2cc27f7ef506cf14e38d1ee16,33957bf4b42104fdf8f99af59baff60f,BA,salvador,bed_bath_table,52.9,27.32,80.22,delivered,2018-06-14 22:39:41,2018-07-13 00:00:00,2018-07-10 19:38:36
8b56c0315e44af9a56cef82dce0aa443,c1188759adf4e4deac0da925124cf631,DF,brasilia,unknown,122.99,15.74,138.73,delivered,2018-04-01 12:45:59,2018-04-19 00:00:00,2018-04-09 21:38:40
9146e206bcd61ac9fb10f3a26336a7ec,d0e278763a3c9f393870470a6ac51856,RS,barros cassal,sports_leisure,125.0,18.12,143.12,delivered,2018-02-15 14:09:43,2018-03-16 00:00:00,2018-03-12 16:41:47
ceb9ba23c2692423f47bd10e0f86bcc5,f3c07da3cdd95c337eed52c783c2c736,SC,florianopolis,auto,229.99,19.41,249.4,delivered,2018-08-21 10:22:31,2018-08-31 00:00:00,2018-08-28 20:03:05
cd2e2ff68721cedbf8b5887479475a81,7fff888508deccbad37392f9a11da3e1,GO,goiania,furniture_living_room,329.9,44.68,374.58,delivered,2017-07-10 14:56:31,2017-08-03 00:00:00,2017-08-01 12:57:42
2ccfe5d6558b5a6b11ab972747e26132,58982102f5d0d232928a9260c03c685c,SP,sao paulo,home_appliances,22.0,9.94,31.939999999999998,delivered,2018-01-16 18:24:47,2018-02-16 00:00:00,2018-01-29 15:18:39
b6e6c0e151343c3198a2ada69d6b6cd9,de7581f6d9e04d67f2018d43df7ab119,SP,sao paulo,bed_bath_table,69.9,11.81,81.71000000000001,delivered,2017-04-19 22:13:50,2017-05-09 00:00:00,2017-05-01 11:18:32
fa5b0745a97bb05ab2f5ce4642a1e16b,151ab282634af790930a7587fba71ba9,SP,assis,sports_leisure,91.5,13.66,105.16,delivered,2017-11-27 11:07:44,2017-12-19 00:00:00,2017-11-30 19:13:39
d1f24b02567e4b8b8cbfb799021ecb3d,3d58c3e6c1f21786fbe8e641f355792a,RS,cruz alta,baby,49.99,13.69,63.68,delivered,2018-06-14 20:36:11,2018-07-05 00:00:00,2018-06-20 20:58:46
72935c1f27775472627da411819164f0,9483d23d9928f328856978201668da4d,SC,concordia,computers_accessories,129.0,65.89,194.89,delivered,2018-03-14 16:50:14,2018-04-09 00:00:00,2018-04-02 22:12:43
3ad9c9361030d56559e313f87dd8dbb3,690c1b1eecc546ddeba1b850161ab96b,SP,sao paulo,watches_gifts,29.0,7.39,36.39,delivered,2018-05-14 10:10:50,2018-05-25 00:00:00,2018-05-18 13:38:57
16725237f8f6e32f876dfeca7624063f,953514c82635bd8455f73c54418c866e,MG,chale,sports_leisure,62.5,22.19,84.69,delivered,2018-07-23 17:14:32,2018-08-10 00:00:00,2018-08-03 19:35:45
d47b9b1166f0cb84c9cc7b8a507808ff,1a091e1375e834f4fd228a1d4842f923,SP,cacapava,watches_gifts,149.0,12.54,161.54,delivered,2017-06-02 14:35:36,2017-06-23 00:00:00,2017-06-14 14:42:22
51526aa307cfd9cd8d3e9d4fa0c26121,018e2017f47d05d438effa6d15061c2d,BA,salvador,sports_leisure,29.99,16.79,46.78,delivered,2017-12-14 10:52:55,2018-01-16 00:00:00,2018-01-09 00:08:13
1f6b1a05b6d25d477413bbc327f1a714,dc68cd1aea7c3484f80d9aaa38c0c8d3,RS,carazinho,cool_stuff,22.9,18.23,41.129999999999995,delivered,2018-04-19 14:23:20,2018-05-23 00:00:00,2018-05-04 17:48:40
20ce857482318a94142a0276fc72b4ad,cacf3ac8f16ede12c3aa96c0b0e01c03,MG,betim,housewares,84.99,18.87,103.86,delivered,2017-03-16 16:41:46,2017-04-06 00:00:00,2017-03-22 11:58:10
6054b24d6a5bbe0e90fd7ebb14d602e8,063342fa545494715cc59f983598c546,PR,campo largo,housewares,98.0,9.82,107.82,delivered,2018-08-23 09:35:05,2018-08-31 00:00:00,2018-08-27 16:32:34
69cc55eb653cc27eea935e7a0d26b83a,a4740e809e3d5ef5731e07bad80990f7,SP,santos,computers_accessories,98.44,13.81,112.25,delivered,2018-04-21 08:00:56,2018-05-28 00:00:00,2018-04-28 01:54:46
99687fd750781ecf475d632c33a533ee,970d5a05f1dd6679c374db78c839733c,PI,teresina,art,110.99,43.19,154.18,delivered,2018-02-10 00:01:06,2018-03-09 00:00:00,2018-03-06 16:22:22
3eee7c93497d482e7a3c335e325ea0ec,1610d8d6bc3013aaf6e558ec18cc8350,SC,sao miguel do oeste,sports_leisure,44.9,18.41,63.31,delivered,2018-06-13 07:47:48,2018-07-23 00:00:00,2018-06-20 20:42:50
f81d082e88c93adee5b45ea41c711d67,b5dc8dea53a2cd22f392d462c6566cb1,PR,foz do iguacu,furniture_decor,128.35,17.64,145.99,delivered,2017-03-24 21:35:03,2017-04-17 00:00:00,2017-03-31 18:36:46
ac4d559cefc486f4ac59c17fc44f236c,a2f9228d7ce95f638bb8196b6508447d,GO,anapolis,audio,89.0,15.37,104.37,delivered,2017-10-25 14:23:44,2017-11-16 00:00:00,2017-11-13 17:42:19
6bae7f6955b8a1758053a464757a72a6,a9ce5d5903bedbbad8bbbd7fa3ef9316,SP,tabapua,furniture_decor,51.92,12.7,64.62,delivered,2017-08-14 08:27:51,2017-09-01 00:00:00,2017-08-21 20:42:26
9ab1853460522b70139bf63d6715f4c2,26c2f94aeb82cca504dec476f8e8ff70,SC,canoinhas,furniture_decor,101.0,19.9,120.9,delivered,2018-07-25 03:20:33,2018-08-16 00:00:00,2018-08-03 17:36:58
086da3118e7ada3cfb7cce476954af52,55f21db4f9a353dcee5b774f750c65a1,ES,alfredo chaves,cool_stuff,189.9,24.26,214.16,delivered,2018-05-22 09:51:07,2018-06-22 00:00:00,2018-06-08 21:42:39
29a4fbb32fb0af037ac01c6154484f06,c4374c19c4c846193b97f07a1b051a50,ES,viana,health_beauty,29.7,15.1,44.8,delivered,2018-02-22 12:03:36,2018-03-21 00:00:00,2018-03-08 17:27:01
b7b90cbf41450180620d92d36ab7e0c7,34f621d6b7b92ad2d4e895315af716a4,PR,londrina,food_drink,21.5,15.1,36.6,delivered,2017-05-21 19:27:09,2017-06-19 00:00:00,2017-05-30 09:58:07
ca93131de2c3fc58df457b40df4aff78,1042695d11a5cd4a60789cf9bbd052a8,SP,cravinhos,housewares,61.0,13.45,74.45,delivered,2017-11-24 19:28:28,2017-12-14 00:00:00,2017-12-18 16:19:25
14e741c1e9b28bfb6dbfcd4f9910a0f2,5c3a3f24b3489d655e3d993907d7e016,RJ,rio de janeiro,bed_bath_table,80.0,19.53,99.53,delivered,2018-04-16 10:38:17,2018-05-24 00:00:00,2018-04-27 17:42:02
f26d3cc4231c7230b8603f2beede9ea9,f7dc693a9ec030c4dd95391055c0e549,MG,muriae,toys,113.0,0.01,113.01,delivered,2017-07-02 19:43:24,2017-07-25 00:00:00,2017-07-05 17:39:46
707ce3d3698a90d1ab9d9c2dc47223c2,09d4fed6320030973607491be508c075,SP,pindamonhangaba,health_beauty,110.0,18.85,128.85,delivered,2018-05-02 20:08:45,2018-05-21 00:00:00,2018-05-09 23:12:11
069ba523744cdda8bdd148d748540487,bc810aa449315aac3ade3e6fb89dfda7,DF,brasilia,fashion_bags_accessories,23.2,41.01,64.21,delivered,2017-06-11 19:53:34,2017-07-21 00:00:00,2017-06-19 19:22:41
4759dc5cd30f8e283de04872dd5446cd,cb91b5b25e1e383e3b16135d40fef818,RS,ipe,bed_bath_table,69.9,19.46,89.36000000000001,delivered,2018-06-01 13:43:43,2018-07-19 00:00:00,2018-06-20 12:35:24
157ca6af9e09fbc0742ec25ceb3f0f67,28c168011ad8f640afda4c852be57df3,RS,capao da canoa,books_technical,57.89,22.99,80.88,delivered,2018-05-07 18:42:24,2018-06-05 00:00:00,2018-05-17 19:04:09
b94117844529c52fab97f521c434520a,630f415f1227cf9a63cef45b2dc16861,SP,sao paulo,furniture_decor,199.9,24.16,224.06,delivered,2018-08-06 22:57:33,2018-08-16 00:00:00,2018-08-11 01:38:44
5a3663cb6b6d7369ab838a80cdcb06d7,47f2dade4609ff35617dcb6872d7c776,MG,timoteo,pet_shop,94.9,13.68,108.58000000000001,delivered,2017-09-05 22:04:38,2017-09-22 00:00:00,2017-09-12 19:44:15
53dd1c638fcdfafab87a7fdc67ae58ff,b200e74167aa19d6ac5814038e96586c,MG,nova lima,furniture_decor,229.0,47.07,276.07,delivered,2017-09-14 23:41:09,2017-10-04 00:00:00,2017-09-29 18:52:28
c7d39a7f0c5d83662fa4c587f21f5d82,8337b30c655f04397bf9d00091475419,SP,santos,auto,25.99,8.72,34.71,delivered,2017-11-02 11:23:14,2017-11-16 00:00:00,2017-11-07 17:37:05
245ab579b02d5d10ea1183942b060d54,041d483c228fc3802663dca1b28f9dcc,CE,ipu,computers_accessories,35.99,25.63,61.620000000000005,delivered,2018-02-07 13:30:34,2018-03-14 00:00:00,2018-03-02 17:06:40
05e28a6a1994b77257df51a5e304b6ab,4ad7084997dec8e94c385caec1970669,RN,parnamirim,computers_accessories,19.74,21.15,40.89,delivered,2017-11-24 20:55:09,2017-12-26 00:00:00,2017-12-07 21:37:12
525be0565c62b7b2f1fbcb67241fbd9b,e2af06e94b3094789066fc9bdf6d32be,SP,sao paulo,bed_bath_table,99.99,12.65,112.64,delivered,2017-12-11 10:02:10,2017-12-28 00:00:00,2017-12-28 23:24:41
d321a8cd27052ba26f0ad838ce2b70ac,a87a7a6289ca2ec1cd1511050dbc41ae,RS,caxias do sul,bed_bath_table,21.99,18.23,40.22,delivered,2018-04-24 09:20:41,2018-05-28 00:00:00,2018-05-05 11:48:41
21e37650ff5769ef4eaa10725322d871,6b4e3bc435076d600d7133e59f9344a3,RJ,cabo frio,fashion_bags_accessories,258.0,15.98,273.98,delivered,2017-04-24 23:44:01,2017-05-15 00:00:00,2017-05-04 15:34:57
4a2098244c1910e8e9e9251e2e5faa2b,e257df1b80dca9f8a867b601ad79f859,RJ,rio de janeiro,electronics,21.9,14.1,36.0,delivered,2018-01-03 13:24:00,2018-02-01 00:00:00,2018-01-09 16:10:41
1372aa0637277287bda77b0de38676c7,2b4ac15332225168fe3a3ddd4031275b,RJ,rio de janeiro,health_beauty,395.65,10.51,406.15999999999997,delivered,2017-12-04 11:24:31,2017-12-20 00:00:00,2017-12-07 00:34:03
410d24bf2012bc9b2a94352bcc3639eb,fb8a913d0a986905d267a24397386955,PR,curitiba,watches_gifts,238.9,24.25,263.15,delivered,2018-04-11 13:04:38,2018-05-07 00:00:00,2018-04-16 20:46:42
b8615aa7e6248212cab23e120279acf2,dcab6749dea9e9411fd400cdf978f3ea,SP,itatiba,sports_leisure,89.5,15.48,104.98,delivered,2018-06-07 21:49:18,2018-07-13 00:00:00,2018-06-15 13:57:38
9615da76c321b025633e32cfface90e0,d132520e4b555a0f8851914fc3809fb8,RJ,paty do alferes,health_beauty,34.9,15.1,50.0,delivered,2018-02-20 14:29:35,2018-03-19 00:00:00,2018-03-05 19:13:56
7dd8c91586e38659c39c2e1d0fb01511,9aba983b0a4cf4d7130cf1709070d0f3,SP,barueri,bed_bath_table,35.99,7.78,43.77,delivered,2018-01-21 11:25:43,2018-02-06 00:00:00,2018-01-24 13:33:05
70110517388311cb851a9e9ba1d499cc,db3b0a1a26847662327438b4cd783ad8,RS,osorio,health_beauty,89.0,25.46,114.46000000000001,delivered,2017-10-05 21:04:37,2017-11-09 00:00:00,2017-10-16 18:05:03
a68c415df0747ef11512919344831905,253fedf5a28753983c4c4f7e3a3eb455,PR,rolandia,agro_industry_and_commerce,35.0,18.35,53.35,delivered,2018-06-24 23:46:04,2018-07-24 00:00:00,2018-07-10 23:21:58
f38baece3d405c61575ec8886dcf4cfe,43b74cf6f2f3c0de4af0bfce0e57a9eb,SP,sao jose dos campos,computers_accessories,98.79,13.03,111.82000000000001,delivered,2017-05-21 09:02:27,2017-06-13 00:00:00,2017-06-01 15:04:57
30a022caf1ba5b86f28124ed216c859f,f4385a17e1f99f33340a9c51a0e042f3,ES,colatina,computers_accessories,40.0,3.5,43.5,delivered,2018-03-06 22:50:41,2018-04-17 00:00:00,2018-03-20 17:24:41
c3474da948bb89ce980046e431c0752f,c8ce6e595a13490bcc23db5a7915b4e8,BA,camacari,watches_gifts,29.0,15.79,44.79,delivered,2017-09-21 13:45:27,2017-10-18 00:00:00,2017-10-09 21:58:38
038721fd1802532dae558bac820968d4,d0d944559cfb92c04e5ddfd05b596dbf,SP,marilia,telephony,227.9,13.1,241.0,delivered,2017-10-18 11:31:27,2017-11-08 00:00:00,2017-10-26 17:18:40
2a20173829ff5bd342163335865aa490,f370ed585170c8a8ab5175e0da46ff69,RJ,rio de janeiro,furniture_decor,95.9,20.16,116.06,delivered,2018-01-10 13:12:43,2018-02-08 00:00:00,2018-01-19 19:12:43
5047f709b6661ac4e79c4818271ee799,25bd2e01c3b803c09d2fe683f7f7b79d,PR,cascavel,cool_stuff,219.99,18.28,238.27,delivered,2017-02-16 13:35:44,2017-03-17 00:00:00,2017-03-06 14:13:59
f162b72aa92d8ecf9cdb69e84fb2277c,388d0b77395c2bcb6c0a1866cc1793eb,CE,fortaleza,telephony,29.99,17.63,47.62,delivered,2018-03-01 12:31:29,2018-03-23 00:00:00,2018-04-17 01:41:40
777e839a3f71170e58385675ce610501,e3d27297e7073784eb43c4ab3f1288fb,SP,ilhabela,toys,79.99,18.66,98.64999999999999,delivered,2018-08-05 18:05:07,2018-08-27 00:00:00,2018-08-14 17:54:42
c4bc2a01f871554711dadb82537413f2,54a22a0d776f341e79356ad4a761aa81,SP,sao paulo,bed_bath_table,79.99,9.37,89.36,delivered,2018-03-02 16:54:18,2018-03-16 00:00:00,2018-03-06 21:59:01
792fd20f4c1379e85e6bd7ea35240248,611452946061baa09959b0154b492c26,SP,sao paulo,garden_tools,74.0,13.08,87.08,delivered,2017-11-26 21:33:58,2017-12-12 00:00:00,2017-12-01 19:58:34
3369b9e1711af775c57b7ad52baf8017,9c9edf191f58b820c7400829edacf495,PE,salgueiro,musical_instruments,34.99,26.89,61.88,delivered,2017-10-08 10:47:34,2017-11-13 00:00:00,2017-10-27 19:27:39
104db3ac25a8c92d8b4a1bab46c92c66,1209ade9381e92cf80dfc9c684d6c39e,CE,acarau,health_beauty,214.49,26.78,241.27,delivered,2018-01-28 12:55:27,2018-03-06 00:00:00,2018-03-16 03:12:21
8fd361858abba7604b18a32f16483a8d,fd2d5fdb84e65fa6b54b98b0e2df5645,RN,areia branca,computers_accessories,44.9,35.67,80.57,delivered,2017-05-22 19:23:14,2017-06-27 00:00:00,2017-06-02 13:06:02
13cefc43767ea15bacf542800eb19f54,b6487b6e17c98677bd8effa9c00a8353,RS,novo hamburgo,perfumery,42.9,16.79,59.69,delivered,2018-03-02 19:18:39,2018-03-23 00:00:00,2018-03-19 22:33:44
08d2ae79008d5da4528a04f28c72f839,ff1595b176859956405b859adb938cb0,SP,sao carlos,fashion_bags_accessories,135.0,18.2,153.2,delivered,2018-02-27 19:44:11,2018-03-21 00:00:00,2018-03-06 18:41:39
1b2bb7c2c68e882ede350ac20436790b,6b735acab0846767c2a2af1d72792643,GO,anapolis,bed_bath_table,39.99,18.23,58.22,delivered,2018-04-21 14:21:50,2018-05-21 00:00:00,2018-05-11 20:28:28
bd1e185a530c014794c02ee3d2d61a68,483b26e1bf0f4797e5512d8849d90835,SP,itaquaquecetuba,auto,59.99,11.03,71.02,delivered,2017-04-08 08:46:10,2017-05-02 00:00:00,2017-04-18 08:47:38
a84c48c1c9adb6611355f0c6b2bb05c8,3ad2079de998f4e615677485447a6926,BA,salvador,housewares,48.9,20.08,68.97999999999999,delivered,2018-05-02 17:04:17,2018-06-04 00:00:00,2018-05-22 20:22:23
2890d3fdedd4ebbfddbff344d0c11ac6,ec908f88f9697370ac0892fc38531188,SP,cacapava,electronics,12.25,11.85,24.1,delivered,2018-02-05 17:26:27,2018-03-01 00:00:00,2018-02-19 23:59:16
6c04516be61ae90e04756c3290c405b7,809ea1c56f165109936fe5c51003fbfb,SP,sao paulo,bed_bath_table,99.9,13.72,113.62,delivered,2017-09-24 14:59:52,2017-10-20 00:00:00,2017-09-27 14:56:07
ffecd5a79a0084f6a592288c67e3c298,a969e99358a58bed2f4073fd04165a2b,BA,salvador,electronics,21.9,15.79,37.69,delivered,2018-02-27 20:00:25,2018-03-22 00:00:00,2018-03-29 14:37:05
06b8cdbbc86d64ea69af76036c523827,7cc832a90de185fa7ca3c4874d914d0b,SP,santos,small_appliances,22.9,7.42,30.32,delivered,2018-07-19 04:33:57,2018-07-31 00:00:00,2018-07-20 19:21:42
adaaf74d10de654fcf12afe727ac8d46,af4023237c6af7a15ea9c7cc118ddc13,SP,sao paulo,housewares,89.9,14.21,104.11000000000001,delivered,2018-06-14 23:15:56,2018-07-13 00:00:00,2018-06-20 15:24:54
00f6ac4816d12f49026b09f2aa77d15f,d2c6c89bd52a9b70417f90313b1ce4a3,PR,campo mourao,furniture_decor,35.0,19.44,54.44,delivered,2018-08-06 17:17:40,2018-08-27 00:00:00,2018-08-13 16:18:48
9ae880d57df6bee34365e6406e1e0203,74f02f1c5cd4160304d930e81b77dbf2,SP,sao paulo,computers_accessories,109.9,12.9,122.80000000000001,delivered,2017-12-02 21:32:46,2017-12-29 00:00:00,2017-12-11 22:53:05
807baffb5f8bb605f1218ead428cd8e4,012216caf4f1082ba3fc02e584de9a29,SP,sao paulo,sports_leisure,82.99,8.78,91.77,delivered,2017-10-17 23:47:22,2017-10-27 00:00:00,2017-10-20 22:07:32
cb123d857949246d3e5f1c532280c023,614dcb8b0369ff56b3154329ebbc6b9c,SP,santana de parnaiba,health_beauty,86.0,7.86,93.86,delivered,2018-07-10 23:42:30,2018-07-24 00:00:00,2018-08-01 20:06:38
078012a290408a687e5802ac7ad6c0aa,7f3900c3b410283fecc31825f9c4e0b6,SP,sao paulo,health_beauty,126.0,15.63,141.63,delivered,2017-05-17 15:44:53,2017-06-08 00:00:00,2017-05-25 09:16:47
a45f5764071ee5b932d1f802e18bafcf,e2c44993145bac31c5c48b620e3f40f0,RJ,mesquita,drinks,19.49,15.1,34.589999999999996,delivered,2018-01-11 01:24:43,2018-02-14 00:00:00,2018-01-22 20:05:39
14e2227862cdf47db2caa1acbf80b71f,243b99bd9ed8a3f460e7289d0a8df291,SP,sao paulo,unknown,49.77,7.78,57.550000000000004,delivered,2017-12-19 09:58:40,2018-01-08 00:00:00,2017-12-21 21:33:10
47c7065d871347ee5eecfddf704fb767,82f4c5b067567555f5786a751bfe81ab,SP,campinas,sports_leisure,58.9,15.29,74.19,delivered,2018-04-01 21:22:23,2018-04-23 00:00:00,2018-04-09 18:19:14
9571cb862acb9ac518c76590d0fd79bf,8ea42429ccc7426d66542900f17513ae,RJ,itaborai,watches_gifts,219.0,16.28,235.28,delivered,2018-01-21 21:09:56,2018-02-26 00:00:00,2018-02-05 19:33:46
c271d6d965ce901e7efaae6879247e43,7bfc31a41c322c45f4f2121489408f44,BA,salvador,furniture_decor,49.0,21.15,70.15,delivered,2017-12-23 15:11:39,2018-01-24 00:00:00,2018-02-02 02:37:22
b8b8d73455ada889914390847d5e90b8,4cb8ab984211f361682cebe848952356,SP,pradopolis,bed_bath_table,139.9,12.51,152.41,delivered,2018-05-22 16:12:00,2018-06-06 00:00:00,2018-05-28 22:58:30
d87d66c849378ef6a1e7a835e8e291f6,2a93b72166bf68a02a8592093c01359e,RJ,itaguai,computers_accessories,105.0,28.11,133.11,delivered,2017-10-02 21:39:37,2017-10-27 00:00:00,2017-10-10 04:24:35
23922e17c7f2bff630c5cfeff23b1551,4b153f24b34c0393c27027a43495345e,RJ,mage,health_beauty,27.75,9.27,37.019999999999996,delivered,2017-12-27 22:50:54,2018-01-18 00:00:00,2017-12-30 00:02:47
24f926887373bfb98b4f309ecabab893,343c00dffa1889d2e1c3979922c58de3,SP,bebedouro,audio,159.9,13.46,173.36,delivered,2017-07-04 15:10:02,2017-07-24 00:00:00,2017-07-10 19:43:32
d6ace1ec8544e524cd905cdd88519017,8fe83c0c0bdfbb6db030b68e968667b2,SP,braganca paulista,computers_accessories,149.0,25.88,174.88,delivered,2018-03-02 11:02:47,2018-04-02 00:00:00,2018-03-16 00:04:57
50089a9784f34a308dc31a939b4b6b1b,977d3147c11a70ed54f38d0cfa0eddf2,ES,santa maria de jetiba,watches_gifts,115.0,18.69,133.69,delivered,2018-04-27 23:15:14,2018-05-28 00:00:00,2018-05-22 14:18:33
f87c049dcd8cafd8a6880a2e29b5d021,ff3c6e588dc4fe2056acfce978f687e4,SP,piracicaba,health_beauty,149.0,27.34,176.34,delivered,2018-08-07 13:32:25,2018-08-22 00:00:00,2018-08-13 19:03:21
9547786c84d40d35e99e684fdb1fe97b,2e7c329f8e7bb948ebfb4b9b004ec150,SC,jaragua do sul,health_beauty,73.0,15.26,88.26,delivered,2017-09-14 09:47:20,2017-10-05 00:00:00,2017-09-26 18:43:04
7c0a8e739e7de73b6258885fc6fc32d1,8da72fa954b8ae47b04ae9d786f58133,SP,sao paulo,sports_leisure,43.0,8.04,51.04,delivered,2018-07-20 18:19:29,2018-08-01 00:00:00,2018-07-25 00:19:35
0de2b30e13d8f2dec50a37917bdac7d0,40f9d577ef0012948a599b315505ac09,SP,sao paulo,health_beauty,330.0,10.47,340.47,delivered,2018-08-22 16:26:51,2018-08-27 00:00:00,2018-08-24 23:54:50
6023c91a14d68c5adb556a5dbd2e0f84,830be05486a3cdadc108dc8c434beea3,SP,sao paulo,bed_bath_table,31.9,33.8,65.69999999999999,delivered,2018-07-31 23:46:01,2018-08-15 00:00:00,2018-08-09 22:58:39
99d4dd36318ceb97e9feda8baade3ce2,ccdcec2d42b0084ff8ad8fd5aee79316,SP,carapicuiba,computers_accessories,68.99,7.78,76.77,delivered,2017-11-24 21:13:38,2017-12-12 00:00:00,2017-11-30 12:14:06
caf26e032103cc33e3dfe2465af487cd,f36d0ad15d6235323c6542e5bd59d4a9,SP,sao manuel,stationery,98.9,19.88,118.78,delivered,2018-07-20 13:16:32,2018-08-14 00:00:00,2018-07-25 19:32:10
f50e6fe960b68d2b8510cc0cef8ed8dc,c34527be29fe453a826f4a03e9b2978b,RJ,mesquita,sports_leisure,169.0,23.5,192.5,delivered,2018-03-04 14:29:41,2018-03-27 00:00:00,2018-04-07 13:58:23
8aa3fb1aeacb5920cedf4f8adab84b9d,3508403af254d6222c16e8e289120285,SP,sao paulo,sports_leisure,79.49,8.3,87.78999999999999,delivered,2018-08-24 13:33:02,2018-08-31 00:00:00,2018-08-29 19:45:28
a8986837f6dff6a1dc83345fa71dcf1f,e406bc46939bd98faaa641fb597a1915,SP,guarulhos,bed_bath_table,195.0,14.97,209.97,delivered,2017-08-26 16:17:10,2017-09-12 00:00:00,2017-09-02 16:05:32
d0af04d05d7d5f1b5e65ae9b6278f57f,a0628933453581e07788fb3d5eb1cd28,SP,osasco,computers_accessories,349.0,11.26,360.26,delivered,2017-07-02 13:51:16,2017-07-18 00:00:00,2017-07-07 14:47:22
b04719a0e9a9c2cb394b7ef1f0ec4b01,8d97fd3bf37905a5c33ccb41331c675b,MG,belo horizonte,telephony,34.9,8.72,43.62,delivered,2017-02-09 21:47:48,2017-03-08 00:00:00,2017-02-16 12:53:58
38cd9a16e2ee3ee519de420fc15d77ff,350ce28b38006301c169398019915760,PI,teresina,housewares,150.0,21.36,171.36,delivered,2018-05-17 16:53:52,2018-06-05 00:00:00,2018-06-09 11:04:14
f4ab3840a4f72a98a950099cfcb83502,a4d015be0feb92a1a6f955aa522cd956,RS,santa maria,electronics,18.9,15.1,34.0,delivered,2017-08-01 14:24:04,2017-08-23 00:00:00,2017-08-21 20:16:43
3c75e106ed38695c5bbf7fe5ab77a851,4a5c915f7941f1511797a0ac65dc823f,SP,santo andre,food,27.9,7.94,35.839999999999996,delivered,2018-07-08 19:55:34,2018-07-19 00:00:00,2018-07-11 14:48:26
28a591d0271b8c507e0380cd95521572,afc1dfb40708596d7245490341c87efd,SP,francisco morato,electronics,18.0,8.29,26.29,delivered,2018-04-10 07:50:46,2018-04-23 00:00:00,2018-04-14 15:22:51
cfeeea2d9febd146693ff38c33b0b2b8,091e010b12793f99f3b6a75d8f48c8e2,SP,araras,telephony,42.0,7.39,49.39,delivered,2018-03-30 15:54:59,2018-04-12 00:00:00,2018-04-03 13:38:48
c171b5e40886fdb5a21408a037b5e737,6908fd1288fc9fa89f20bb4895bec91c,GO,cacu,health_beauty,99.9,15.45,115.35000000000001,delivered,2017-12-27 17:44:18,2018-01-29 00:00:00,2018-01-22 15:46:42
15e097de1b936c739e7815d50edbb994,7656bf999d33080c220ebca7384fab38,MG,belo horizonte,bed_bath_table,134.9,33.39,168.29000000000002,delivered,2017-06-30 12:53:42,2017-08-01 00:00:00,2017-07-19 18:32:50
67660568d9fc745c94e03b88efcf3571,1504eefae6728d7313abdf9939af2443,MG,coromandel,small_appliances_home_oven_and_coffee,90.0,19.82,109.82,delivered,2018-08-05 14:31:25,2018-08-29 00:00:00,2018-08-10 21:08:48
b8fd80779b8e6a73a172dc448cb0a0a8,ed4c785e11a78a73c48fa3af98008292,MG,teofilo otoni,toys,129.89,21.4,151.29,delivered,2017-07-11 16:42:15,2017-08-02 00:00:00,2017-07-24 22:22:35
20e4793779b086b53af56a8ea4b94f71,57cce8aaddd9bf6acc0d54ffdd68a0ac,SP,sao paulo,health_beauty,97.99,18.79,116.78,delivered,2018-07-26 16:37:10,2018-08-14 00:00:00,2018-08-02 19:11:45
d74d2985a4c187334dc59722076a2e5f,cdd4e05e1a4f6713e1ae3805b30d7df2,PA,belem,auto,95.9,32.81,128.71,delivered,2018-08-09 20:36:13,2018-09-05 00:00:00,2018-08-25 00:46:26
9e20564752c879d871ac6c809777e4d1,f427987793d5f8ba8a928af16674820b,SP,sao paulo,health_beauty,19.9,15.1,35.0,delivered,2018-01-23 14:03:06,2018-03-01 00:00:00,2018-02-02 12:17:42
5a8f3e078b9a03b9bb16baa101e1c0ae,a888fd5ece4a4f56d7c625ac4eb3bfff,MG,belo horizonte,watches_gifts,108.0,15.52,123.52,delivered,2018-02-07 18:40:17,2018-03-06 00:00:00,2018-02-21 18:53:34
e0918c299a0186482e345c9117932efb,26de1221139ffa056d0cf87fa12aee3f,SP,osasco,telephony,29.99,7.47,37.46,delivered,2018-06-13 09:22:13,2018-06-25 00:00:00,2018-06-15 22:04:28
73de28dd75c1a15abc8a5fb46fb734b6,acfd8ff3da82f4bb5c8720a5020b82a9,SP,sao paulo,bed_bath_table,87.85,13.63,101.47999999999999,delivered,2017-09-18 12:57:19,2017-10-04 00:00:00,2017-09-23 13:37:57
abef8b5d0f7fa066c7473db7d650c870,ed05a1bbf9f8816af23fcc68084bb87d,SP,embu,furniture_decor,99.9,13.28,113.18,delivered,2017-01-16 13:17:46,2017-02-14 00:00:00,2017-01-25 08:43:39
15bf8f6816bf9ff38c4262721f55bf54,699ffe78ec96a60f0fa84dfe14e9880b,SP,sao paulo,toys,69.9,11.99,81.89,delivered,2017-08-16 10:07:24,2017-09-05 00:00:00,2017-08-21 18:58:15
9236b5f6966275539861284a31b94efe,7b7f2abc7254900b25a419804ba82a30,SP,sao paulo,computers_accessories,75.0,7.39,82.39,delivered,2018-05-19 22:43:35,2018-06-04 00:00:00,2018-05-23 18:14:45
beb0c6412a4fab0bc73cbebe972365b2,aa7fd117350d1c36b9614a12fec95d42,SP,sao paulo,watches_gifts,151.9,17.97,169.87,delivered,2018-03-09 23:25:28,2018-03-27 00:00:00,2018-03-20 19:53:08
cfb601982b3ff65c1821561ec49625bd,efb14cc2969129e2d865bc75be239916,SP,bauru,auto,1999.99,64.89,2064.88,delivered,2017-06-21 13:53:48,2017-07-11 00:00:00,2017-07-17 16:56:38
3c42071acf925f589bd9a83f291c6b8a,c297642e486a1ee5a99f9485bd4b8678,RJ,queimados,furniture_decor,249.0,31.27,280.27,delivered,2017-09-24 22:40:39,2017-10-27 00:00:00,2017-10-26 22:32:21
5d00da307fb1f170ba75e37b6ff2343d,8936ff839d9ea5f7504a052616787b02,DF,brasilia,home_construction,119.85,19.81,139.66,delivered,2018-06-11 13:55:47,2018-07-13 00:00:00,2018-06-26 20:32:02
1d7ee49ee66da430b533a85af951430c,b18c423dd62152fa5bc07d01f48fd809,SP,sao paulo,computers_accessories,200.4,13.36,213.76,delivered,2017-06-01 10:06:12,2017-06-14 00:00:00,2017-06-08 10:47:58
fce62b229aadb876d9be47556c0694ed,b64460d7d925960dcf9beefe03131679,SP,sao paulo,furniture_decor,739.99,27.5,767.49,delivered,2017-10-21 09:09:48,2017-11-13 00:00:00,2017-10-31 18:42:16
a8bb77ab67213461d5c632d41df4fafd,0dd66eaf9387137eadd32af6228c7d23,SE,aracaju,fashion_bags_accessories,49.9,23.07,72.97,delivered,2018-07-18 10:31:15,2018-08-06 00:00:00,2018-08-01 16:12:12
785e8c8436f4631d009d208dd380b200,d38f1d8959db62f6ac6b940b6639ba64,PR,curitiba,auto,290.0,16.78,306.78,delivered,2017-11-26 23:00:00,2017-12-20 00:00:00,2017-12-04 22:52:15
6244be66e1870c2392135aa8e2f61aee,51bb00d04d164d61ffd05a7284d5a44e,PR,curitiba,health_beauty,110.32,15.65,125.97,delivered,2018-04-26 13:31:13,2018-05-16 00:00:00,2018-05-02 23:32:18
134141b15902a79a3932a6f486de499a,56088651df42926f11ca58a83d36f906,SP,sao bernardo do campo,telephony,23.99,17.21,41.2,delivered,2018-06-26 14:37:07,2018-07-18 00:00:00,2018-06-29 20:32:12
65ac269bbcdab3f78e9365f37aa89626,02c2e590ec422325d7b15a4f0c8004cd,PI,pimenteiras,perfumery,65.0,52.81,117.81,delivered,2018-08-22 21:47:41,2018-09-12 00:00:00,2018-08-30 17:11:46
b307cada239e60fdeaef08bc8817c345,1e716a50e0e3b10d59c2284f6ff642ed,RJ,sao goncalo,sports_leisure,138.0,16.73,154.73,delivered,2017-06-19 03:06:36,2017-07-11 00:00:00,2017-06-28 13:44:03
5ce0709158a972bda105a5c17a5094ed,26874c233e3f7b363d33153b29e0c133,SP,diadema,bed_bath_table,134.9,13.96,148.86,delivered,2017-12-02 21:08:30,2017-12-27 00:00:00,2017-12-07 14:03:29
55e54fbe84b592cd76e9cb620b4e41be,f5f952a560930218fe4572aaa7908e5f,SP,sao paulo,construction_tools_construction,99.99,18.8,118.78999999999999,delivered,2018-08-14 18:02:25,2018-08-27 00:00:00,2018-08-21 11:49:34
c93a5ee8b79d80e391eba8a575bd4d1d,60a4bc62e8551d4e1b9322b9fae45bab,SP,sao paulo,furniture_decor,47.0,11.74,58.74,delivered,2017-03-17 14:07:59,2017-04-05 00:00:00,2017-03-27 12:43:40
8fc45fcea7ef26a592a2f96dc5fd9b05,9bbc240a0727f809394641071728abb4,SP,americana,home_appliances,14.9,7.87,22.77,delivered,2018-08-07 11:06:43,2018-08-15 00:00:00,2018-08-16 17:48:42
2abac84637c5e0ddd2923f22ba61a96a,7113bfd87bd5bc858271d272cd303251,RS,viamao,telephony,25.0,16.05,41.05,delivered,2017-03-30 01:08:09,2017-04-26 00:00:00,2017-04-17 11:03:11
eeb17181fc1852d99c92171ac3efd4e6,27e64469eab0c82082629a43b0d75af7,MG,cambui,perfumery,79.99,18.17,98.16,delivered,2018-04-02 20:23:04,2018-04-25 00:00:00,2018-04-09 16:52:07
9ffe2ecd67ea09ead5b860aa81182fd7,0672d01bce31cb5657b5eb58c0f4884a,SP,piracicaba,bed_bath_table,239.9,9.51,249.41,delivered,2017-12-07 17:27:48,2018-01-02 00:00:00,2017-12-15 01:10:15
461206d002bda8c6925c7b3f27ed29c1,214bd392f589811498bff8472e913822,SP,sao carlos,sports_leisure,809.0,17.16,826.16,delivered,2018-01-02 16:22:19,2018-01-24 00:00:00,2018-01-10 15:44:05
bb4c68c40aab77380324d2d741782056,7561488def3bf8fff43daf94df29bd85,ES,iconha,bed_bath_table,49.95,15.1,65.05,delivered,2017-07-25 22:22:57,2017-08-23 00:00:00,2017-08-03 20:29:44
19d3baace748a12b60b7c0901b11a285,ccddea730067e7be3d36daf2c7b846b3,RJ,miracema,books_technical,78.0,18.43,96.43,delivered,2018-03-15 21:49:05,2018-04-06 00:00:00,2018-04-10 21:19:22
77b27c29ab339345ecc7678db3e23049,f4316887caba528e78425197c937c75d,SC,joinville,consoles_games,49.99,50.22,100.21000000000001,delivered,2017-10-29 21:43:25,2017-11-24 00:00:00,2017-11-17 19:46:33
b30659f06b33fcd3ffad36f031b503e4,90493eddf464bdf21a99316550f23da4,MA,sao luis,telephony,121.99,23.35,145.34,delivered,2018-04-22 15:17:49,2018-05-18 00:00:00,2018-05-08 23:18:39
6df3204d235cde9188ca8235366848b7,2fb21822852abb9bbc5e1a0ded1f57f3,RJ,campos dos goytacazes,toys,25.0,13.34,38.34,delivered,2018-03-21 11:28:35,2018-04-13 00:00:00,2018-03-23 18:22:13
928292f8c5111a3b8bbe94e6cfc7900f,cf411f7e37ab60ce29df0a1ac2d5be3d,RJ,miguel pereira,bed_bath_table,28.38,15.1,43.48,delivered,2017-07-27 11:30:22,2017-08-22 00:00:00,2017-08-07 17:02:44
7c068f2de07830e12410a13f85bb6b0a,1d0973cf1666489c4d41a9b1b578bf80,PR,curitiba,stationery,20.9,15.23,36.129999999999995,delivered,2018-04-26 20:03:21,2018-05-23 00:00:00,2018-05-07 19:24:50
ae785dd71169275eba0d44a30412aa17,071aa5566cf1f8175d6631107c6f8d61,CE,maracanau,perfumery,129.99,21.31,151.3,delivered,2018-03-05 12:49:00,2018-03-27 00:00:00,2018-04-06 20:18:26
660cb47a0b4b671c86901a47f7dbc91c,d8bac788d842fa66ab0f6ef346595b8b,MG,juiz de fora,watches_gifts,179.0,19.13,198.13,delivered,2018-03-12 14:04:19,2018-04-03 00:00:00,2018-03-28 20:03:15
aae245e2849c2032f94d4baad11dab79,d8141ecc03efab6a447eb841d47f7e32,SP,itanhaem,health_beauty,56.99,12.74,69.73,delivered,2018-02-28 11:09:27,2018-03-19 00:00:00,2018-03-08 12:21:49
b03b2909d81f43ae819ad1bce8c47e45,43b781a2c59f2e503be7b075e32b2b1f,PR,ivai,watches_gifts,590.82,19.9,610.72,delivered,2017-06-05 21:01:22,2017-06-28 00:00:00,2017-06-19 20:07:41
05452881e2846549b81d39249bb66ad7,744fb2d41ededa16d3f703b7065b234c,SP,sao paulo,bed_bath_table,99.9,12.4,112.30000000000001,delivered,2018-02-04 22:04:37,2018-02-26 00:00:00,2018-02-07 22:11:23
73ce66a5f57c87bb706302f36d5db278,fdcf3a83bad711939a1f723b96861f12,ES,vitoria,sports_leisure,65.0,25.73,90.73,delivered,2017-08-10 01:42:45,2017-09-11 00:00:00,2017-08-24 18:14:03
0c41f512e2783cc1d84227b9afee153d,4d93a9728e098210fda896f01cdcdde9,RJ,rio de janeiro,computers_accessories,38.5,16.11,54.61,delivered,2017-07-27 11:31:24,2017-08-18 00:00:00,2017-08-07 18:02:37
483dc7aea9738d69a6e311c8d3ceda7b,55c755ae7178d29fafe8ad0fc90235f9,MG,presidente kubitschek,fixed_telephony,16.99,18.23,35.22,delivered,2018-04-16 13:19:05,2018-05-15 00:00:00,2018-05-02 21:22:43
e24897d16e9e9993e55e91c606074d52,502296229b3ef977c9358849ec2c314f,SP,aruja,garden_tools,59.9,13.44,73.34,delivered,2017-08-07 22:27:09,2017-09-01 00:00:00,2017-08-21 23:22:10
84e4486c820db46414cbfb1dbbe80889,fdbc9e3e8ff4d5fa66c92c652912aef4,MG,belo horizonte,garden_tools,49.0,17.67,66.67,delivered,2017-11-23 22:56:37,2017-12-14 00:00:00,2017-12-02 17:28:52
1ed66358fd4ddbd6469aa93633c3006b,f768f8f54145953e881641ebf06d267d,SP,ferraz de vasconcelos,stationery,34.9,9.34,44.239999999999995,delivered,2018-02-18 10:56:17,2018-03-05 00:00:00,2018-02-21 21:21:46
029a092ea19290f774d21c51fd7ac45f,99dc44814f4149b4c54128029ea0eb4c,GO,sao miguel do araguaia,health_beauty,99.87,17.14,117.01,delivered,2018-01-29 17:33:48,2018-02-26 00:00:00,2018-02-05 18:17:08
6f7aa3f0f22df0023e8827efb731157a,a53b862d2544c07c776f7f6f6be167a4,MG,belo horizonte,furniture_decor,59.9,15.3,75.2,delivered,2018-04-03 07:10:23,2018-04-19 00:00:00,2018-04-12 19:35:34
2b8964f15c12ac5df6946804df101d82,3434f88039a4e537867621960b17d7c0,SP,guarulhos,computers_accessories,19.9,8.89,28.79,delivered,2018-07-07 21:30:58,2018-07-26 00:00:00,2018-07-11 21:52:25
0ae17ad341b336248ad884272d8c1c93,57dc5ffadb04793be6e216b39737061e,BA,milagres,musical_instruments,359.0,37.03,396.03,delivered,2017-09-01 21:52:16,2017-10-02 00:00:00,2017-09-20 10:16:07
6354cc319780012d87e001f137f6a0a7,215ba263633c6730a803ad69e9278a4e,RJ,rio de janeiro,furniture_decor,99.0,16.94,115.94,delivered,2017-12-20 14:30:44,2018-01-15 00:00:00,2017-12-26 15:09:00
18cbe13511542b17fb381213e324d4e6,d239a9ebe6d0db949389686f4ca4245b,SP,sao paulo,construction_tools_safety,47.9,11.85,59.75,delivered,2017-12-19 20:37:17,2018-01-12 00:00:00,2017-12-27 19:14:46
b12e5d725658a4566286153c51727af2,ac64c33e439eba6713e1743e070ef50e,SP,sao paulo,housewares,8.9,11.85,20.75,delivered,2017-05-07 13:05:13,2017-05-29 00:00:00,2017-05-17 15:17:51
094fe1a1311bdcff558e373c756412d7,efab514af1ccc028dcbabd1f8d8cdf90,SP,sao paulo,health_beauty,649.9,14.73,664.63,delivered,2017-03-06 19:35:21,2017-03-23 00:00:00,2017-03-16 19:17:58
634adfa0f5cb0fd3a7c932f3b5b463fa,ea20132cbb6fcd3e89d614ca6abfa4e5,RJ,nilopolis,cool_stuff,125.0,22.74,147.74,delivered,2017-09-09 08:45:10,2017-10-02 00:00:00,2017-09-22 20:19:57
3e0ff86919e2e005d7f1d59015edb415,e28828c260fb933fa89ccea00c48841a,SP,maua,cool_stuff,35.0,12.43,47.43,delivered,2018-03-26 00:27:30,2018-04-06 00:00:00,2018-03-28 19:54:50
e407655a139ac261ec2f43315ea354d9,0a5fa7113e2ce10ce82df667b7098932,MG,belo horizonte,computers_accessories,68.9,16.92,85.82000000000001,delivered,2018-02-21 11:05:24,2018-03-19 00:00:00,2018-03-06 18:21:56
84b2dc2dc448456c5727abb0b43a108f,23f614484b8fc679ba0a6b1535620da0,MG,piumhii,computers_accessories,149.9,27.59,177.49,delivered,2018-02-16 09:44:07,2018-03-20 00:00:00,2018-02-27 16:40:12
282798d3d9e90c0c2c02697bdb07b839,4e51fe41912be91deba264ef9b453a34,MG,uberaba,sports_leisure,169.9,20.43,190.33,delivered,2017-05-25 18:50:08,2017-06-23 00:00:00,2017-06-05 17:32:11
06cc09320698aa17c751e20ac00ba7af,071aedb3d3ef5ad55666a3838230d3e7,PR,curitiba,office_furniture,61.5,13.58,75.08,delivered,2018-01-05 16:18:53,2018-01-30 00:00:00,2018-01-12 21:52:53
4a2d2e4b9b76f135b1e266f10d8de0ac,83a660cd68c5879571b819200b90a74a,SP,presidente venceslau,housewares,489.9,22.31,512.2099999999999,delivered,2018-02-04 22:28:21,2018-03-05 00:00:00,2018-03-13 20:48:39
2741e16d029bedd26c95382328762047,abd0b383c8be738ec0146766eb348336,RS,pantano grande,electronics,97.9,17.94,115.84,delivered,2017-12-13 20:22:52,2018-01-18 00:00:00,2018-01-04 16:16:28
3d966a23ca6c6a3e5dca4053ee2c654a,8a452cfa2b4925714df38aafd059e7a9,SP,sao paulo,bed_bath_table,129.89,9.26,139.14999999999998,delivered,2018-05-15 13:25:08,2018-06-08 00:00:00,2018-05-30 19:48:44
098f664519835e5af0a1f20f4d778fdf,07ca2340f294d146e84ae06b1abf1c3c,GO,itaguari,baby,887.0,26.7,913.7,delivered,2017-12-15 18:57:33,2018-01-16 00:00:00,2018-01-04 15:58:54
05b57f5540e48c853b6235bf8ff10e20,dff3b582aca1f1f169f58f0952c0c1ad,RJ,arraial do cabo,computers_accessories,61.34,18.31,79.65,shipped,2018-04-11 23:59:44,2018-05-04 00:00:00,
3146c0c437f6206198d8934ace1935e1,f297af1ac236b2ddff9ea5c2cb38ca2b,RJ,rio de janeiro,baby,51.87,16.12,67.99,delivered,2017-10-06 21:36:12,2017-10-30 00:00:00,2017-10-20 22:37:27
b8cf03f4a08e3dc7eb2509ef520b20e2,db63d1938f9fd68035212ae046df6917,SP,sao caetano do sul,books_general_interest,19.9,8.7,28.599999999999998,delivered,2018-08-22 08:25:48,2018-09-04 00:00:00,2018-08-27 19:32:48
b2965edf94b570cd52b1d61430a3beec,75743d98f7c2d040ee738b10bddb452d,SP,caieiras,computers_accessories,31.9,14.1,46.0,delivered,2017-05-17 20:55:33,2017-06-08 00:00:00,2017-05-25 10:33:06
5cf6b83ea7ea941824c64e4933f5efb4,70d3eaeb48aba4879c580645cfc0692b,MG,contagem,toys,89.0,17.87,106.87,delivered,2017-08-03 08:45:54,2017-08-25 00:00:00,2017-08-09 22:09:48
31d5120f144d73ba1e5aa4e747a328e9,b471d1920063d9c698e82e737e6c9c51,SP,junqueiropolis,musical_instruments,150.4,72.91,223.31,delivered,2018-03-20 22:33:50,2018-04-06 00:00:00,2018-03-28 22:03:40
e055ea75678450065cbfb7af8fc4d16e,7e6c2778b54ad2dd4f5832646556873e,SP,sao paulo,musical_instruments,94.9,15.54,110.44,delivered,2018-03-22 10:37:12,2018-04-16 00:00:00,2018-04-03 19:47:11
a14c872deca4d99bf8414d3dfb72bc34,8fd2ec00d1f8ef8518ff15330395991a,RJ,rio de janeiro,small_appliances_home_oven_and_coffee,579.0,65.34,644.34,shipped,2018-04-06 15:01:45,2018-05-15 00:00:00,
14e1335948fa1aacabaedacaf51d545c,b893abab88bc63f4abf54a65064cedae,MG,pocos de caldas,bed_bath_table,61.8,16.19,77.99,delivered,2017-09-30 14:13:01,2017-10-27 00:00:00,2017-10-11 19:47:47
d307290675e59c844ebde65696377750,4f7ded99cebf4c1ec505f71ef6580bba,BA,jacobina,auto,399.9,25.35,425.25,delivered,2017-04-28 18:25:16,2017-06-06 00:00:00,2017-05-24 22:29:30
d8a46fc8e10a38b3756d7e677b3f6ab0,ee4a5dab94b427525ea24bc30d4442fb,BA,paramirim,toys,99.99,25.98,125.97,delivered,2017-11-13 15:48:05,2017-12-08 00:00:00,2017-11-27 21:19:21
4ef50a2c9652e429d7d7591a0712aad0,c18287f3d96045bad031c170dd939c74,GO,goiania,health_beauty,119.99,15.73,135.72,delivered,2018-05-11 09:51:37,2018-06-06 00:00:00,2018-06-20 15:28:43
094dbecbb0ab054a620f21c04e82df03,f5c7eba6f2feb6baa7bc3daa2e7baa98,RJ,rio de janeiro,toys,25.6,16.11,41.71,delivered,2017-10-01 13:26:22,2017-10-27 00:00:00,2017-11-20 11:38:22
55f6044cecace75277ac3fb0335bf9a5,41bc11922a49c47bed46280d317c4cdf,MG,araguari,health_beauty,69.9,17.74,87.64,delivered,2017-12-07 19:15:18,2018-01-04 00:00:00,2017-12-20 22:11:40
3d8548cd4cec4412f9007bf10e67b70f,c9c7f143771017a9c61af26f7291f7a5,SP,sao paulo,housewares,52.11,7.78,59.89,delivered,2017-11-28 17:12:30,2017-12-12 00:00:00,2017-12-11 15:54:42
455b543c53eb86970fe22cdb9890a686,890740d506e0acef77a81232edd17c16,SP,sao paulo,furniture_decor,69.9,12.43,82.33000000000001,delivered,2018-03-24 19:48:21,2018-04-06 00:00:00,2018-03-30 02:32:13
a3675d53a727735e4e83c8e078666646,8f97b730f3d6799a318cc4a245075144,SP,sao paulo,health_beauty,66.71,7.39,74.1,delivered,2018-06-03 00:27:27,2018-06-28 00:00:00,2018-06-11 16:27:45
ab0440479873dd65da01b76ae53ec3c0,a79db9e03312a30d890143cd75563a91,SP,mogi das cruzes,toys,22.5,15.1,37.6,delivered,2017-11-25 11:59:13,2017-12-20 00:00:00,2017-12-07 17:33:47
48c0a263a6f5c112effbec24abbd468b,f95cd890258c20a784c1bef73ce28275,RJ,mage,computers_accessories,64.9,15.2,80.10000000000001,delivered,2017-06-27 11:54:38,2017-07-28 00:00:00,2017-07-12 17:15:43
5cbab05b634ce976dce3c53ebfad1058,8635538dc5eca8fa9d4f5443d334efb5,GO,formosa,computers_accessories,39.9,23.28,63.18,delivered,2018-04-15 09:53:19,2018-05-11 00:00:00,2018-05-03 17:38:43
e83017d68cf294c6dc9386de02a700ee,3290139ba650b14b9d1b5d749dfcb47d,RS,tramandai,furniture_decor,129.9,19.5,149.4,delivered,2017-04-22 17:31:55,2017-05-19 00:00:00,2017-05-05 12:32:19
4a0c442614599b83a064e2889049712c,ffc0ae560c10208ff8e7d8c0b9823683,SP,sao paulo,electronics,54.9,9.34,64.24,delivered,2017-10-02 22:17:16,2017-10-18 00:00:00,2017-10-11 17:44:12
04652586a8416e68609d21f267dee2f6,629dde990657dba8fbe6923e66804091,PE,olinda,fashion_bags_accessories,69.0,19.39,88.39,delivered,2018-07-31 09:41:10,2018-08-21 00:00:00,2018-08-09 20:04:38
0620816b111616c1a7c0e03f8929bc4a,4f53265bfce2fdff3352fd0a0aab5b56,SP,sao paulo,perfumery,56.99,8.72,65.71000000000001,delivered,2017-07-22 01:48:39,2017-08-09 00:00:00,2017-07-31 18:14:10
3f53ab479c257a4c6c027d24e4a2ffee,f2d7e42571dc36cf945d2f671c177cc3,SP,sao bernardo do campo,watches_gifts,55.0,7.78,62.78,delivered,2017-12-17 18:25:58,2018-01-05 00:00:00,2017-12-19 18:07:32
93f3ccc863d3ac17381f6505ccd752de,44e362ab816997af40db8f23b2b82cc6,RJ,rio bonito,health_beauty,119.9,20.08,139.98000000000002,delivered,2017-12-20 20:50:54,2018-01-22 00:00:00,2018-01-09 15:09:15
f391902a7436d24842c938f2e5b1bc34,d5f700b1428109c97e9671ff4b7a6fbb,SP,sao caetano do sul,bed_bath_table,40.0,16.6,56.6,delivered,2017-08-15 22:52:30,2017-09-13 00:00:00,2017-08-25 23:08:36
00f6ac4816d12f49026b09f2aa77d15f,d2c6c89bd52a9b70417f90313b1ce4a3,PR,campo mourao,furniture_decor,35.0,19.44,54.44,delivered,2018-08-06 17:17:40,2018-08-27 00:00:00,2018-08-13 16:18:48
fb95aa20d91cfc568a3bd223c03e9eff,559a8ee3945ef2efb08cf74e36c8b747,SP,santa isabel,bed_bath_table,88.0,10.3,98.3,delivered,2018-04-28 20:14:48,2018-05-24 00:00:00,2018-05-09 19:17:32
a6550e6c4d9f43e105efa45bec3bc70c,2fda1466193b113b34dbadf84b4d5b10,SP,sao jose dos campos,computers_accessories,89.9,9.44,99.34,delivered,2017-12-12 20:00:06,2017-12-29 00:00:00,2017-12-21 00:04:55
214e3e63d08a54a0670daa8ce72df870,bcc9b7f2405bb685ba307f82623af694,SP,sao paulo,stationery,129.9,50.43,180.33,delivered,2018-07-16 18:18:52,2018-07-31 00:00:00,2018-07-30 19:21:44
c0d9cb07f94365a3f747472d6121a158,5436bb8561900f37ade0c9905f798ba7,SP,jundiai,furniture_decor,40.0,11.15,51.15,delivered,2018-05-07 20:27:12,2018-05-17 00:00:00,2018-05-11 23:47:00
de02851d6bdb931fe9bc90c4f92648b9,afbdca22030c5003a66f149acf874203,SP,taboao da serra,stationery,99.0,27.24,126.24,delivered,2017-10-25 21:59:09,2017-11-13 00:00:00,2017-10-30 15:51:48
561f746a88df51356713157ec83fd020,23a9fef8f9da13382f68147bb260a6e4,SP,sao paulo,bed_bath_table,56.0,12.83,68.83,delivered,2018-05-15 13:34:26,2018-05-29 00:00:00,2018-05-22 15:26:34
b94dc34e8bfc76a3e9e7cef3e5e93483,8a1203467c7f64472ca1ccbb900629b2,SP,cajamar,baby,50.0,8.88,58.88,delivered,2018-04-16 10:21:00,2018-05-03 00:00:00,2018-04-27 20:47:32
3861fdfecf4efb20b8a61f74643d40ef,e575520c007995cd9b25bc3bf4786df0,SP,birigui,bed_bath_table,114.9,7.23,122.13000000000001,delivered,2018-04-26 16:33:56,2018-05-21 00:00:00,2018-05-03 17:12:05
e44bc38d6b4a533a8bdf31db140f2d01,43a0029dd31be6065ac63a2bb1d0ee8c,SC,concordia,garden_tools,920.0,84.52,1004.52,delivered,2018-07-05 07:53:01,2018-07-31 00:00:00,2018-07-12 13:09:09
f05357e2049ed23ef3cd55f90ab5f714,d16e82e5ac833ac4b3fc574005b08e34,MG,ponte nova,sports_leisure,24.9,15.1,40.0,delivered,2017-10-10 14:12:01,2017-10-31 00:00:00,2017-10-18 18:23:18
1c48d9b0f20275684de911afd11024f8,2eb6e78eac104b4a8adcdce62be40a76,SP,sao paulo,telephony,29.99,7.78,37.769999999999996,delivered,2018-02-13 11:58:56,2018-02-26 00:00:00,2018-02-19 15:06:33
9c91511c612eb17f1db8e983907b803d,cf3db5f5b177a58fdf0e5c655a20fbd3,RS,carlos barbosa,bed_bath_table,299.0,19.97,318.97,delivered,2018-05-01 18:24:28,2018-06-06 00:00:00,2018-05-08 16:35:41
214ee2e6750c4a27ac6121b731034858,199dd0c989c22f7b0781a87b1044c9c2,SC,joinville,furniture_decor,69.9,18.54,88.44,delivered,2018-07-19 15:00:52,2018-08-07 00:00:00,2018-07-26 20:04:36
5a8a4dc28b16fb90469ad749f9535773,82ec5f749b66f1857e868b6414a67ab3,SP,taboao da serra,garden_tools,149.0,11.67,160.67,canceled,2018-03-13 10:58:09,2018-03-23 00:00:00,
ff67e2e5931af358c3dde42b54ad658d,f41211bb7afc0625f4a81ef5adfbf092,RJ,rio de janeiro,electronics,19.9,15.24,35.14,delivered,2018-08-21 11:40:08,2018-09-12 00:00:00,2018-08-30 20:18:46
46eb75885eca03736c4188871c0a9ba3,6d23acdd09a2f24815b1f5e61df344b1,MG,vargem alegre,sports_leisure,170.0,18.44,188.44,canceled,2018-01-29 22:54:58,2018-02-23 00:00:00,
73b4137fe1a1e6cc800bd6ee7bde208d,9719870f10bd3b010c8f26d93ff886a0,RJ,rio de janeiro,cool_stuff,209.99,24.01,234.0,delivered,2018-06-03 20:50:30,2018-07-24 00:00:00,2018-06-18 21:12:35
0c0b20eb744a9c5ec1611dfd81da6165,c17db1418a98b4a6d1dcad61cc579c70,MS,corguinho,housewares,152.72,17.51,170.23,delivered,2017-05-16 20:39:33,2017-06-21 00:00:00,2017-06-05 16:37:39
51be998db4a4853bbb4aa99da629b94c,b9dc290e2630ea8e848b6c96dd637598,SP,campinas,office_furniture,126.99,18.6,145.59,delivered,2017-05-29 15:22:27,2017-06-16 00:00:00,2017-06-08 17:36:31
c18b6204ad61e6f20f2681af7cce007f,5673d9f5705618734ad0e72865a66d07,PR,curitiba,health_beauty,215.0,10.02,225.02,delivered,2018-08-01 22:57:50,2018-08-06 00:00:00,2018-08-03 13:33:04
3474c37ad7067402582a2852a08015f7,821033b010006f04e18cccbb9e096330,RJ,nova iguacu,watches_gifts,649.99,19.31,669.3,delivered,2017-09-09 11:40:50,2017-09-28 00:00:00,2017-09-19 00:09:02
8facbc594dbaf8ad562c3e6cf196037e,0c5bd66b9fa0f5db54d2fec36d9ac532,MG,belo horizonte,garden_tools,59.0,17.66,76.66,delivered,2017-12-17 23:31:33,2018-01-12 00:00:00,2018-01-03 10:32:42
3937ff0dcfc2d3e0ccf73d9b6521611a,6709a7ea04a5251937e8def213bd93e8,CE,fortaleza,bed_bath_table,69.9,26.75,96.65,delivered,2017-01-24 18:11:44,2017-03-15 00:00:00,2017-02-21 05:16:06
3c3103a88bb7a7ec1235eace4515f212,f5903559731c712d21093bd818f731db,SP,barueri,books_technical,35.0,8.88,43.88,delivered,2018-06-09 13:43:48,2018-06-26 00:00:00,2018-06-12 16:48:34
9cf68a98289ead1bb2175c2323255969,48a43a82b83f1e3b08e691ffb1d04c58,GO,goiania,garden_tools,49.9,17.6,67.5,delivered,2018-02-13 20:03:39,2018-03-08 00:00:00,2018-02-28 22:41:53
3ff488af63223ea08fce4e9db03a82dd,94ab7b79166b804ee2c4d59e16eb3b8f,PE,cabrobo,luggage_accessories,54.9,20.83,75.72999999999999,delivered,2017-02-12 17:11:02,2017-03-22 00:00:00,2017-03-09 08:51:55
81d9549a0a8197c72b338f870174f397,f1bb31004fcc6a184a04fab8fb0b2106,PE,olinda,furniture_decor,49.0,25.38,74.38,delivered,2018-02-22 20:02:39,2018-03-19 00:00:00,2018-03-21 20:19:00
7a35319beabf36472c45cc9ba67f0745,5e9b9a8a03e7eb90d53d2ef2592b7d53,SC,sao miguel do oeste,sports_leisure,69.0,9.59,78.59,delivered,2017-12-01 23:36:54,2018-01-03 00:00:00,2017-12-27 19:32:41
251f0a3981c4a8cb853a9cc9d6ba49ad,3ba2c7feb465bb3df6bb6c6c9014f839,BA,itamaraju,health_beauty,79.99,13.16,93.14999999999999,delivered,2018-05-11 18:40:54,2018-06-05 00:00:00,2018-05-21 16:07:28
5f01dcad71ad545ba83a3bd4df58d6a1,992acdbb71f204e17d280a9591c97716,SP,sao caetano do sul,cool_stuff,572.0,37.27,609.27,delivered,2017-08-12 15:29:22,2017-09-01 00:00:00,2017-08-21 11:05:59
27c60cfbe4965270943d7cdab0989038,64f66f9fb3f3c522e310821c0d67fc89,RJ,niteroi,watches_gifts,168.9,16.28,185.18,delivered,2018-07-30 12:10:23,2018-08-16 00:00:00,2018-08-04 00:42:50
2c8740f9df6d253c15dc035eba80ebed,a6b44587e9ee322a9dc6e8b6adb1a3be,SP,sao paulo,furniture_decor,139.99,47.68,187.67000000000002,canceled,2017-04-12 11:23:01,2017-05-11 00:00:00,
e03802b5209c43fd6ba9d5fefbd664ca,58f5a0b391493cf37a8c32956f14d6d1,DF,brasilia,watches_gifts,195.9,15.12,211.02,delivered,2018-02-21 20:49:39,2018-03-15 00:00:00,2018-03-14 21:12:09
22648d496637318d8713a49b4e628a87,ad96c893319ca7c9235194c71c936464,SP,jacarei,sports_leisure,43.0,8.04,51.04,delivered,2018-07-30 13:55:11,2018-08-09 00:00:00,2018-08-02 19:47:49
e5d242a2715fffa5cd81b14e3587b571,f5a0022a16475713f93c7013446a725e,DF,brasilia,toys,99.9,18.28,118.18,delivered,2018-05-10 11:34:01,2018-05-30 00:00:00,2018-05-16 16:02:47
7df7d4ec17315f0dd0c1f6099a9fa5f3,d3dac8825eb9bff1e41c59552aadeeed,SP,taubate,toys,69.9,13.85,83.75,delivered,2018-04-03 16:00:49,2018-04-25 00:00:00,2018-04-11 18:28:33
bae8217e6bc5d06c5c5172a3811ae2a9,ce3545eefc7bc0ed9c37ba1504612777,RS,cachoeirinha,telephony,10.99,14.1,25.09,delivered,2017-05-18 02:32:05,2017-06-13 00:00:00,2017-05-23 13:08:45
70e4a16cdaa84276ed287a38cf800b41,d27d0adf06c8ff8a314aa0a783484d97,RJ,sao pedro da aldeia,housewares,40.0,17.6,57.6,delivered,2017-11-12 16:49:26,2017-12-06 00:00:00,2017-11-26 15:46:07
0f4fb5e0b20cdd9ef2fe37b2627f2cfe,6c005d6d2d21634f3eabb0720c780d75,SP,sao paulo,telephony,27.99,7.39,35.379999999999995,delivered,2018-05-16 22:06:09,2018-05-28 00:00:00,2018-05-18 15:51:36
8782135cf0f7ffe6fb80bf501a37ecd2,ebb7eb966817370dfbd36b7e88b0445f,SP,osasco,computers_accessories,19.9,14.52,34.42,delivered,2017-03-12 19:22:42,2017-04-04 00:00:00,2017-03-17 06:58:52
b765555cab4620de41a7714fe7359249,062ec661249087a0e2560ab089b7e722,SP,cajamar,bed_bath_table,98.99,15.8,114.78999999999999,delivered,2017-03-25 10:49:55,2017-04-13 00:00:00,2017-04-01 13:18:37
0c8afaedb1f20b1655f3ff0d84b4424c,4ed0d05aace22bfec857e1f442d05e93,GO,castelandia,auto,172.0,27.52,199.52,delivered,2017-06-17 11:31:34,2017-07-18 00:00:00,2017-07-04 16:58:38
2b607744e76f81e144b4fa66deefa142,dd5c74c348f6b6e865aed8464cbc8292,SP,santo andre,cool_stuff,59.0,7.78,66.78,delivered,2018-02-14 11:15:39,2018-03-01 00:00:00,2018-02-16 19:32:58
f0935e4d348302a4140276ed7c6c1545,a24915aaccbe6030ab47a23cbfd8d99e,MG,muriae,bed_bath_table,64.9,20.94,85.84,delivered,2018-02-19 14:12:58,2018-03-13 00:00:00,2018-02-24 14:36:54
8571f5b695cac36f5124691c0e102b41,db66f0f2bc1db90affdf2b8bf67f973f,SP,jundiai,sports_leisure,59.99,9.34,69.33,delivered,2017-08-23 15:51:20,2017-09-05 00:00:00,2017-08-28 16:52:21
4b5cf6901062fc5fda94db5e015089b8,a824f1926ada8e0765adea9b4f1babfd,SP,itu,watches_gifts,790.0,21.29,811.29,delivered,2017-11-12 13:33:57,2017-12-06 00:00:00,2017-11-23 00:58:57
aa7c35fd606f4275e267e859c6a84d0f,2acb8bcfc61ce1c9fdbdf49f4d1b00c3,SP,sao paulo,health_beauty,18.9,7.78,26.68,delivered,2017-05-23 15:55:34,2017-06-05 00:00:00,2017-05-25 15:43:27
b76190a2c095fba255ab46987545a660,f491ee1c8b179ef20bf46bf58085b51a,SP,itapevi,bed_bath_table,109.9,20.74,130.64000000000001,delivered,2018-01-16 21:55:29,2018-02-06 00:00:00,2018-01-26 22:52:23
b70947b76f548d986539b3a43ae9674b,dc1d683bcd460944a0e8eaa31bb009d4,SP,sao paulo,bed_bath_table,249.0,18.65,267.65,delivered,2018-04-27 13:51:05,2018-05-22 00:00:00,2018-05-08 12:08:47
84ddfd4c559558c53b5a4c6765e49be8,e46199e608da08442ed8c8202690bebb,SP,carapicuiba,housewares,5.9,7.39,13.29,delivered,2018-08-09 21:31:52,2018-08-15 00:00:00,2018-08-13 22:35:48
dc4cfa94b80bd43118f48eea2ddc0151,03392938a6a21912ddfce67179fed14c,SP,maua,unknown,84.99,23.54,108.53,delivered,2018-07-17 14:06:38,2018-08-02 00:00:00,2018-07-20 18:58:30
187f46dc8413d66bb854de95b004d9b3,728bcc9495f951828608dbbf3a7e36b4,SP,sao paulo,garden_tools,251.51,16.64,268.15,delivered,2018-04-03 15:19:27,2018-04-26 00:00:00,2018-04-16 20:41:50
86dfa937c43f021fdd93264d20c8537b,111c2314ec13d3392af1fc5fd7e8786c,SC,bombinhas,fashion_bags_accessories,49.9,15.1,65.0,delivered,2017-09-07 18:04:41,2017-10-13 00:00:00,2017-09-21 14:50:35
4c374f090868ac5a5910f6b1fd383c25,06c18dc9dc7a01e3322f4e9245dac0ed,SP,sao paulo,computers_accessories,67.9,13.7,81.60000000000001,delivered,2018-04-05 10:40:30,2018-05-04 00:00:00,2018-04-11 18:19:24
8333a97ebae7fc470923e0ab9e9f0737,c21c6503006bd2b7a395603b502eaabd,SP,sao paulo,food_drink,29.7,16.4,46.099999999999994,delivered,2018-07-05 17:52:09,2018-07-25 00:00:00,2018-07-13 18:52:28
38a747fb2e7915ca7157237088020cf1,8f966cbad592741f380ef7b2e2ab564d,SP,osasco,watches_gifts,29.0,7.78,36.78,delivered,2017-08-04 20:24:13,2017-08-17 00:00:00,2017-08-08 20:56:59
8826b56d45c25577190e5c91fdca2a61,9343b1983b98b641123d716978deb844,SP,guaratingueta,computers_accessories,45.9,11.85,57.75,delivered,2017-11-01 22:27:16,2017-11-22 00:00:00,2017-11-08 23:13:58
fcc5914e9f71ef930cd32cb26b3563c4,877d668b9e0fb1952d2dfda6f377303c,SP,bonfim paulista,stationery,79.0,13.57,92.57,delivered,2017-12-15 18:01:49,2018-01-10 00:00:00,2017-12-26 18:17:53
da6f4983b13d38e911e7c8f60771ba66,3277ec319b5ae6c2baff32baeb1c2bf9,SC,chapeco,audio,598.99,18.94,617.9300000000001,delivered,2017-12-26 11:36:12,2018-01-29 00:00:00,2018-01-04 16:53:22
6d9ae94dabe435d638bfc80834e79b4a,35c0a8204594e54ed2d25806815f352a,MG,ponte nova,luggage_accessories,99.9,14.43,114.33000000000001,delivered,2018-01-24 11:40:18,2018-02-16 00:00:00,2018-02-02 14:35:10
190557ff9eb3797082b5279359cf7bef,22430cab2d3b80065613c8784a1eed9d,RJ,sao goncalo,toys,70.97,17.75,88.72,delivered,2017-12-07 12:36:22,2018-01-08 00:00:00,2018-02-03 14:48:33
82ba6dcd4e23b3992eecd5bcae999c30,80c90ad8b349c3d26dc554492c280448,SP,sao paulo,watches_gifts,679.0,16.25,695.25,delivered,2018-01-31 00:08:55,2018-02-22 00:00:00,2018-02-05 21:48:30
0ba375898f7c9b49e9d12cdd4f4467e8,fd9f98ca9be23ad4f0cc5d11fc1d3132,PR,pato branco,health_beauty,349.9,15.47,365.37,delivered,2017-08-24 14:53:21,2017-09-19 00:00:00,2017-08-31 20:48:47
77df84f9195be22a4e9cb72ca9e8b4c2,bf869f6a89c8ba217f47e22359f884f2,SP,santos,furniture_decor,18.9,3.28,22.18,delivered,2018-08-16 04:29:53,2018-09-18 00:00:00,2018-08-17 13:21:18
84f9e55a4538777400d2fa996b626570,4bf0e879997fb1f62418266f4b8d03b7,RJ,nova iguacu,cool_stuff,215.0,22.59,237.59,delivered,2018-04-17 22:46:15,2018-05-18 00:00:00,2018-05-03 20:32:12
357faf30d677dbe3c31a345f7026a6bb,26f06401a5374fd3d26b6eed06af675f,MG,piranguinho,furniture_decor,56.0,22.03,78.03,delivered,2018-03-08 22:19:41,2018-03-29 00:00:00,2018-03-20 11:07:31
61fba313862d5071658794c520745397,e6b2ebebab1d04ea3fe75e9ef4f8f433,RR,boa vista,cool_stuff,59.99,29.95,89.94,delivered,2017-10-20 11:33:42,2017-12-06 00:00:00,2017-11-04 15:43:45
df2c3731dcfbe2f0861182b341c71c82,fd2bf5ffaebabeefee3586c9c3d912e0,RS,nova esperanca do sul,health_beauty,27.9,18.23,46.129999999999995,delivered,2018-05-02 18:38:11,2018-06-04 00:00:00,2018-05-09 23:48:44
2cfc79d9582e9135c0a9b61fa60e6b21,0058f300f57d7b93c477a131a59b36c3,BA,salvador,stationery,59.9,19.66,79.56,canceled,2018-02-19 17:11:34,2018-03-15 00:00:00,
1cafec050dfd61009e2efb0428f28438,34a852ee935fc6076dd7b0019c3cb295,SP,atibaia,cool_stuff,139.9,13.11,153.01,delivered,2017-09-11 18:30:07,2017-09-28 00:00:00,2017-09-18 18:15:02
f3f0bc4d599d1d5251f1b37cec7b407e,d2e80e3af989dadfdae7bd1fa9b60459,SP,cruzeiro,watches_gifts,129.0,11.51,140.51,delivered,2017-02-01 13:53:20,2017-02-24 00:00:00,2017-02-10 14:35:07
8608b68211e2b6a120ff2e767285e069,2a9c9698ae8fb45eee69ca8808382671,RJ,rio de janeiro,bed_bath_table,38.9,1.55,40.449999999999996,delivered,2017-09-18 20:11:16,2017-10-24 00:00:00,2017-09-28 19:19:10
58279d6e5966be96c8768b58f9a6f983,e6e5fa3fb733ae81af75780250520907,SP,taubate,bed_bath_table,89.9,17.88,107.78,delivered,2017-11-15 19:47:04,2017-12-11 00:00:00,2017-12-16 15:48:52
60d0d7f6e4119e9a4630876994978c2b,a90cf5a43a177612976f70bdccffbd0e,RS,caxias do sul,baby,243.0,20.89,263.89,delivered,2018-07-26 09:26:38,2018-08-17 00:00:00,2018-08-01 15:49:05
649fa665ec97c1e0c786685fc3db9ba0,c169c9937db997a267f749cdd64c161f,PR,curitiba,computers_accessories,188.9,20.56,209.46,delivered,2017-05-09 14:33:43,2017-06-09 00:00:00,2017-05-22 08:46:38
8f35c9d6cb15b3bc14a4a88374c6d3d6,39618678c9395910a7d675df2b0af941,MG,conquista,bed_bath_table,138.18,66.18,204.36,delivered,2018-07-22 18:14:46,2018-08-16 00:00:00,2018-08-01 20:18:53
93fe52f922933e89732474d91f6ac25f,1dd189ae626c773c96b30ddcc49a9cbd,SP,sao paulo,telephony,39.99,7.54,47.53,delivered,2018-08-17 15:49:23,2018-08-23 00:00:00,2018-08-22 21:40:58
c7cecd72d8b7b272d7373802da9b302e,ff5d0b841838e762e18145556c73bf01,SP,mirassol,telephony,49.0,10.96,59.96,delivered,2017-03-26 18:23:29,2017-04-13 00:00:00,2017-04-06 14:16:00
64958fed45ad3cd3b84be03fd9ac01cd,28cbc0c01e29398e9a2114221ee8d25a,SP,sao paulo,auto,45.0,11.85,56.85,delivered,2018-02-14 12:14:39,2018-03-06 00:00:00,2018-03-09 16:58:34
141a3a105ece0b78ebacac138ca4a4fc,4b0cbf5ea22869c5ea269442f9b849e7,SP,lucelia,stationery,129.0,13.92,142.92,delivered,2018-01-11 14:54:38,2018-02-07 00:00:00,2018-01-24 19:05:07
e55ccf4e8ae6aa77431729b1bf96d741,69afe7c27aadfa869ed76ef5342a4b76,ES,vitoria,telephony,108.9,16.28,125.18,delivered,2018-06-12 11:56:40,2018-07-05 00:00:00,2018-07-12 18:58:24
15b5597f4ace3db6ea01c54d433187ce,f437f2cc0e091dfc91cfabd06ac99981,ES,colatina,health_beauty,370.47,43.57,414.04,delivered,2018-07-13 14:19:43,2018-08-01 00:00:00,2018-07-24 12:36:55
d0b378f9d33cbf6b21c01295494a9ef1,5126023a171cb9bc605e7213e298cc66,SP,santo andre,furniture_living_room,22.9,16.83,39.73,delivered,2017-08-03 15:36:26,2017-08-25 00:00:00,2017-08-11 21:47:51
4bff66c10610e424c94b8cc3ee0f2bea,3dfad6d85caf27ac5606ef87fe4afc22,PR,renascenca,pet_shop,89.9,18.2,108.10000000000001,delivered,2017-11-24 20:14:59,2017-12-21 00:00:00,2017-12-11 19:54:10
ddc7c19ba9ea65183373ed66beabe356,74ba7d396fc92ee64392f33a54ea47fd,MG,belo horizonte,bed_bath_table,19.9,18.24,38.14,delivered,2018-06-21 02:12:27,2018-07-16 00:00:00,2018-06-27 16:26:29
5e682664f3f3651fbaf00a25915ef580,d385749f873ff5c52034d332f4f2618a,RJ,cabo frio,sports_leisure,399.9,37.93,437.83,delivered,2018-03-07 12:27:19,2018-03-28 00:00:00,2018-04-17 16:42:03
9b5be2b2b32aab3c2d528cef27f8d6db,a48c90479dee6654236741182bce8e6e,SP,sao paulo,sports_leisure,54.85,15.14,69.99000000000001,delivered,2017-05-22 16:41:50,2017-06-16 00:00:00,2017-05-26 08:23:50
732afdd5420c25c298c18de68006fbd6,18057955f3a6909f6fc6cf564179b6cf,SP,sao paulo,watches_gifts,55.0,7.78,62.78,delivered,2017-11-19 01:27:07,2017-12-01 00:00:00,2017-11-26 18:18:43
7a06f1e596e63eac60cd9f3085ea501f,bea1175ad79f600b0d364fd0b25203d4,SP,monte aprazivel,watches_gifts,56.0,11.89,67.89,delivered,2018-02-19 18:01:21,2018-03-09 00:00:00,2018-02-27 17:58:54
9ec41066fe9773c225c01e1a10bee705,8e6778e57f11d27fdad9007241a86d6d,SP,olimpia,home_appliances,14.45,11.85,26.299999999999997,delivered,2018-02-28 21:31:09,2018-04-03 00:00:00,2018-03-26 15:51:44
b050c4789515afbf9494031e52fcb0ac,40177afd8aa414d3cf4a9140a8f39641,SP,sao paulo,health_beauty,59.9,17.67,77.57,delivered,2017-11-27 23:49:08,2017-12-18 00:00:00,2017-12-26 15:36:49
f83cf3c2b67fa69e65f769bbd1b06396,64c6c8d524513167e74780af00d7318d,RJ,niteroi,computers_accessories,62.99,15.19,78.18,delivered,2017-10-17 20:14:30,2017-11-09 00:00:00,2017-10-30 22:26:39
8056f3074c90b0bec67d3d71a204562c,84403c600d71c339fb7a7d203b1b966d,SP,caieiras,office_furniture,118.9,15.34,134.24,delivered,2018-02-23 16:23:54,2018-03-09 00:00:00,2018-02-28 20:25:25
77197d80101ec8ad66a1e174eea411e4,24a0eb76ea270046a71314ca2afdb85d,RS,porto alegre,construction_tools_construction,63.7,18.55,82.25,delivered,2018-06-25 15:22:07,2018-07-27 00:00:00,2018-07-04 18:50:43
b2f6d9c004d4df667af498c97106b8f1,9832ae2f7d3e5fa4c7a1a06e9551bc61,RJ,duque de caxias,watches_gifts,163.0,15.89,178.89,delivered,2017-07-21 10:49:31,2017-08-16 00:00:00,2017-08-02 18:33:10
5a2cc0ecbae1c95bdaba1c3b0f5c6adc,a52ab8fd8e71a5ccb67f02e593ab7b3c,GO,goiania,construction_tools_safety,21.9,21.15,43.05,delivered,2017-09-15 21:09:57,2017-10-10 00:00:00,2017-10-09 20:08:04
827c335f35a0906e59bf916172a0ee83,e6613a70e371c0a9bbb4f75b6ed12b5e,RJ,rio de janeiro,toys,10.99,14.1,25.09,delivered,2018-02-05 19:10:58,2018-03-01 00:00:00,2018-02-16 20:29:15
6597009cc04bb23ff7d1958a705cdcbb,271ec2410ab588a07c8aed43957935af,RJ,rio de janeiro,garden_tools,59.9,17.67,77.57,delivered,2017-11-09 12:19:38,2017-11-30 00:00:00,2017-11-21 22:34:42
694e3d121f16bcbb9b4595b6c6ab3baf,fc54c2c09aee36da48881e5bf37ef795,BA,ibotirama,computers,1340.0,26.03,1366.03,delivered,2017-12-15 13:43:13,2018-01-10 00:00:00,2017-12-22 01:07:14
7af34335adbe8e29fa3ef500f9f2c270,bfa83f01d2982ad63ce61fd220ac5d98,SP,presidente prudente,watches_gifts,78.0,13.21,91.21000000000001,delivered,2018-08-10 05:28:38,2018-08-22 00:00:00,2018-08-15 19:21:40
22d764197653b8e72e86fa89109d3a07,32bbf66d4ee8bac93ae1e501cfb12c6e,SP,bauru,sports_leisure,23.0,12.93,35.93,delivered,2017-04-06 01:08:20,2017-04-28 00:00:00,2017-04-11 11:57:57
08d1ac9ae1dcec96c3422ade2005fe94,564fb2956ed34f0a78c1cc37d731f3d9,MG,belo horizonte,bed_bath_table,199.9,17.16,217.06,delivered,2017-09-06 09:44:50,2017-09-27 00:00:00,2017-09-19 21:43:40
18193d834e0d2e9787375ad24d4e2b33,ddccdeef2671a07eff4442b91eccb2c1,BA,salvador,housewares,18.9,17.06,35.959999999999994,delivered,2018-05-14 15:27:20,2018-06-01 00:00:00,2018-05-23 19:07:06
78b5b205705f30bb989c4a6c7f8822e4,ab744045d2445f5bae53b57a4b99bfbf,SP,santo andre,watches_gifts,89.0,7.88,96.88,delivered,2017-12-17 16:32:26,2018-01-05 00:00:00,2017-12-19 12:58:25
d247ca22fce9ccacbc4adb556e4083f7,0e7f8d40e42c2fe70b2115e2121bf4eb,SP,mogi-guacu,baby,159.99,32.15,192.14000000000001,delivered,2017-11-13 23:36:32,2017-12-01 00:00:00,2017-12-10 10:41:44
cc5a9c86cbb61d7baebfde35e243a2a9,37ee07d5edb5934d6a2b54c2c3062ee8,DF,brasilia,watches_gifts,529.0,17.45,546.45,delivered,2017-11-14 20:59:52,2017-12-05 00:00:00,2017-11-28 01:47:29
30b693f731699f8468a99b453bd26dd7,d47107318c1a09b62dcc0d84a0bcf5da,SP,bertioga,health_beauty,325.0,13.77,338.77,delivered,2018-03-03 09:19:54,2018-03-21 00:00:00,2018-03-14 19:41:39
4dadcd5f9e682c17fdc6dded70c048e0,f2a84e3bcb9db0d7ae7f66c23f6a390d,MG,liberdade,sports_leisure,26.33,15.1,41.43,delivered,2017-05-07 13:53:39,2017-05-31 00:00:00,2017-05-19 12:57:35
45acb6840b062e10dd63454b19ce5212,345759b8cb3d30586551de1ca6905df0,SE,aracaju,construction_tools_construction,779.9,67.48,847.38,delivered,2018-07-03 18:36:57,2018-07-31 00:00:00,2018-07-11 20:03:42
5fbf5069e1db9d79733184b67a576c4d,62faa9161d76613338c9216581e7ee1e,PA,picarra,health_beauty,69.9,3.38,73.28,delivered,2017-08-12 13:27:54,2017-09-18 00:00:00,2017-08-25 08:47:30
d36a4e2b3b3896998031588f13c260d5,bd57a0d8783f22282484d3b26a601363,RJ,rio de janeiro,computers_accessories,17.5,14.1,31.6,delivered,2017-06-23 18:26:25,2017-07-17 00:00:00,2017-07-04 14:47:53
3cd1fc00785c7052ace31b764290e42c,bec155d3569b43b5e6cd4ea53a153800,SP,sorocaba,bed_bath_table,69.97,19.68,89.65,delivered,2018-07-31 09:46:41,2018-08-09 00:00:00,2018-08-06 13:11:36
161743a94abde3599def5bdce166684c,557b75f940a01e7ba17ffbf9cc02bb9b,MG,ibia,sports_leisure,39.9,21.88,61.78,delivered,2018-05-08 08:10:04,2018-05-30 00:00:00,2018-05-15 20:08:00
fc2010beb548588d1543ca8adaa132ba,070acf4df1234a6257809e4e79644481,MG,teofilo otoni,watches_gifts,669.99,20.45,690.44,delivered,2017-10-26 14:42:55,2017-11-17 00:00:00,2017-11-06 20:47:59
55e68a38817afa16c0547a6ebeeff145,508cae50c5c1e72079d266a513bca9ae,SP,sao paulo,bed_bath_table,81.5,13.59,95.09,delivered,2018-01-08 20:56:09,2018-02-16 00:00:00,2018-01-17 19:53:14
e5f48c85f53cb4d3f36b6cca32673337,142575266950512b56af193f3962270a,RJ,rio de janeiro,computers_accessories,27.9,14.1,42.0,delivered,2018-02-17 10:16:55,2018-03-21 00:00:00,2018-02-26 18:57:04
93be3c680089cedbd7306a23dba47168,dd7b0e9b51e5377bd9c1fd3e286c7b9d,RJ,rio de janeiro,sports_leisure,5.99,14.1,20.09,delivered,2018-02-26 12:42:32,2018-03-16 00:00:00,2018-03-06 21:27:50
31d9e006c7c94bccba8798ded8f50034,bcb2569433860f0e351a9d12cdfa038d,DF,brasilia,furniture_decor,119.0,27.37,146.37,delivered,2017-11-19 09:33:44,2017-12-12 00:00:00,2017-12-01 17:58:47
ea478babcce555886b89e947325ceb48,0d508bb21cf7b5d51c46382a21bf379f,SP,tremembe,health_beauty,49.89,13.01,62.9,delivered,2018-08-11 11:01:07,2018-08-23 00:00:00,2018-08-17 16:52:32
4d7ca3591e5dc730ad4e00085ebe11c6,a926cfc9bc7b082335de50450f48eec9,SP,carapicuiba,kitchen_dining_laundry_garden_furniture,54.9,11.15,66.05,invoiced,2018-04-24 20:40:44,2018-05-08 00:00:00,
f1487beee9bcc5d6921a3e5ddcb63623,374a977249df7fd838c1fe68843b33b1,SP,campinas,market_place,34.99,7.39,42.38,delivered,2018-05-27 16:40:54,2018-06-21 00:00:00,2018-06-01 14:28:52
c3ea5c5d0f6da616026d4cee6df674a5,2e0ff4ff9f2cf7df7ef931cf2359c085,AM,manaus,housewares,169.99,34.85,204.84,delivered,2017-06-25 22:58:15,2017-07-28 00:00:00,2017-07-01 11:47:58
ee1e5461125181b29a98058b3e16d26a,85b33fdcff5e20584ac9ec8e3c559ea3,RN,parnamirim,pet_shop,89.99,35.95,125.94,delivered,2017-09-10 18:30:54,2017-10-06 00:00:00,2017-10-02 17:05:47
f6cf807a05566571a2781deb6a223094,630f664ac3b2844e836d10abf880cd47,BA,mata de sao joao,telephony,16.99,20.99,37.98,delivered,2017-05-18 23:40:12,2017-06-27 00:00:00,2017-05-30 13:10:50
49b2e22ab4e36837e0c47657dd8e390a,3b0689f9af2dfc48d4e30a8a7260d691,RJ,rio de janeiro,bed_bath_table,166.99,61.91,228.9,delivered,2017-06-06 15:56:55,2017-06-29 00:00:00,2017-06-19 21:37:44
50aee6309ac7a0d4fd5c78ac0d4e5404,a73031fcd093e2e6f46dc11bb2760832,GO,catalao,computers_accessories,119.0,19.74,138.74,delivered,2018-04-25 09:06:16,2018-05-21 00:00:00,2018-06-19 14:29:06
f1dee8f6b8d42d98d0f48b711a6a6d35,9008b8be4e2ac346ef8d97e8a8a871eb,RJ,belford roxo,stationery,100.0,17.95,117.95,delivered,2017-08-04 12:15:17,2017-08-28 00:00:00,2017-08-10 20:17:52
b40c4af3ffbbc82b406eb247212668f9,3c899ae7786637d770ed2cecbedc6986,SP,vista alegre do alto,housewares,174.0,30.01,204.01,delivered,2018-01-04 17:09:02,2018-01-29 00:00:00,2018-02-08 17:22:18
1dab0c0287080d25e4e38d906304268a,3d82e773ad2655ecee210df7fa726354,MG,santa luzia,perfumery,279.0,15.7,294.7,delivered,2017-06-19 12:29:14,2017-07-11 00:00:00,2017-06-28 14:03:44
dda34d917fca93319316d959e22b9289,41ef6bfcee3f50fe3d886cf23a0e2481,PI,fronteiras,garden_tools,1099.0,47.2,1146.2,delivered,2017-02-22 17:46:56,2017-04-04 00:00:00,2017-03-17 14:58:05
18b32669d9e5cbe2038b8080829a2c1f,853efca800e071d00c6e5c42c8e6f156,SP,olimpia,health_beauty,110.0,18.85,128.85,delivered,2018-04-25 16:16:57,2018-05-16 00:00:00,2018-05-03 20:16:35
fa489b941eb1d4ccba665793c2dec608,923a412f16ca9de965ff4dbda1c38e89,PB,joao pessoa,consoles_games,25.99,22.85,48.84,delivered,2018-04-11 20:14:14,2018-05-11 00:00:00,2018-04-18 01:22:29
3529da555e9238eaa0ac000c0ee4fb05,65d7c0904b51f5b432e71a14b25121dc,SP,pindamonhangaba,health_beauty,58.99,13.43,72.42,delivered,2017-11-08 15:52:49,2017-11-29 00:00:00,2017-11-21 15:38:39
4258b5bedf2331953c0b974849dd7b24,5a17be7746de588c9652a1e2cb562f7c,RJ,rio de janeiro,toys,82.0,16.82,98.82,delivered,2017-10-17 14:20:58,2017-11-03 00:00:00,2017-11-01 19:49:36
7fad4942eb2e0461140e94f51a3e5053,db1c8ccddd2ae34421cbd973872874ef,SP,sao paulo,auto,40.0,9.03,49.03,delivered,2018-07-21 16:02:24,2018-07-31 00:00:00,2018-07-24 18:28:49
1fa78500e37879853df6bf65220a3994,408b1dc1bf28c3245e5eca9097e14b9f,SP,sao paulo,computers_accessories,44.0,11.85,55.85,delivered,2018-02-21 22:53:15,2018-03-13 00:00:00,2018-03-23 21:49:00
f92d5a62c7841e7f1a73ce4a68912c4b,73ab88904d8a605460b77ac0b8c14fc1,PR,maringa,watches_gifts,699.0,22.99,721.99,delivered,2018-08-06 18:25:54,2018-08-24 00:00:00,2018-09-03 15:28:36
793600b6f83c44827bd1d480fbde321f,a44d4c445532c860c7dc1701a0aba6b1,SC,florianopolis,watches_gifts,137.0,16.4,153.4,delivered,2018-03-02 22:20:48,2018-03-22 00:00:00,2018-04-09 18:36:40
f1ce104562bd756dd17eecf2a55766bd,424336b3be9575c9265c4ccdec2e754b,ES,serra,furniture_decor,17.9,15.1,33.0,delivered,2017-12-08 08:15:50,2018-01-05 00:00:00,2018-01-10 23:52:44
c260d944a07210c4fabf8b7d67ac8d6f,4131dcbf66c415fb6efa9f4878749bd2,SP,campinas,bed_bath_table,209.0,14.76,223.76,delivered,2018-06-18 13:34:26,2018-06-28 00:00:00,2018-06-22 18:28:32
d39b614462020b03dbd6b14f515137f5,8d44b17615992b110bf34cc64328307c,RJ,rio de janeiro,bed_bath_table,77.99,9.25,87.24,delivered,2018-05-20 16:34:00,2018-06-21 00:00:00,2018-06-08 15:56:51
1a878941e5a0c2afd1b0a14fb61f89b8,598338796239e698c67fb95bc368de07,BA,vitoria da conquista,construction_tools_safety,1658.83,34.48,1693.31,delivered,2018-02-03 14:07:04,2018-03-07 00:00:00,2018-02-20 20:48:35
05fb90958eaf5f1c3287acf11060525e,73ee3949d1f9a9e4e1cf5ae9bfe92b56,RS,porto alegre,health_beauty,47.6,15.1,62.7,delivered,2018-02-21 21:18:55,2018-03-21 00:00:00,2018-04-06 17:41:56
edddb585a5c894ef488568334c567e2e,0688198ee392c92540c81f5a3f2b3655,MG,uberlandia,bed_bath_table,74.0,23.32,97.32,delivered,2018-08-13 14:34:31,2018-08-27 00:00:00,2018-08-21 14:32:45
437421f669044dcf1e3e323bb715cab8,a59c5e472440338d288f514777689867,RS,venancio aires,furniture_decor,89.9,19.82,109.72,delivered,2018-08-09 15:13:48,2018-08-30 00:00:00,2018-08-22 13:56:44
04dbc8d27bc4a29787bbaf068607aa76,d935573a3741e4309600d03abab471b9,SP,valinhos,garden_tools,99.99,15.09,115.08,delivered,2018-06-25 09:53:29,2018-07-20 00:00:00,2018-07-05 14:04:56
9dbdb4ec80d02c90c7e93c786592629c,275deae456736907714657da05714eff,SP,guaruja,watches_gifts,109.0,18.01,127.01,delivered,2018-02-20 08:15:47,2018-03-13 00:00:00,2018-02-27 21:22:13
848b0561d4bc26f57b288a5004f38683,7301a2206e9f7e6beb6b92f627f1799d,SP,sao paulo,electronics,25.5,2.79,28.29,delivered,2017-11-27 19:06:12,2017-12-20 00:00:00,2017-12-05 13:48:54
a9f03424f2176817b05dc4ee9d048d6d,b2eac945674f33c3d76334c0ae1083c6,SP,descalvado,auto,50.9,18.44,69.34,delivered,2018-05-10 13:31:36,2018-05-28 00:00:00,2018-05-18 17:03:44
b65bc3c893e55d8850fdd459723e5f88,3138858b0f3302d6d8ffbaf1de14444e,MG,pouso alegre,bed_bath_table,69.9,17.2,87.10000000000001,delivered,2018-01-17 16:32:43,2018-02-09 00:00:00,2018-01-25 18:51:31
de2198669f76c1dbd0d137f101a7d6f0,7d0b1773dc928e29e86a230ca9557d08,SP,osasco,telephony,235.9,22.45,258.35,delivered,2017-11-29 17:03:06,2017-12-20 00:00:00,2017-12-21 19:34:55
9abbdc48fa5090fc71433b094fd329a8,72859486253cab9dc82376ebc8ee911e,SP,teodoro sampaio,toys,64.9,19.95,84.85000000000001,delivered,2018-03-12 18:17:00,2018-04-12 00:00:00,2018-03-27 19:52:17
d06fe8d6f4bdfe9cd1992aa3322f2f47,0e51cf9c63884c4fa72bc7994084aa31,RJ,sao goncalo,home_confort,129.0,18.48,147.48,delivered,2018-06-07 08:44:39,2018-07-16 00:00:00,2018-06-21 12:45:31
29c8471e22b812817dc9d933a3690694,3a410d8f6209fe24eb8e1b3feb1fdbf5,RJ,rio de janeiro,sports_leisure,189.0,18.57,207.57,delivered,2018-01-03 22:00:03,2018-02-07 00:00:00,2018-01-11 21:52:15
73e025915b8bd2c8856d0d3f85545506,d2047396438601ff3ff44b3ffce736ca,RJ,iguaba grande,baby,59.99,17.67,77.66,delivered,2017-05-10 21:23:19,2017-05-30 00:00:00,2017-05-30 13:10:48
d82a297437092371e1c2278befb2314b,4bc4469dd267b3b0ffe375f9d286b4b7,BA,feira de santana,auto,64.8,27.4,92.19999999999999,delivered,2018-07-31 08:27:18,2018-08-20 00:00:00,2018-08-08 12:08:29
98bc29e10634daaf3f5aff29eea45be6,ecb12ceb8cada321f17ac7b0a87a3d6d,BA,itabuna,watches_gifts,138.0,22.9,160.9,delivered,2018-07-28 16:00:09,2018-08-22 00:00:00,2018-08-08 21:35:51
342b802870cffb4cca6f8b612e121300,c5d18bbf8b24f753f566978697e2488b,SP,sao paulo,baby,169.9,19.27,189.17000000000002,delivered,2018-05-29 22:20:47,2018-06-29 00:00:00,2018-06-04 18:31:41
cea0364e8ea12a04f546c4dccc33d293,34c1b07921fed52ec2be5d81b827f3c8,SC,biguacu,electronics,12.9,15.1,28.0,delivered,2017-05-25 10:20:03,2017-06-19 00:00:00,2017-06-12 11:53:03
08dd64e78f26024b266515d5262be17f,d8a033548dcefc0ed2fde1f45908cbc9,CE,jaguaribe,telephony,13.98,25.63,39.61,delivered,2017-05-07 22:18:47,2017-06-12 00:00:00,2017-05-30 08:12:20
77398a0f3a4c177f2c4c7010abb1d9d9,f7d76bf3850c8a9c36ad957e0e23ecca,SP,vinhedo,sports_leisure,259.0,14.67,273.67,delivered,2017-07-16 12:04:19,2017-08-04 00:00:00,2017-07-31 17:20:09
e5ddbd23174123100cd4e3eb36be5b2b,8ba5855aea8e890fbb5c1bf3f5fd8d31,RJ,rio de janeiro,perfumery,13.99,14.1,28.09,delivered,2017-09-23 21:26:33,2017-10-17 00:00:00,2017-09-29 23:32:19
b1cd362ad264b0da57a669fa27c8f5cc,6b706e0280f4fb5a66777a2d861bf798,CE,camocim,sports_leisure,69.9,35.81,105.71000000000001,delivered,2017-08-11 16:40:55,2017-09-13 00:00:00,2017-09-11 18:46:47
e42a84e9da2661784849b93dd02c579b,acaaaf3c264707b8563c243c40481d0a,MG,joao monlevade,watches_gifts,148.0,15.79,163.79,delivered,2018-02-10 21:13:52,2018-03-09 00:00:00,2018-03-02 17:16:47
afe88388e4101e5724c27c83f0aca398,8e7252435155192d1e13288ffaa74ac2,SP,cananeia,watches_gifts,49.0,13.0,62.0,delivered,2018-06-21 20:30:41,2018-07-13 00:00:00,2018-06-28 19:03:31
35b21ed0cc9b73594a41b071693b55e4,05338561f0c4969c162f584f2d093804,SP,sao paulo,audio,19.9,7.78,27.68,delivered,2018-02-08 12:37:28,2018-03-06 00:00:00,2018-02-16 22:48:25
05b771d711b0fa6d8ca9f42c3cc29f41,825fcac393acc9ddfc4fc658d565ebfe,SP,birigui,computers_accessories,58.0,12.75,70.75,delivered,2017-08-08 17:54:37,2017-08-30 00:00:00,2017-08-14 21:23:02
69b60c85164df072f63b06bc0bda9804,f9c409aee09eacfec380589b8df724ae,MG,governador valadares,housewares,168.98,27.72,196.7,delivered,2017-05-31 20:36:19,2017-06-29 00:00:00,2017-06-19 16:11:44
d11d6ab0c7df16a66c726f6f83ef51d1,38c36e2b07cd2ebe4b525afa2698fa91,RJ,rio de janeiro,watches_gifts,29.99,17.92,47.91,delivered,2017-09-03 22:08:27,2017-09-27 00:00:00,2017-09-12 20:29:43
9cd56a4791f9a693673888aec901d978,fe87efb2a10c5be210f09f813108a433,RN,vicosa,furniture_decor,50.9,35.68,86.58,delivered,2017-11-05 08:20:03,2017-12-14 00:00:00,2017-11-22 21:02:39
a4f79d60f934a1fdc35b009f9415a8b3,5655ee330a79bd1fd1e5fb220c2436dd,SP,cordeiropolis,drinks,20.5,22.93,43.43,delivered,2018-04-15 16:48:15,2018-05-09 00:00:00,2018-04-20 18:22:49
57fd8fedd552dd174321576bd4df11ad,23274031486adbc793cecf0458dd431b,SP,sorocaba,baby,290.0,16.23,306.23,delivered,2017-08-19 13:14:31,2017-09-05 00:00:00,2017-08-23 18:13:20
a2dd2555832adf77db576aeb3906f57e,b5365685cce9b8e55693434c83891942,SP,embu das artes,sports_leisure,23.3,15.1,38.4,delivered,2017-11-28 23:06:15,2017-12-26 00:00:00,2017-12-09 15:14:37
4f259869d5c650af6f847b027032515b,d3a632335982db082524ce259ab13c13,SP,jacarei,small_appliances,139.65,36.91,176.56,canceled,2018-04-28 19:25:30,2018-05-09 00:00:00,
5ab3ac23bb4fcf50895b04971819b545,695edb4e455cb65a091e5f720137f5aa,SP,cotia,perfumery,42.9,15.1,58.0,delivered,2017-10-05 10:46:07,2017-10-31 00:00:00,2017-10-18 12:17:17
fc0e0898cfd3461507bc68aea61e36d8,7cb06ad872b656ba082615bfbc6cc0af,SP,sao paulo,auto,89.9,16.35,106.25,delivered,2017-12-29 20:50:35,2018-01-18 00:00:00,2018-01-05 14:44:44
c0671cda25f7253fc814a9d6c9171583,80d29c5d01827c0bcbbec7dd1f76fd13,RJ,nova iguacu,health_beauty,123.6,22.8,146.4,delivered,2018-08-18 20:29:53,2018-09-12 00:00:00,2018-08-24 23:03:11
c52c7fbe316b5b9d549e8a25206b8a1f,6411590d91c48640cb07e72fbb4a359e,GO,rio verde,housewares,129.0,50.97,179.97,delivered,2018-03-19 18:58:49,2018-04-11 00:00:00,2018-03-28 17:45:55
ceba50755e5b8a3009945798f45ead9f,4c80984a6f5737fbfda85463d82823d1,SP,sao paulo,watches_gifts,270.0,9.65,279.65,delivered,2018-03-14 13:51:36,2018-03-26 00:00:00,2018-03-21 21:47:33
1e2d70a35f238a2f454d8def1d883d8b,a5cc20f8c753445e3f1a767d34ba688e,RS,erechim,drinks,47.49,16.11,63.6,shipped,2018-02-20 19:51:14,2018-03-21 00:00:00,
bb45e059db1abcd5cedfdacadc9abd5e,1e4bf95db211d726892b0dc7227f60c8,SP,sao paulo,computers_accessories,32.99,8.88,41.870000000000005,delivered,2018-03-20 12:08:39,2018-04-02 00:00:00,2018-03-21 23:07:47
ef18f5dcc7b8a44cbdb1a14de4164bd1,d3f537919bf27b4cf6157616b00a0ba4,SP,guarulhos,books_technical,53.99,9.13,63.120000000000005,shipped,2018-07-04 10:52:38,2018-07-20 00:00:00,
fd6eda1ff5aedbd14847c99543d9162f,a89c1b6ce77fa159fa11e282c1f48299,SP,sao paulo,stationery,69.9,12.3,82.2,delivered,2017-11-05 21:53:52,2017-11-24 00:00:00,2017-11-10 21:56:53
ed7cabc96de8c36774b894e98aa73dc2,0abee71cd257861a0944e2a81cea4a50,RJ,campos dos goytacazes,housewares,8.9,14.52,23.42,delivered,2017-03-12 09:38:04,2017-04-03 00:00:00,2017-03-24 14:12:59
02e827a9f1e829b50b81eb9e26588ed9,308821e781e809311898edd3769315d0,SP,sao paulo,toys,59.9,7.78,67.67999999999999,delivered,2017-08-11 18:32:57,2017-08-24 00:00:00,2017-08-18 18:47:05
3e9bdc72197be8d2881273a27efc207d,019ed386aec9ff0f9eab4a590231174e,SP,jundiai,computers_accessories,139.9,13.64,153.54000000000002,delivered,2018-07-31 10:27:34,2018-08-07 00:00:00,2018-08-03 22:37:50
5d389775a013b9eb8fcdab4cdc1eae1d,9445e4dd2324226ebcb8a09243046a76,PR,faxinal,sports_leisure,19.9,14.52,34.42,delivered,2017-02-03 16:25:13,2017-03-14 00:00:00,2017-02-10 10:51:54
21acd87ab0e70951d2aa3b0cd6445c69,17ccd1b75a9e0801b1b4b0ad6c7d1be3,SP,botucatu,sports_leisure,65.9,13.12,79.02000000000001,delivered,2018-07-16 23:18:58,2018-07-30 00:00:00,2018-07-24 19:27:47
fd192fd37b66b1d22bfe7b82ace0a064,0ec45df207185ce87471703175856499,PR,colombo,electronics,9.0,15.23,24.23,delivered,2018-05-13 17:08:19,2018-06-06 00:00:00,2018-05-21 19:22:04
d3310038bbf991ce02501a51022f5283,0bd4b20e684a23c50c734e740eb41e90,SP,sao bernardo do campo,auto,159.9,31.99,191.89000000000001,delivered,2018-07-30 14:26:27,2018-08-23 00:00:00,2018-08-28 01:07:29
8321b0cd9de49601b4c81b6ab4c3f15e,269d3f159b0a46b40061a51fe4dfd6ff,BA,dias d'avila,telephony,28.99,17.06,46.05,delivered,2018-03-22 20:01:52,2018-04-18 00:00:00,2018-04-16 23:24:43
5fc156541c3cea8af8784a46dbfcd183,25e0e9c50bbbb702165055bb4bb2f2f7,SP,santo andre,health_beauty,64.99,27.51,92.5,delivered,2018-05-29 11:02:48,2018-07-04 00:00:00,2018-06-12 20:15:50
021397df4601b61a8bd063be9b5c54a0,150a2fc71a1324ebdf6b8ba3b8a2f884,SP,santo andre,computers_accessories,109.0,8.35,117.35,delivered,2017-11-16 17:53:31,2017-11-29 00:00:00,2017-11-19 12:32:48
71f28f100b9563aab8eeba751790d889,57c36350a705713d97444e8e4a3ba75e,SP,sao paulo,furniture_decor,62.3,10.82,73.12,delivered,2018-05-16 21:10:10,2018-05-25 00:00:00,2018-05-25 23:46:20
d8f7f9be7fb1c9734fecec3ba39cba52,b96c32251a4b7a0555341d03afa8eef7,SP,sao paulo,furniture_decor,24.75,11.74,36.49,delivered,2017-02-22 21:38:59,2017-03-21 00:00:00,2017-03-07 14:23:49
67528c4b8b629d9cbb51da492c6a9ec4,6a78f846a7a89f3e334141a514dead1d,SP,sao paulo,sports_leisure,45.05,7.58,52.629999999999995,delivered,2018-07-22 13:01:27,2018-07-31 00:00:00,2018-07-26 23:12:36
0078a358a14592b887eb140ef515f5ab,a6f9ff98ef3cedac9d8a2b88afc89972,GO,anapolis,furniture_decor,253.52,82.86,336.38,delivered,2017-11-06 15:42:42,2017-11-29 00:00:00,2017-11-21 19:04:54
ab6442c868ae3695e675d3c39aa616a2,6c2945276e9222a1e14e3d367b901cc7,PE,tabira,fashion_shoes,157.9,29.51,187.41,delivered,2018-02-22 15:03:52,2018-03-26 00:00:00,2018-04-16 17:46:27
2c922479dfa54e17760a70063a369e8a,15be16af39a06b195c5434190a6345ea,MG,santana do paraiso,sports_leisure,36.9,18.23,55.129999999999995,delivered,2018-04-16 17:49:46,2018-05-14 00:00:00,2018-05-01 14:27:45
1dd524259037e53865e1fbee3697183b,21847820266c73e9c86cbb702e2ee3f2,SP,pirassununga,home_appliances_2,269.99,32.92,302.91,delivered,2017-06-16 15:19:13,2017-07-11 00:00:00,2017-06-23 11:48:38
5e0de5e6b42042ea6e00e3d07d4aef84,9414464151c017ded4b6340991c447ee,MA,sao luis,garden_tools,49.0,37.97,86.97,delivered,2017-11-25 00:54:17,2017-12-20 00:00:00,2018-01-10 20:48:57
1c4c5941a5469a3259096232a68c3e70,1793a53f1e3efdbdd7767056b81ca94d,SC,lages,baby,130.0,18.16,148.16,delivered,2017-10-25 15:20:05,2017-11-14 00:00:00,2017-11-01 20:15:39
6b44342ff71a8b9c36b706c13e015cf0,2473904a8137a18d62708aa89dc3b7cc,RJ,rio de janeiro,books_imported,82.0,14.32,96.32,delivered,2018-01-18 15:08:23,2018-02-08 00:00:00,2018-01-29 23:46:55
f15eda4eee582fbfebc330748f24e208,580670a27cdf4e994deb2c8c8e669a46,RS,santa maria,telephony,24.99,18.54,43.53,delivered,2018-07-04 15:40:08,2018-08-01 00:00:00,2018-07-12 19:06:46
b7bc42b133d843af73988f6a9c68dbca,0cdfcc66651ed7c61e3e50a9349ba585,RJ,barra mansa,furniture_decor,70.9,16.26,87.16000000000001,delivered,2017-09-01 16:23:37,2017-09-22 00:00:00,2017-09-17 18:21:55
6868b1111e9eb1b40b43c971fcc28847,35965fec04ab010f508e7b1a475a07d3,SP,osasco,sports_leisure,24.99,19.32,44.31,delivered,2018-03-20 10:48:19,2018-04-12 00:00:00,2018-03-29 23:20:55
24812bb88ca7c88144814233a1d6f78e,39edb663209693c0c5490d8500fbe307,MG,uberaba,home_appliances,47.59,15.1,62.690000000000005,delivered,2018-01-14 21:42:32,2018-02-09 00:00:00,2018-01-26 00:46:52
e70079a333e4ddca8787daf05873a6dc,fdbfa68417a1a67d0b786b78234808d0,SP,sao paulo,fashio_female_clothing,64.9,7.78,72.68,delivered,2017-08-10 11:04:56,2017-08-24 00:00:00,2017-08-15 18:27:51
320e6748fc08ae549af6b07874fe6149,4782bd734cb291316f1637caa02fc38a,MG,belo horizonte,computers_accessories,52.0,14.1,66.1,delivered,2017-05-15 14:41:29,2017-06-06 00:00:00,2017-05-26 12:04:35
ee8eb8b78945c68960a7c42e6211365b,5336f61f924dcb211eb237913264ba03,SP,sao paulo,office_furniture,196.99,31.68,228.67000000000002,delivered,2017-10-25 16:54:28,2017-11-14 00:00:00,2017-11-13 17:41:54
582037320d4b45790340d0ceedac58a3,0b3720d8678f7962d3a6813ad5c45acf,MG,belo horizonte,watches_gifts,105.0,16.7,121.7,delivered,2018-03-08 16:10:00,2018-03-27 00:00:00,2018-03-20 23:54:26
633dd5a92f78d119e8d78b055c418fcd,ba3c3a8e29bdbed8b4b823d297ad1fdd,CE,iguatu,furniture_decor,77.0,27.08,104.08,delivered,2017-12-17 12:00:37,2018-01-24 00:00:00,2018-01-02 18:52:15
a4486566a4fefd15e310cdd38490bd05,6b1f0c8b340dfa101e9eaa2b8ed08bc8,SP,piracicaba,furniture_decor,129.9,27.21,157.11,delivered,2018-06-23 22:21:16,2018-07-23 00:00:00,2018-06-28 20:18:51
5795641bab8a44216bb7f551187af034,4c0bac678bfb8ff0becd5b393b45a884,MG,belo horizonte,computers_accessories,199.9,17.16,217.06,delivered,2018-01-05 14:56:40,2018-02-16 00:00:00,2018-01-24 22:05:31
39b203e1add14efaa6f3dc4b38daa49b,bc70a522844989a1758d7afa37a4d613,RJ,seropedica,watches_gifts,179.0,19.13,198.13,delivered,2018-05-13 16:27:52,2018-06-21 00:00:00,2018-06-04 18:06:34
c21f62eab437a5529f7dd3076e7da0e4,50299c07e471b34cb381a537ac5dcb66,PA,belem,computers_accessories,128.0,42.93,170.93,delivered,2018-01-29 16:45:03,2018-03-15 00:00:00,2018-03-05 18:51:33
9bc75a6264272c1cb4cffbd286cf39e4,35b4b791fa0ac79a09064ff51362543d,DF,brasilia,perfumery,179.0,16.01,195.01,delivered,2018-01-19 23:57:46,2018-02-15 00:00:00,2018-01-31 20:33:27
d5b01c154bfa35f8f18cf115336714f4,0d3999b145afab708cbde85968e0a671,SP,sao paulo,computers_accessories,135.0,16.05,151.05,delivered,2018-06-19 13:20:51,2018-07-18 00:00:00,2018-06-25 10:58:34
3ff7c1060eb0e7df8516ff9025461875,a11c0218bdc901d93bb5f7cc6dafbc39,MG,nanuque,construction_tools_construction,89.9,18.2,108.10000000000001,delivered,2017-11-08 18:18:31,2017-12-06 00:00:00,2017-11-24 15:48:41
72c53c1fb781f7736972c1a877a90b46,20ab68e0683c4154beea6981ddfd9955,RJ,rio de janeiro,sports_leisure,59.9,15.17,75.07,delivered,2017-11-05 18:32:19,2017-11-29 00:00:00,2017-11-10 04:13:19
61e268eee1d131498001b6121895c5ee,e56d844ce394899567b96a627d29ce7e,BA,feira de santana,watches_gifts,227.8,18.03,245.83,delivered,2017-12-19 00:52:26,2018-01-19 00:00:00,2018-01-05 19:34:22
c349154248a3236a01cba7d40dbef250,23eb4dead10ccf85749603687fe9e044,BA,alagoinhas,garden_tools,59.0,19.65,78.65,delivered,2017-12-04 14:12:13,2018-01-05 00:00:00,2018-01-11 22:36:06
da0f19a3cdfb165aec35e395bf5406ea,d10e1d04f94eea6c40bc55ad964930f2,PE,recife,garden_tools,53.9,0.0,53.9,delivered,2018-04-17 19:05:50,2018-05-18 00:00:00,2018-05-04 18:24:36
9b871ac52352fe5c58010cad01550b6c,c92fcc08288d633d677a2b744e7cdf9f,SP,santos,health_beauty,330.0,10.47,340.47,delivered,2018-08-06 09:41:09,2018-08-09 00:00:00,2018-08-07 18:50:50
1fbb942ec531150b361e6042285004f3,60bec6eff245ad1a5e18a2244fcdb972,RS,uruguaiana,auto,28.8,18.23,47.03,delivered,2018-04-04 22:17:30,2018-05-03 00:00:00,2018-04-17 00:28:49
f85b51024ff548e07b08c7cedcd1a0e1,75c28e41523479f2659a41dbe403f2cf,SP,santa gertrudes,luggage_accessories,249.99,44.55,294.54,delivered,2017-03-24 14:42:24,2017-04-12 00:00:00,2017-03-30 12:03:20
1e7058a9b831d3c87467082f9d306253,c91bf5494ac2e2bef6f4b10a344f031e,RS,guaiba,cool_stuff,139.99,17.23,157.22,delivered,2018-02-13 20:21:43,2018-03-14 00:00:00,2018-02-28 20:38:04
4418e54649d925fb8532ff8d11bcea61,af2f12255a745e11eb31bdd9c971ee65,SP,paulinia,housewares,8.0,8.29,16.29,delivered,2018-07-30 15:43:39,2018-08-07 00:00:00,2018-08-07 21:32:51
e145c6c37dcc3fca500f3002c65e5e6c,a9ab74fb1f68a684f04a5f812efa4e4f,PE,recife,auto,89.9,29.03,118.93,delivered,2018-02-17 12:14:11,2018-03-19 00:00:00,2018-03-01 00:27:19
04c1e5f3771cb0ccfdb672669807401b,bc8d400be39b139e071b416e548ab75a,MG,carmopolis de minas,watches_gifts,898.9,38.74,937.64,delivered,2017-09-17 20:09:45,2017-10-17 00:00:00,2017-10-06 21:07:34
9cf6e3606af3b114428d4fed81663328,04fc5f7b626b7d8082d4a81ec33f8b83,SP,sumare,bed_bath_table,69.9,12.83,82.73,delivered,2017-10-02 17:59:25,2017-10-24 00:00:00,2017-10-10 22:15:49
155ef0fdd47407446e4fd43d34997bbb,c3d7d8bced9013dbfb195f885a435538,SP,sao paulo,office_furniture,249.0,33.53,282.53,delivered,2018-07-19 15:35:29,2018-08-14 00:00:00,2018-08-09 14:42:27
4458b3efa2a267c37c8851684ce7309a,04035ffe05c302b1a7ee0eee85293cfd,MG,ouro preto,electronics,9.5,15.1,24.6,delivered,2017-12-02 12:57:29,2018-01-02 00:00:00,2017-12-19 20:32:30
9e8c40945ca99090d64646771fb19a6d,5a5fdc74741b68553a92d2272df59123,SP,igarapava,musical_instruments,177.9,16.0,193.9,delivered,2017-12-31 13:49:49,2018-02-01 00:00:00,2018-01-16 14:23:43
023efd060c082063e299dc77891ea1b7,c614379bad49fd0a3fb1c271e8f280ac,RJ,nova iguacu,sports_leisure,48.9,7.94,56.839999999999996,delivered,2017-11-14 12:43:54,2017-11-29 00:00:00,2017-11-22 17:16:42
b614e97e742badfa8faff319efd171eb,86f85aea78279bbf8b06f8123c1fbe44,MG,joao monlevade,bed_bath_table,45.9,16.11,62.01,delivered,2017-10-02 20:15:59,2017-10-27 00:00:00,2017-10-09 17:24:14
8fba9dc7c5f7b23ea9de62eba08dcfdf,12c4dee2137f46228b93caaeb9cb1ccc,SP,sertaozinho,bed_bath_table,26.4,12.79,39.19,delivered,2018-05-31 20:15:27,2018-07-04 00:00:00,2018-06-08 19:32:43
f37d724af2a6e8663e5de52bc2f7acc3,3a8bf1c7983935f6ad77915e139d91be,DF,brasilia,bed_bath_table,89.9,15.38,105.28,delivered,2017-05-28 15:08:30,2017-06-26 00:00:00,2017-06-08 15:07:30
ad8ba259cbff3b36ec0a6c88e0d78443,69037903e6b10250c703fc2fa8f3ae12,SP,itapetininga,auto,35.9,14.56,50.46,delivered,2018-08-25 11:43:42,2018-09-19 00:00:00,2018-08-30 19:04:47
673f22f1a5f0f4bc22143d42b7c60fbb,3e1202f3d3d47deb7509e78c606644b4,RJ,rio de janeiro,health_beauty,118.0,14.42,132.42,delivered,2017-10-21 17:23:00,2017-11-09 00:00:00,2017-10-25 18:03:10
c785675f92b03bbf76fbbcbf2acfe7da,bc36410dadfa58f63b4b0a69edc8bb6f,ES,baixo guandu,auto,305.9,21.11,327.01,delivered,2018-06-07 12:57:35,2018-07-11 00:00:00,2018-06-22 14:03:19
26ac15c4f69145c3a0ce4f2ebccd2a84,a28f925403b733be252893d297ffcd69,CE,juazeiro do norte,health_beauty,84.99,27.13,112.11999999999999,delivered,2017-11-26 00:22:41,2017-12-26 00:00:00,2017-12-27 19:07:43
0f597abb3c3850157138723eceba3f1c,fcb9353836cb5b48b1ac7730e34f1a71,CE,fortaleza,garden_tools,89.21,20.67,109.88,delivered,2018-03-14 19:08:26,2018-04-09 00:00:00,2018-04-18 12:41:36
f7380d2ae6b2e130f6b1bb997ff1194a,3eb2bf49b53911703ac42b24b8737544,SP,mogi mirim,home_construction,165.9,12.37,178.27,delivered,2018-01-13 20:37:52,2018-02-07 00:00:00,2018-01-17 19:40:55
6d335a14529f4ffa4219793d5b5a9772,366dc743342d2a61062d5be71646499b,RJ,rio de janeiro,computers_accessories,29.99,15.1,45.089999999999996,delivered,2018-02-16 13:38:45,2018-03-09 00:00:00,2018-03-23 17:47:33
72c6c412519423a1a046bd52a9db5560,a762af4ee6ae9f67c1417c7b73166c70,MG,patos de minas,housewares,107.85,19.99,127.83999999999999,delivered,2018-01-06 10:59:43,2018-02-07 00:00:00,2018-01-23 19:29:11
3b73bd0a67b08e5d8441574de9aae345,2c03b41fba5ad24f3f4789ab982a9f4a,PE,itambe,computers_accessories,179.9,15.71,195.61,delivered,2018-08-16 14:04:21,2018-09-04 00:00:00,2018-08-21 15:28:46
4894ab6596d70a7721324f6ecb314e55,f2380a404ae74c1eb8d4cd56e61634f7,RJ,rio de janeiro,watches_gifts,239.0,16.43,255.43,delivered,2017-05-14 15:55:37,2017-06-02 00:00:00,2017-05-18 15:49:41
ffbcdac3da2c2f23b699666818b0d38c,6a140ba4cf08e0d893b81b5ec7264d86,RS,carazinho,watches_gifts,78.0,18.65,96.65,delivered,2018-06-19 18:38:34,2018-07-19 00:00:00,2018-06-28 17:36:31
907b36ec45e03307bb335fc31304b66d,2cee6377777e0baa063c1fc576bb1dc6,RJ,rio de janeiro,health_beauty,19.9,15.1,35.0,delivered,2017-05-19 14:49:21,2017-06-13 00:00:00,2017-05-30 08:03:23
0b7acd2a88da22f2cf5365bff495f1e6,8ec06d1380850ea7498b48e8997630b3,SP,lorena,sports_leisure,69.49,13.85,83.33999999999999,delivered,2018-03-07 19:36:19,2018-03-23 00:00:00,2018-03-21 12:54:51
52ae37876584cb6e2cf3848e834516e9,d5df936a93eb525a9aaf3cce9de199f9,RJ,rio de janeiro,home_construction,39.9,15.1,55.0,delivered,2018-01-22 09:19:01,2018-02-15 00:00:00,2018-03-06 12:50:26
59f57538f2bcce08e3c18db962cfee83,52abba659c0a219f8de7076dc33e0e83,SP,barueri,sports_leisure,124.9,18.45,143.35,delivered,2018-05-22 23:20:45,2018-06-13 00:00:00,2018-06-04 21:14:41
9e7752c172e3994115a2cd609a18de29,420add00e535c5b9caf4e5f34c69124d,SP,sao paulo,computers,1299.9,38.51,1338.41,delivered,2017-09-04 14:28:22,2017-09-22 00:00:00,2017-09-11 15:50:18
0f463923e58ae2578bc70e3083b98e93,91c85345f4a64761cab837e0157488d4,GO,formosa,perfumery,198.9,18.82,217.72,delivered,2017-03-22 11:05:06,2017-04-19 00:00:00,2017-03-29 16:18:31
d93ef0caa7a160caec60b4d6833415a6,16e0c92fa133c05b8044b31a29c22e63,MG,belo horizonte,sports_leisure,45.0,23.31,68.31,canceled,2018-06-25 16:20:24,2018-07-23 00:00:00,
10bc94fc052750e8053c44b8a0cdab8d,46b7b0549a0fd88de78b58bafe90c3e5,DF,brasilia,health_beauty,349.9,22.85,372.75,delivered,2017-12-11 13:32:50,2018-01-11 00:00:00,2017-12-26 19:52:23
e8bf6d7173ae20431feec1819bb00fec,df9d2585c3e7b4f8904b1933e5ad2c7c,SP,sao paulo,watches_gifts,29.0,7.78,36.78,delivered,2017-07-17 15:30:54,2017-07-28 00:00:00,2017-07-19 15:31:38
927a7c08b956e780d1a418ec9b5b1551,ea982877f1cc7c385f965955a3ec65fe,SP,embu das artes,health_beauty,527.9,21.8,549.6999999999999,delivered,2018-08-05 22:50:05,2018-08-30 00:00:00,2018-08-17 19:32:25
d2233ae03525c5a589881557eee7640f,f7aad827a6ce574b9d35dfbc682fa27c,SP,sao paulo,furniture_decor,42.9,8.72,51.62,delivered,2017-05-22 15:41:36,2017-06-02 00:00:00,2017-05-29 15:41:54
019440e41e276668d99d996d5d1a22c1,19fe66d478bfedfdcc743014d562b777,SP,areias,computers_accessories,44.0,12.97,56.97,delivered,2018-06-12 23:05:15,2018-07-11 00:00:00,2018-06-19 22:21:21
56662456107b37b658f65eb5b1aeb992,bd70535b91eb978735f163b01dd4f7d8,SP,assis,sports_leisure,335.21,42.34,377.54999999999995,delivered,2018-01-22 22:15:12,2018-02-14 00:00:00,2018-01-29 22:22:34
2f4811e66be7f928c63acd083f0e0095,1c627eb230da69b6aac42e5cc550578f,RJ,paraty,sports_leisure,29.5,17.92,47.42,delivered,2018-01-03 11:50:15,2018-02-09 00:00:00,2018-01-22 20:52:29
79b7eb93349ff756b079e5cb0195cd1f,309acc8c68f7c802015a2b0df9602323,PR,pato branco,computers_accessories,74.9,12.65,87.55000000000001,delivered,2018-02-14 20:14:51,2018-03-15 00:00:00,2018-03-01 13:27:08
048297b4e795502db60be292e12dd390,89be58cbdd6ef318e3ed93fdb22be178,SP,itapeva,diapers_and_hygiene,25.0,13.71,38.71,delivered,2018-03-26 03:50:48,2018-04-12 00:00:00,2018-04-09 18:46:51
7bcd0046dcddeefcc87ed07ba748966b,6dfdecc0c2a082e027bb73a10fc477fd,SP,sao bernardo do campo,toys,89.9,11.83,101.73,delivered,2018-02-27 15:39:48,2018-03-13 00:00:00,2018-03-19 22:11:02
9781e29fd25f44bdbbace82bef3dcd8d,b1c56d60934f1f0ea656c0b475d865cd,SP,sao paulo,housewares,59.9,14.13,74.03,delivered,2017-06-27 11:07:39,2017-07-10 00:00:00,2017-07-06 15:07:38
d5499e385aef94ea76d2ea5e6a73e60a,0d1b072f720c3e2778a1b93b937ec8ac,SP,sao paulo,consoles_games,55.9,24.88,80.78,delivered,2017-02-22 17:38:51,2017-04-04 00:00:00,2017-03-03 12:41:42
caff85e7dc33e7dad852a50bb19bba72,9283ff2e613551b2e88edd593d46d3cd,MG,belo horizonte,bed_bath_table,157.0,21.94,178.94,delivered,2017-09-16 17:28:17,2017-10-09 00:00:00,2017-09-22 19:59:54
1c4bd62e77652a8a266a0b0f1b49b0da,5d7b01c0a09b912d9874a3fffdb858d5,MA,imperatriz,telephony,48.99,51.06,100.05000000000001,delivered,2018-06-22 12:01:37,2018-08-01 00:00:00,2018-07-06 01:18:54
c745e617482a01d21b32bca11a598621,b71129826e4e5439284813673149fb32,PR,curitiba,sports_leisure,50.95,15.24,66.19,delivered,2018-05-22 23:06:04,2018-06-07 00:00:00,2018-06-16 11:06:35
15c678abbfb30046bbc527e08721f88a,581b99de2e551ed8dd889935346fde3a,MG,uberaba,toys,479.99,64.0,543.99,delivered,2017-04-26 12:43:22,2017-05-17 00:00:00,2017-05-05 13:20:11
fac0d9ee548e947e642b27cea75c2dfe,c72e275ada466096edb1fade34cd1d6c,SP,jundiai,toys,59.99,9.34,69.33,delivered,2017-10-10 15:15:12,2017-10-23 00:00:00,2017-10-13 23:09:54
7dcb3c2cc15f5bcb73f79ee65a917b0f,7a1ab9c3fefcbb92851002b232c3b597,SP,lorena,cool_stuff,99.99,10.38,110.36999999999999,delivered,2017-07-31 10:38:27,2017-08-18 00:00:00,2017-08-03 19:42:38
33bb5c9c0285bb31b6c9cab48da62224,a0ed3411bb7f2e5fe130baa348453c5f,BA,salvador,watches_gifts,173.99,16.66,190.65,delivered,2018-01-05 09:23:59,2018-02-02 00:00:00,2018-01-25 22:58:44
7bd8ba9173b2711c20c903a39e9507dd,eeb0ff5fd3d5707ba88a13c79d54b4dc,RS,cidreira,office_furniture,94.9,21.15,116.05000000000001,delivered,2018-02-28 17:00:02,2018-03-29 00:00:00,2018-03-09 16:04:22
0a45ff140fcaf02e1b09ca845b0ebb13,ca478522f8d3a3d5dc56e3bd48643f8d,SP,vinhedo,auto,109.9,14.37,124.27000000000001,delivered,2018-02-04 19:14:58,2018-02-21 00:00:00,2018-02-07 20:36:34
cc378c27f87ead12f2c154eb5fde22d2,38ed5dcf4671ea20f3cc051857efafbe,SP,guarulhos,sports_leisure,65.0,15.2,80.2,delivered,2017-07-25 12:12:35,2017-08-17 00:00:00,2017-08-09 17:59:51
6007f653ed368c140327fb6e59aa523c,e47ba3ef87976e60982c101eeb0370c0,SP,analandia,construction_tools_construction,89.0,13.28,102.28,delivered,2018-08-14 11:07:53,2018-08-28 00:00:00,2018-08-29 20:48:43
361f034789232a97f47cc1d000c930ae,8318fcb22f90a345cc35086333d3b13c,RS,sobradinho,bed_bath_table,205.0,26.27,231.27,delivered,2017-07-02 16:57:39,2017-07-28 00:00:00,2017-07-12 19:39:23
c67c325777b78917b4b2a84c917d3f0e,4d5cbb095f36a674f6f4a852959ad11d,SP,sao paulo,furniture_decor,19.9,12.79,32.69,delivered,2018-04-06 13:16:51,2018-04-30 00:00:00,2018-04-16 14:48:34
b6760dcf5d7d3ad17b9875eeee6f0752,c78e6e509645be560e867577f333bff8,SP,sao paulo,health_beauty,118.44,11.85,130.29,delivered,2018-08-12 17:42:03,2018-08-23 00:00:00,2018-08-17 20:27:40
a4a7cbfa5424f9c91c94e3483d80f99a,c804757845eca612d2e5c77dafce2c4c,RN,natal,watches_gifts,128.99,34.7,163.69,delivered,2018-03-04 10:48:52,2018-04-02 00:00:00,2018-04-23 18:51:40
672bd629a3a3fb9f16b9147ce8ccfb69,38afdc428c71deb828d0dc5c61696e2d,SP,braganca paulista,auto,278.0,19.84,297.84,delivered,2018-02-03 19:14:14,2018-03-01 00:00:00,2018-02-10 15:26:53
00ab3a43bda739029ffce95d3b2fb56c,c683ed9776a3bb038982ef2aaacdb9a5,SP,sao paulo,health_beauty,27.9,7.46,35.36,delivered,2018-08-10 12:09:15,2018-08-15 00:00:00,2018-08-14 18:28:25
e67aba456e4119812662af5c37e7b945,517c865d450011c44e5ee00824de556a,SP,sao paulo,housewares,157.8,14.87,172.67000000000002,delivered,2017-04-04 12:06:24,2017-04-25 00:00:00,2017-04-07 14:48:40
0629771ee9bc4f49e6d2fb6d637f00a7,b16443e1ab9431cf6087f9f11090a62c,SP,sao paulo,sports_leisure,135.0,15.04,150.04,delivered,2018-04-12 19:30:55,2018-05-08 00:00:00,2018-04-20 22:03:03
6d3973dc513ec7f3894ef3d39afe52a2,19595c748b330b19286ae94092b6d900,MG,moeda,pet_shop,69.9,15.56,85.46000000000001,delivered,2018-06-16 07:34:44,2018-07-05 00:00:00,2018-06-22 13:32:45
5aa551497a6e4522899b4a89a3eeff5f,ad940dccfb73a91371980ffb90400577,BA,monte gordo,books_general_interest,115.0,21.26,136.26,canceled,2017-03-10 22:49:47,2017-04-10 00:00:00,
b9b51e569a2e79970555eb81107eb369,c2b845a86c16b519c0c1d9598576f276,MG,alpinopolis,toys,42.99,14.52,57.510000000000005,delivered,2017-01-22 17:27:57,2017-03-02 00:00:00,2017-01-30 13:24:40
549fcae8637a343a18425a3706cf8b3f,d33ace4ea04a0db34299c2882c35738a,RJ,rio de janeiro,watches_gifts,137.0,7.98,144.98,delivered,2018-03-10 10:25:54,2018-04-06 00:00:00,2018-03-16 19:19:07
7712b67443279dfd94a4e64f55b624d4,1ec1e474012a40f81dc40c69014fb4ea,RJ,niteroi,fashion_bags_accessories,47.3,15.43,62.73,delivered,2018-08-13 10:31:49,2018-09-18 00:00:00,2018-08-20 17:03:28
9e929678356c7476ba7a7f94d9715062,3c30ca1fb6b033d812406fbd73a6d481,RS,ametista do sul,cool_stuff,199.0,15.11,214.11,delivered,2018-03-27 22:15:44,2018-04-20 00:00:00,2018-04-06 22:32:02
efc7354b6901a8603031e2dfeb54926d,491bca87133a71aae594774a0176417c,SP,maua,housewares,265.0,30.8,295.8,delivered,2018-05-10 20:11:44,2018-05-29 00:00:00,2018-05-16 19:38:39
3443b7575b141322b9be5ea9ba71188c,ad98c4b02f37dfd862e224b26f56778e,SP,vinhedo,bed_bath_table,39.99,11.85,51.84,delivered,2018-02-25 18:36:15,2018-03-16 00:00:00,2018-03-05 18:56:40
a7d6661622ba254f0be9fa2c51d97253,1e1ee664f240408d29680ac7d07665a1,SP,sorocaba,toys,79.9,7.81,87.71000000000001,delivered,2018-02-01 08:37:27,2018-02-19 00:00:00,2018-02-03 13:53:00
7b498f4d63d591df8f2b0c675464a255,01462a1d33f1b303bead3ec1ae2c4f7e,PB,areia,housewares,79.9,62.81,142.71,delivered,2018-07-09 21:53:03,2018-08-07 00:00:00,2018-07-27 18:03:45
3ffa9e029879039a01783bc81c868df1,cf84dd05532e0d88b3d578f6b57b5c93,RJ,rio de janeiro,computers_accessories,74.9,22.23,97.13000000000001,delivered,2018-04-17 17:34:00,2018-05-28 00:00:00,2018-05-03 18:19:27
b41055f900d670bae8cfbf3a8df79d8c,be3d96c7ca89c166435cc3c297174679,SP,santos,auto,39.9,9.03,48.93,delivered,2018-07-29 15:57:45,2018-08-08 00:00:00,2018-08-01 23:32:47
fce5031b8cd60863c55256f9d930d269,5786ba8739180a4be2cd1f6036114ac5,SP,francisco morato,toys,79.9,11.76,91.66000000000001,delivered,2017-09-20 06:20:32,2017-10-03 00:00:00,2017-09-29 20:05:07
7731a91dd46b3556ca99d3b3c34373ef,a9bf88ae7e6a141ebeb3369b4914d488,SP,campinas,perfumery,69.0,1.45,70.45,delivered,2018-08-24 11:14:21,2018-09-06 00:00:00,2018-08-29 16:08:26
2112c4e4b32f421f701b405f05242c3b,37c108ce3abd1d35c9a3ce93f016657c,RJ,rio de janeiro,health_beauty,66.99,27.53,94.52,delivered,2018-06-02 19:55:09,2018-07-25 00:00:00,2018-06-13 19:44:37
cbea6b1435a20cbc8c49dfdc50479912,3c631f7224998f22c0fa884a2e04e39c,RO,ariquemes,market_place,149.99,59.49,209.48000000000002,delivered,2017-11-02 11:58:27,2017-12-11 00:00:00,2017-11-27 21:13:29
5f85459f27e5e4c8cca0a18f9576c6b5,01b466cc9a9e663eb04f4b8890dbc5f1,MG,santa juliana,watches_gifts,799.99,21.36,821.35,delivered,2017-10-12 11:12:39,2017-11-06 00:00:00,2017-10-19 19:36:04
679783b320e587d8e1c9e0dcb2421539,adc650abc7894831caafbf528540e9ea,PA,abaetetuba,sports_leisure,134.99,68.09,203.08,delivered,2018-08-01 23:01:03,2018-09-05 00:00:00,2018-08-20 21:56:48
8ca4b77b042042e7388a0df85b37ebeb,e145a017a309c275c23443e1240c7547,SP,guarulhos,bed_bath_table,149.9,12.14,162.04000000000002,delivered,2018-05-13 20:53:23,2018-05-23 00:00:00,2018-05-15 20:03:36
e98077a0d199a25a40eab3b14cc230d4,5e7138389382fc1b06c0ac985011e12b,DF,brasilia,health_beauty,39.99,15.23,55.22,delivered,2018-04-17 13:25:36,2018-05-10 00:00:00,2018-04-27 20:56:32
cbcbf16b779a45730bd03de1dc68131b,efa29f8356b5e800a8f7e8e35b29690e,RJ,campos dos goytacazes,baby,52.0,17.61,69.61,delivered,2017-12-06 17:17:11,2018-01-03 00:00:00,2018-01-12 22:17:40
ac1ad6203d23f24b2a0d5f03194350c4,640a8b0b6db646734a53f39871f9e816,SP,sao paulo,electronics,249.0,14.18,263.18,delivered,2018-03-06 12:06:23,2018-03-22 00:00:00,2018-03-24 17:52:45
3e153abd068ad6638364a06df17cdc5d,dbe76d05d62c31d6230f68258dd1cdc3,SP,santos,watches_gifts,195.9,8.56,204.46,delivered,2018-05-18 09:22:05,2018-05-29 00:00:00,2018-05-22 00:17:30
3c7aa341aa20519a2530c8ea5763f265,aacbde6cc0c762dbad43df4c803dbb3f,SP,auriflama,sports_leisure,27.9,12.86,40.76,delivered,2018-08-20 22:52:08,2018-08-30 00:00:00,2018-08-24 23:31:06
2a93ce7a0ff5c657ce85f7b75d26408f,9f73cc44b57b6c7ff00a97819b2a64ff,RJ,rio de janeiro,unknown,12.0,13.21,25.21,delivered,2017-05-24 15:46:11,2017-06-16 00:00:00,2017-05-31 07:38:03
26a232627994b0bdd4a4975bedde0e63,7efe82de6f73c5310774575c3065409a,SP,guarulhos,computers_accessories,35.9,16.44,52.34,delivered,2018-07-16 14:00:31,2018-08-07 00:00:00,2018-07-23 21:35:52
dace50b472dbb4c65b72b71fc8f60c86,fa21158fe5fb199c6fd8c58d7ffcc04b,SP,sao paulo,baby,79.9,7.81,87.71000000000001,delivered,2017-06-14 22:45:11,2017-06-28 00:00:00,2017-06-29 14:37:42
7587c428b98d8c3ce7111bae4ca910e6,0308e864e3f6e3e891cf40ec378905b7,RJ,rio de janeiro,sports_leisure,39.9,14.1,54.0,delivered,2017-10-10 23:58:26,2017-10-27 00:00:00,2017-10-26 16:52:16
349af77e71491a1aed28d6bf0528e09b,f1e036dfac59643f7bdd306447f92402,PA,belem,sports_leisure,109.9,25.8,135.70000000000002,delivered,2017-09-30 22:59:50,2017-11-09 00:00:00,2017-10-23 18:07:12
8fc088e94b10c2a02fcba1e2b69ec6fa,25eb1743ab6f01c25e0162a46e41d9cc,SP,sao paulo,watches_gifts,44.0,7.57,51.57,delivered,2018-08-01 19:48:50,2018-08-06 00:00:00,2018-08-03 17:41:59
d8c8bece281c5226428ab03f72ae8416,3d6a13a1aa18fe9eb1ca966388a67ce8,PR,marialva,health_beauty,121.0,15.92,136.92,delivered,2018-08-12 18:19:12,2018-08-28 00:00:00,2018-08-16 18:03:46
f57ef42b585d020c6a058a8334fae1e6,1dcb953ae69a83984839d5293191915b,RJ,nova friburgo,pet_shop,171.0,15.53,186.53,delivered,2017-04-29 21:24:41,2017-05-25 00:00:00,2017-05-19 10:24:50
2c7e89e493d79a803615950d27017f1f,f2cb4abe193595fe70e9c380e488004c,SP,santos,furniture_decor,32.99,9.34,42.33,delivered,2017-11-24 10:18:10,2017-12-11 00:00:00,2017-12-11 19:09:48
ad4460c74803bfa6ab863423a2879860,05d327ae96ae69912a3fbe585516db18,SP,sao paulo,health_beauty,325.0,10.47,335.47,delivered,2018-02-27 20:53:23,2018-03-13 00:00:00,2018-03-02 21:17:52
64f30c3979fdd4ceb17f8c398d2806f9,58b8d526170c90c755aef183eb67182b,SP,sorocaba,tablets_printing_image,54.9,7.53,62.43,delivered,2018-01-18 12:53:15,2018-02-05 00:00:00,2018-01-26 18:14:18
8c8005895f46f6c1bdf16697c70e645a,4d8630af5cec97e959e55129dc8eaabe,PI,teresina,luggage_accessories,129.9,84.68,214.58,delivered,2018-08-17 15:57:10,2018-09-19 00:00:00,2018-08-25 16:08:37
f7990eeaa9997867008e68d2a8972953,e3636ed2c618b2eecdf1970d8c87bc67,PR,curitiba,garden_tools,49.9,17.6,67.5,delivered,2018-02-14 11:19:03,2018-03-09 00:00:00,2018-02-23 00:03:27
1233c2a7be696e62a9196419365b5be8,e6d48052b4b13c4ea8b0b4ce98e49b70,RJ,rio de janeiro,agro_industry_and_commerce,919.99,71.53,991.52,delivered,2017-11-12 00:43:04,2017-12-04 00:00:00,2017-11-24 19:29:27
bc2680eb1e2605a68aef195cce2acbe9,df9c264a06689dd14d8bb9da773b56a9,RJ,nova iguacu,housewares,47.83,19.53,67.36,delivered,2018-08-24 02:24:29,2018-09-12 00:00:00,2018-08-28 20:03:40
6d0e0305d6f6df15685493270ac1d986,bf3d3785a929773468075c3038dade8b,PA,belem,stationery,21.2,19.04,40.239999999999995,delivered,2018-06-06 11:27:30,2018-07-24 00:00:00,2018-06-22 12:08:41
7f0b2d90543efaf906caac20ff4ed83f,bfe4ef000df13f0c32eb421714b1934e,CE,granja,toys,44.9,25.63,70.53,delivered,2017-11-18 19:49:03,2017-12-18 00:00:00,2017-12-12 19:14:48
73d60420cd1a179b2d8887d538efe4c2,78275e95a4296105923051e0ad4577b3,MA,bacabal,books_imported,749.0,55.96,804.96,delivered,2018-08-07 10:52:58,2018-09-04 00:00:00,2018-08-22 17:02:23
6bb796381998e8a626006950f6ef8dc0,08de72db16c1e769367ec6e97e54460c,MG,belo horizonte,home_appliances,34.72,15.23,49.95,delivered,2018-05-08 19:46:46,2018-05-24 00:00:00,2018-05-14 22:16:42
0ffaba549f161074760e4d3802fe8641,24843ad7acdb7b6189ebc7270695cda4,RJ,barra do pirai,health_beauty,110.32,18.65,128.97,delivered,2018-05-09 15:24:34,2018-05-28 00:00:00,2018-05-21 19:36:44
1c8ea3262201c0562eccbcefff3da202,6c3e7b7832bfb886d40fe39060eb8603,MG,belo horizonte,perfumery,149.0,16.14,165.14,delivered,2018-08-26 19:22:51,2018-09-17 00:00:00,2018-08-29 21:05:23
349a7619914f3000dc07ae639ae080b8,9314de119b47bd8bc8aebdf47850b291,SP,agudos,housewares,29.9,0.09,29.99,delivered,2017-08-01 09:13:04,2017-08-23 00:00:00,2017-08-07 21:58:39
ca1e57dd2789cc1abefc1e5b9a76e26f,9754ba55a1d8857669dc10ccc72f169d,RJ,rio de janeiro,housewares,26.0,16.32,42.32,shipped,2018-03-21 13:44:57,2018-05-02 00:00:00,
b6cc16441c0ac5d724fbbfd192b801d6,cbd08b04b3f301152b7570da5e9c8cc4,PR,curitiba,fashion_bags_accessories,429.9,20.29,450.19,delivered,2017-09-13 12:50:26,2017-10-03 00:00:00,2017-09-26 21:30:07
62bd1bdb09eaee292d99c84bb06ad4af,27edf5f5ae25d2e4058ff90231d6381b,SP,sumare,housewares,19.0,8.88,27.880000000000003,delivered,2018-06-12 15:58:39,2018-06-21 00:00:00,2018-06-22 07:47:45
1f9ea60ec073f4edd0551763f608a2b2,03a7ce913dd0cfe59f041029fdd9f326,SP,itanhaem,furniture_decor,295.0,42.83,337.83,delivered,2018-03-25 11:42:29,2018-04-20 00:00:00,2018-04-02 21:57:03
fadebbbe984f86cdfdee2db28530bab8,1ab13454b7bc03f80e254e963d523a24,SP,sao paulo,fashion_bags_accessories,39.9,7.78,47.68,delivered,2017-12-01 20:53:19,2017-12-19 00:00:00,2017-12-05 19:04:44
96b8b6e55e0d6d20bc63d7a6b6633510,b1acc6902c73ad9842b229648f1a8e47,BA,ilheus,construction_tools_construction,55.0,22.32,77.32,delivered,2018-07-01 20:10:36,2018-07-26 00:00:00,2018-07-13 00:18:46
c29a7cc498263621590164d96d2953aa,b26fa76ddf33e534491e4ec46f51bc64,ES,vitoria,sports_leisure,59.9,24.12,84.02,delivered,2017-08-14 13:18:06,2017-09-08 00:00:00,2017-08-22 17:52:30
ddcf6c758c04fe3f2e0d1ae301ec5f40,ff580ab4901e3619925a27db44eec095,BA,juazeiro,computers_accessories,39.9,17.78,57.68,delivered,2017-04-11 12:45:06,2017-05-18 00:00:00,2017-05-09 17:57:59
6ef662a8188539a6881080ef916fddf0,fdcca758610ea813796898f0169bf453,ES,colatina,health_beauty,79.99,10.94,90.92999999999999,delivered,2018-05-15 16:39:20,2018-05-30 00:00:00,2018-06-04 12:51:51
8e62788b1e26aaa3f5786c80788880e7,96e7781aa131bc5f59f6d00840e73b20,ES,serra,bed_bath_table,89.9,19.22,109.12,delivered,2017-04-04 10:34:49,2017-05-08 00:00:00,2017-04-19 13:37:24
34d3746ff00ec19dffcf5a7f6761a1eb,494797a23d7e8768675ab24234fd3095,SP,sao paulo,home_comfort_2,12.9,10.96,23.86,delivered,2017-04-07 11:05:48,2017-04-28 00:00:00,2017-04-24 07:22:38
1676852853bb81a2a74bceb23c87ea44,b2d1929493cdc221883eba2f1deef82a,SP,sao caetano do sul,health_beauty,65.0,18.33,83.33,delivered,2018-04-21 17:56:07,2018-05-22 00:00:00,2018-05-03 20:19:18
01f78824e3a8e474a36d8dfc2a2c35f4,a3f0606876f54bf01bb90d4e9b24966d,RS,erechim,art,48.65,17.6,66.25,delivered,2017-09-19 10:17:22,2017-10-09 00:00:00,2017-10-06 20:12:08
5f63452c08b9ce323d5c4d3d51c8f839,374f8c92800f66e4b0349aba68161238,SP,sao paulo,office_furniture,189.99,23.91,213.9,delivered,2017-06-24 18:46:02,2017-07-17 00:00:00,2017-07-05 12:08:03
87b1b0ac27740690a2f04d333724c05f,37a5f211b682fbb9c7014cc0e356d8fa,MG,belo horizonte,office_furniture,279.99,73.59,353.58000000000004,delivered,2017-05-10 15:59:47,2017-06-07 00:00:00,2017-05-29 12:44:00
09fa09eaa76c4a81cfed79f5d5eb6cf0,1178acd60cf0f07b3ae8dd8836f7a6f2,SP,sao jose do rio preto,furniture_living_room,179.99,21.17,201.16000000000003,delivered,2017-12-03 22:28:45,2017-12-28 00:00:00,2017-12-20 21:23:35
e05d47db6161413ab417d533c1424904,ba86ceec7a977f116f70d33da6065749,SP,carapicuiba,furniture_decor,69.9,11.73,81.63000000000001,delivered,2018-01-22 13:43:38,2018-02-06 00:00:00,2018-01-25 22:06:09
bcf65f82b751df0d1a320ae5078b92ab,ddc7e78822511e9ba4ef62aee5f0ec6b,SC,sao jose,sports_leisure,28.9,15.1,44.0,delivered,2017-11-04 18:20:58,2017-11-27 00:00:00,2017-11-10 18:41:49
3aa5f858c83b87da83eadc344e12b006,4b83f8eb0d4d579e20d192dec4d8480e,MG,extrema,furniture_decor,89.98,19.8,109.78,delivered,2018-03-07 12:20:36,2018-04-09 00:00:00,2018-03-21 17:48:53
fbd299c9b305701ce40810926aa2fc80,fbf8209db054fa5d977d789772eecb6c,SP,sao paulo,health_beauty,161.1,27.98,189.07999999999998,delivered,2018-03-25 14:10:37,2018-04-06 00:00:00,2018-04-09 23:06:40
1ebebc0614bb48f5dd4d5be590f3b5b5,0b3035733532ec8176a6dfcbde18815c,SC,garopaba,bed_bath_table,61.0,16.19,77.19,delivered,2017-12-06 20:16:40,2018-01-08 00:00:00,2018-01-05 20:18:27
bb1463881b6042a9499fbcb58706b918,d9718ed52d1918815375e89fce46181e,SP,limeira,auto,179.49,9.45,188.94,delivered,2017-12-18 15:59:21,2018-01-05 00:00:00,2017-12-22 20:54:58
87ef9c6a3db3017348305df0c36ba7e8,797c887aff2d09d9702725d7c8b46bde,RJ,rio de janeiro,bed_bath_table,42.0,16.11,58.11,delivered,2018-02-15 09:06:00,2018-03-08 00:00:00,2018-03-22 16:18:47
bee12e8653a04e76786e8891cfb6330a,afbcfd0b9c5233e7ccc73428526fbb52,SP,sao jose dos campos,health_beauty,91.55,7.9,99.45,delivered,2018-08-29 08:46:11,2018-09-11 00:00:00,2018-08-30 21:54:45
cdb1faa859205ebd457e594dfab53801,5fc1d21e3746af8bc54c8c256f8eeabb,SP,guarulhos,bed_bath_table,19.97,14.1,34.07,delivered,2017-12-20 09:17:13,2018-01-16 00:00:00,2017-12-22 17:10:36
bf351cedb18cc34fc1bf14f882156e40,9a42e626af412c41cc6d7f8ed0b390fd,BA,salvador,computers_accessories,139.0,17.41,156.41,delivered,2017-12-03 13:55:09,2018-01-04 00:00:00,2017-12-28 22:33:08
b6f999c6eccbf4df9af77d67c77a8e52,47c1a3033b8b77b3ab6e109eb4d5fdf3,SP,jandira,health_beauty,38.0,15.11,53.11,delivered,2017-08-07 14:14:22,2017-08-29 00:00:00,2017-08-15 23:54:50
271f637085c45e7e58268625604724a9,d26c616e241736e0c1c1ab14150239e7,RJ,niteroi,bed_bath_table,179.0,23.79,202.79,delivered,2018-05-15 13:04:20,2018-06-06 00:00:00,2018-06-12 15:22:59
71c1725420f3c980356bbdeea6abec9a,22a346f09597fb88c18322408e24349b,RJ,rio de janeiro,drinks,47.49,16.11,63.6,delivered,2018-01-28 09:16:23,2018-02-20 00:00:00,2018-02-16 17:38:38
138922735946aa65c66ca7e7bd4e5980,cb0f538c57d5d90b59f191d40e606634,ES,vila velha,sports_leisure,39.0,15.37,54.37,delivered,2018-06-13 19:37:12,2018-07-11 00:00:00,2018-06-30 00:35:24
2581504c87d229321f70e6850d332196,5286875ea58bfa35a5bef1fb4c7e09c2,GO,aparecida de goiania,health_beauty,38.9,14.1,53.0,delivered,2017-09-16 12:25:06,2017-10-05 00:00:00,2017-09-28 21:13:17
5f170cee48e637e0f925477784ebb879,ff951c3dcb657cf0e8eedc0b0856f902,RJ,sao pedro da aldeia,furniture_decor,38.4,16.11,54.51,delivered,2017-11-11 20:15:51,2017-12-07 00:00:00,2017-11-26 17:05:00
2d28cc7a503b6547e21d671f6a4a44e0,47bf616c3a65d30c9e8c5cd34118757a,ES,vila velha,musical_instruments,159.9,17.37,177.27,delivered,2018-01-30 15:35:35,2018-02-22 00:00:00,2018-03-01 20:13:59
a0c9d84c9ca938bbf711acbd940ba416,499577d71608181c4ac94226b315015e,CE,fortaleza,toys,35.0,17.63,52.629999999999995,delivered,2017-09-20 17:28:45,2017-10-17 00:00:00,2017-10-05 20:39:54
1fcbc88015c88c1a14d4b8ec35ea8ed7,6bf558c1aae5004b6a410c3294c5e119,BA,senhor do bonfim,furniture_decor,39.9,59.06,98.96000000000001,delivered,2018-06-30 14:37:39,2018-08-08 00:00:00,2018-07-14 11:44:29
5a0a4c1f366a0fcae698f3de1f03c0fd,7f57422760e12c56da14617802400fd2,RN,currais novos,bed_bath_table,34.76,24.84,59.599999999999994,delivered,2017-05-02 16:51:34,2017-06-08 00:00:00,2017-05-24 12:39:11
570804dc299e3fa393a39de3a62643fb,eb30f0217407561f744d4939fc5df48f,SP,sao paulo,construction_tools_construction,109.9,8.96,118.86000000000001,delivered,2017-12-27 13:00:04,2018-01-16 00:00:00,2017-12-29 13:41:38
bfa10a79da20194eb33afb833020e3eb,de1b7bc73693b558e505ad4099639843,SP,pirajui,telephony,299.99,35.9,335.89,delivered,2017-09-06 12:18:55,2017-09-29 00:00:00,2017-09-15 21:27:52
a33a09b1320a130c61d1d5d9b8aec5ee,238b4747ee21575ef870e6c396843bd9,SP,sao paulo,computers_accessories,123.9,14.21,138.11,delivered,2018-07-06 19:08:05,2018-08-08 00:00:00,2018-07-16 12:24:44
8ee04417722e4617f21a0c3e2fae006f,343a379f1c1161e96fa884172db6a218,SP,piracicaba,fixed_telephony,256.0,20.76,276.76,delivered,2018-03-21 15:26:13,2018-04-11 00:00:00,2018-04-03 16:16:35
219347c42048a30943af4fecbcfd5746,d58a2660abbddaf4deeb7d5ec2638ef7,SP,sao bernardo do campo,sports_leisure,109.9,14.76,124.66000000000001,delivered,2018-03-21 13:03:51,2018-04-03 00:00:00,2018-03-26 21:26:45
33feb9bd131e2e8e85cc143ad2bddc85,08f78b3fc7f82493561ab35c1bb32351,GO,cacu,drinks,47.49,19.32,66.81,delivered,2018-03-07 20:14:10,2018-03-29 00:00:00,2018-03-27 22:03:48
7e47dbecc85ae7f45a4645b97b180157,cd3f977fbad60553fce0f193593802bb,SP,ribeirao preto,auto,15.0,11.85,26.85,delivered,2017-11-09 23:28:29,2017-11-29 00:00:00,2017-11-17 19:32:16
b79c572e995becc5a19efc2e211b5742,a97cda02d5dbe045a5ea11d1fe56b2c1,MG,alvinopolis,furniture_decor,35.0,13.52,48.519999999999996,delivered,2018-04-24 10:27:53,2018-05-21 00:00:00,2018-04-30 18:02:58
7263db988c07c61845869e0708739119,4656190b9bceacd90dcb3b30bf0ebaa0,SP,limeira,musical_instruments,46.9,16.11,63.01,delivered,2017-07-23 11:13:02,2017-08-15 00:00:00,2017-07-31 18:59:54
b523ce1995c46d7ad970da56cbf867e1,9864e405ffd4792b33e48e3976a6a2f9,RS,sao leopoldo,telephony,10.87,13.54,24.409999999999997,delivered,2018-07-20 09:26:27,2018-08-20 00:00:00,2018-08-06 18:48:52
0fc8b7fbf6a7c5ab753e2e3d0ae70d8f,4aee996e01e1a5c4c1e2eb3f7ace9063,SP,sao paulo,bed_bath_table,99.9,15.01,114.91000000000001,delivered,2018-08-05 14:43:30,2018-08-16 00:00:00,2018-08-14 03:56:47
61a4e749e6975384980e883fc5653d8b,4c21c589db03eb65cbc452fc470850cf,MG,divinopolis,bed_bath_table,349.9,22.53,372.42999999999995,delivered,2017-07-21 15:08:23,2017-08-14 00:00:00,2017-08-04 16:47:30
2369c5b46de8023f54b0ffda76b5b033,75040767e7960d1480e126a186faa0f1,SP,sao paulo,computers_accessories,42.0,8.29,50.29,delivered,2018-04-15 16:23:42,2018-05-08 00:00:00,2018-04-23 14:46:25
f4981812af9b38cde6d9d481c1c88981,0610a3f919d96e4cc79c5dd624b37ccc,RJ,rio de janeiro,construction_tools_lights,50.0,7.77,57.769999999999996,delivered,2018-08-19 11:28:30,2018-08-23 00:00:00,2018-08-23 16:42:00
377f567515463777ac90f1bf75084eed,c200738bdf77c733d12c17c44f6df7a6,RJ,rio de janeiro,computers_accessories,79.9,3.68,83.58000000000001,delivered,2018-05-12 11:53:29,2018-07-02 00:00:00,2018-05-22 18:41:32
105b2c7913d00cfa89da319a1d8a9f12,f01c59614d7fda42cdaf83f42f816348,SC,xanxere,computers_accessories,187.0,17.75,204.75,delivered,2017-11-09 17:39:01,2017-12-06 00:00:00,2017-11-21 22:33:11
672240472a9a48838f902ff436aab4bd,fee24222fefa5a001d302a0492fecc7d,SP,sao paulo,bed_bath_table,113.9,34.28,148.18,delivered,2018-08-13 00:05:06,2018-08-28 00:00:00,2018-08-18 10:27:25
208f107af74f48f12d680a404d4424cd,90ddf4aaf6b0a83d203958f14dfd8234,SP,sao bernardo do campo,telephony,39.99,7.39,47.38,delivered,2018-05-09 02:19:25,2018-05-22 00:00:00,2018-05-15 00:19:51
117c312b89fc4ef46fca3f4b0c53829b,1916c444ed999688e2ce7e4ca7fa46dd,SP,carapicuiba,computers_accessories,22.99,8.72,31.71,delivered,2018-01-20 16:40:34,2018-02-06 00:00:00,2018-01-23 16:26:47
bee70b1bdf09a04f13d64f908f9bce29,a7fe416c9168fbfa1d630895633b6b3f,SP,valinhos,health_beauty,58.99,11.73,70.72,delivered,2018-01-18 13:43:56,2018-02-05 00:00:00,2018-01-26 20:56:53
003324c70b19a16798817b2b3640e721,fbe6316a06058c651539cbf59ec5a0ef,MG,diamantina,luggage_accessories,102.9,14.45,117.35000000000001,delivered,2017-05-18 19:04:48,2017-06-07 00:00:00,2017-05-30 08:12:15
8f0c341c40542ef2e5fee0d1ed7ba05b,f95de29d9e810e69f55626ff1bbd4d60,RJ,rio de janeiro,computers_accessories,59.0,14.16,73.16,delivered,2017-12-21 09:21:23,2018-01-16 00:00:00,2018-01-04 02:48:38
8119fd8653bc657349616d0595ec08b0,dadc1f595b611ccbb8a6894bd2203be2,MG,simonesia,furniture_decor,230.0,82.92,312.92,delivered,2018-07-20 16:26:29,2018-08-13 00:00:00,2018-07-30 13:59:32
f9c3b3bf31139769a9952d2228555efd,d97bbe85b319d12df3a8aef459a0b046,AM,manaus,baby,29.99,21.15,51.14,delivered,2018-02-20 15:50:52,2018-04-05 00:00:00,2018-03-17 19:28:41
4f13ee1d03583de54e86a2e4f640d0f2,48dd0ad9052ca9a7071dd43f9cc8b27e,RJ,rio de janeiro,furniture_decor,10.9,14.52,25.42,delivered,2017-04-26 08:14:58,2017-05-17 00:00:00,2017-05-12 09:37:43
8b4b9c5ca102be3acc343372eac85e12,4111dcffbf2e3b8f2eeed6e155ede464,SP,macatuba,computers_accessories,19.9,16.79,36.69,delivered,2017-08-02 20:55:20,2017-08-28 00:00:00,2017-08-14 18:41:37
1ae00ef09991832a6fa6c8203c186b3a,ebf30ba6bc03fce061515a388c2a3dd0,BA,salvador,housewares,99.75,23.57,123.32,delivered,2017-11-21 19:00:40,2017-12-13 00:00:00,2017-12-09 17:05:02
be6343c24d4cd24d3a630c7a8aee1a6b,d0d7a334e7a8cdfd54b7cd33d827bf80,SP,santos,baby,63.99,9.2,73.19,delivered,2018-07-10 22:49:27,2018-07-18 00:00:00,2018-07-12 18:11:48
ab463224aae0075d819f1a6a7d99e9ab,c42e4b64a57931fdcad245a1ca004728,SP,dracena,bed_bath_table,19.9,12.8,32.7,delivered,2018-07-25 13:02:52,2018-08-08 00:00:00,2018-07-30 20:49:38
9b7e31b52614093d8662625b545aad40,aa6d2cdcf78bb23f7f2f89038b3d5d60,MG,governador valadares,fashion_bags_accessories,34.3,15.1,49.4,delivered,2018-01-12 21:55:37,2018-02-07 00:00:00,2018-01-27 00:41:34
aff844f049f48f38df9885eb70f0d8a6,d2d9a65f73aae0b07677072f293f7ae8,MG,santana do paraiso,health_beauty,54.99,17.63,72.62,delivered,2017-06-30 11:15:06,2017-07-25 00:00:00,2017-07-13 18:04:37
a3de74fbe2db7081a1c0262272cd4283,62bc80a87f8fd6a0ec196436009e0f8b,PI,teresina,cool_stuff,129.99,29.26,159.25,delivered,2017-05-02 22:36:47,2017-06-06 00:00:00,2017-05-24 11:28:58
18448ffe871a865ac41ace28ce8e5079,0b18593e033697810a62a987e77f4b8c,MG,perdigao,housewares,59.9,13.44,73.34,delivered,2017-06-14 06:49:48,2017-08-16 00:00:00,2017-06-22 15:33:03
543191db0a8f28cd664d601260fb1dee,55b2d632bc5b7859767c1efd222c1659,PE,parnamirim,sports_leisure,1599.0,115.21,1714.21,delivered,2018-01-14 12:57:25,2018-03-07 00:00:00,2018-02-27 16:21:48
7c2b6d703df465adcb5f9761983b1c21,8ec8340151f1bcd6be9722bec24a8a97,SP,mogi das cruzes,bed_bath_table,92.9,16.33,109.23,delivered,2018-03-22 21:09:18,2018-04-10 00:00:00,2018-03-29 16:37:54
b779a5a05a7f2a1955da9631df2a275d,6cd44af71dd90a84539acf678558dd13,SP,sao paulo,bed_bath_table,70.0,12.83,82.83,delivered,2018-01-26 17:07:28,2018-02-19 00:00:00,2018-02-02 15:15:14
1e0c8f775100348bb1d30910f43b7f75,7510ded3db0e669cdaa878e478f1bdb6,SP,sao paulo,watches_gifts,698.0,66.92,764.92,delivered,2018-03-18 22:23:16,2018-04-17 00:00:00,2018-04-09 11:32:11
db5d6113487de457414aaad0ae7aa2ed,5c97470e81d70f76f49f8906924fc577,SP,sao paulo,sports_leisure,69.9,8.29,78.19,delivered,2018-04-19 01:41:09,2018-05-08 00:00:00,2018-04-20 19:16:49
e05fc2bf6a17ea7abb299e131dde76fa,11f0ece6eea1d300714d6e89b863db88,SP,suzano,health_beauty,58.99,11.73,70.72,delivered,2017-12-06 14:07:34,2017-12-26 00:00:00,2017-12-14 18:51:55
539a1383b0bd9b963044945e607f1aca,60c3be08ced32a29639cae284b204bb1,RJ,teresopolis,watches_gifts,169.0,19.06,188.06,delivered,2018-04-02 23:12:00,2018-04-20 00:00:00,2018-04-13 23:08:48
a05690d552685ceea5a59b90a278823d,516272105acd95d7c7a902edd496312e,SP,sao bernardo do campo,sports_leisure,25.0,11.85,36.85,delivered,2018-02-22 08:27:48,2018-03-14 00:00:00,2018-03-20 20:57:47
05822c51346e781a05c5d2e497f1ccc2,bb1770ae9e096a25630b2404ed9bcbc4,MS,gloria de dourados,bed_bath_table,22.9,15.1,38.0,delivered,2017-06-30 21:49:43,2017-08-09 00:00:00,2017-07-21 20:04:36
32b719ae1cbb8bd2e7a59704cdd4146f,cbb38d8eb0e6914bf255ba71f146bb50,RJ,resende,health_beauty,54.9,16.37,71.27,delivered,2018-04-08 01:11:00,2018-05-02 00:00:00,2018-04-19 15:13:42
8bdda17186f4f2430cb06827e916577e,47ce88733a38533d3cdb125bd620bb74,SP,varzea paulista,health_beauty,38.9,11.85,50.75,delivered,2017-11-21 21:11:07,2017-12-08 00:00:00,2017-11-27 17:48:41
e5df40271cc99ceb080a6681f786bf7a,fae827c7f5444b95b0fdbcf2f271600d,SP,campinas,housewares,379.9,63.61,443.51,delivered,2018-01-08 20:53:40,2018-01-24 00:00:00,2018-01-30 20:29:03
bf0f1a792476855668552e27ec7d263f,faacdd46b0b9bb52cfa047c54b0b5016,PR,sao jose dos pinhais,electronics,12.25,14.1,26.35,delivered,2018-01-02 22:20:01,2018-01-26 00:00:00,2018-01-10 00:34:32
7339f161136d0fc994a2c4f5de2d0e06,5410d38e4b8f0d5cc6ce0a822c70052d,SP,birigui,health_beauty,95.0,13.11,108.11,delivered,2018-04-04 21:49:23,2018-04-26 00:00:00,2018-04-11 23:46:40
9ae55f703836fe363393a3873c1b42b4,c9ea03d6d70c919ca3e379cbac8299a6,SE,itabaiana,fixed_telephony,34.99,20.8,55.790000000000006,delivered,2017-03-01 22:03:30,2017-04-05 00:00:00,2017-03-13 11:52:43
da522dc3ff9f13b252917d4615776979,04bed05e978ff1060d21db616afb7c18,PR,ponta grossa,baby,69.99,16.19,86.17999999999999,delivered,2017-02-25 21:15:46,2017-03-24 00:00:00,2017-03-06 09:55:58
78d406c93c4c8fcfdc38b4b1b8842b9c,a23c501587d77f83f65fc18639c811fe,SP,aracatuba,stationery,61.97,13.09,75.06,delivered,2018-07-21 09:48:28,2018-08-06 00:00:00,2018-07-30 16:58:59
2c2aee01af5e98a463c29e726ba3a272,d08ddb2cce5c55f8dd09cedbae2134f5,MG,muriae,toys,129.9,16.67,146.57,delivered,2017-05-11 11:47:42,2017-06-01 00:00:00,2017-05-15 14:22:23
0a40f88667e7bbb7ef87efaa9a2177ea,a7280058e2a16c9df44cf07e9b10437f,SP,maua,bed_bath_table,109.9,13.79,123.69,delivered,2018-02-23 21:45:45,2018-03-15 00:00:00,2018-03-06 13:59:28
eaa1ec29e80922b380dab691b8bd458a,0d546a8aca21d58ce6c480a7747aa308,RJ,rio de janeiro,computers_accessories,81.99,18.45,100.44,delivered,2018-04-13 11:43:45,2018-05-16 00:00:00,2018-05-02 19:08:54
a303f65e39cc18fa50d33767fd278543,08c1b64fbaaeffe33ffb68f2629effac,SC,florianopolis,toys,59.9,11.81,71.71,delivered,2017-02-13 14:28:35,2017-03-10 00:00:00,2017-03-07 06:52:26
4c8f39a65890981ff48b24f1899db560,de2ab31e1c184fe443cb49e32fe24f8b,BA,luis eduardo magalhaes,baby,388.0,25.59,413.59,delivered,2017-09-13 18:10:19,2017-10-06 00:00:00,2017-09-25 16:52:12
233d763b10db673443077fb3090dfb37,52b63667183d16162474ff1af96ae048,MG,belo horizonte,housewares,59.0,18.21,77.21000000000001,delivered,2018-06-12 14:30:30,2018-07-03 00:00:00,2018-06-20 18:52:34
be580c71d638ce682e9792c27c7aacb2,77f283b88084654cd6ff9867786c36cb,SP,sao paulo,housewares,34.65,11.74,46.39,processing,2017-03-14 20:12:18,2017-04-10 00:00:00,
2f1288c66804d578934425e798226c10,217490c5837fb8772fe4cf9ccb6bb449,RJ,rio das ostras,health_beauty,25.0,15.1,40.1,delivered,2017-11-16 21:01:25,2017-12-08 00:00:00,2017-12-05 00:39:29
a5a8d8582dc652909c4e2fd3599e7c74,e9b90f4e84901801f90a155fc1e6aebd,MG,betim,electronics,279.0,32.6,311.6,delivered,2018-05-03 19:30:19,2018-05-25 00:00:00,2018-05-21 12:28:28
2ff5a9a440a7153c1eb3651f16f631c4,3df709072fed7dc8efef3e7595a09e5d,SP,jardinopolis,bed_bath_table,45.9,12.69,58.589999999999996,delivered,2018-02-17 12:10:19,2018-03-12 00:00:00,2018-03-02 17:33:42
310adadfb2b68c5607467e7f7f419491,9049239af5286d15d1146763916f5ef4,PR,santa lucia,luggage_accessories,48.9,19.59,68.49,delivered,2017-11-24 15:05:30,2017-12-26 00:00:00,2017-12-05 17:14:50
0a9c633395c19d5fa38b9e5313db37a6,a1b01fabc8021bbbcaf914595e62cc10,SC,florianopolis,baby,999.0,26.48,1025.48,delivered,2018-03-01 21:21:22,2018-03-22 00:00:00,2018-03-21 01:51:55
afa3e30ab7bdc8d5e7770d1d189076a8,d314efd4e1f4ae5b3c0f477fa7cba000,RS,caxias do sul,computers_accessories,79.9,15.31,95.21000000000001,delivered,2017-09-26 17:09:40,2017-10-20 00:00:00,2017-10-06 13:42:33
13ea512ec6905271a81b450e551b62a8,d734c07bfd6f238d72435feb2c569d7f,SP,brauna,toys,174.0,21.86,195.86,delivered,2018-07-30 18:20:11,2018-08-10 00:00:00,2018-08-13 11:54:34
55d31aada518f8198b01470b36eda8f2,5c3364a5e1791511f2dc82c2a41dfda8,SP,sao paulo,cool_stuff,229.99,8.47,238.46,delivered,2018-05-14 10:07:16,2018-06-01 00:00:00,2018-05-19 12:07:33
b8358512248715e30bad4e6e7bddd4a8,97be91a9b0d14dafc284e0f6ec4b2529,SC,itajai,bed_bath_table,69.99,19.46,89.44999999999999,delivered,2018-04-11 21:37:00,2018-05-09 00:00:00,2018-04-26 22:16:35
7c9b7626c3fcc8aa638ece47810323b2,7720817e075222aa76309c24896330ee,RS,porto alegre,auto,24.79,16.05,40.84,delivered,2017-04-29 12:52:21,2017-05-29 00:00:00,2017-05-10 10:57:40
9eda5cd4fa8caf92f0886bcc15b98577,ff60aefe219c1960b74d47d0fc553fc1,SP,sao paulo,fashion_bags_accessories,96.8,14.98,111.78,delivered,2018-08-08 11:30:30,2018-08-16 00:00:00,2018-08-13 22:41:59
b03b8a7f0fb5b76851c4ffaea6f82388,1e86f85c847ba1d29cf9c30fac52a78b,RJ,rio de janeiro,telephony,246.62,20.27,266.89,delivered,2017-11-25 23:22:27,2017-12-18 00:00:00,2017-12-15 00:22:07
6c983b6b465b11087129a008c89a4829,c3250286ba5655a8d4a12ded47a5348a,ES,cariacica,watches_gifts,105.0,8.35,113.35,delivered,2018-05-05 09:25:48,2018-05-29 00:00:00,2018-05-15 14:26:52
584c738e16c8bf7f525160ad449e103a,338b4e6aeffb2e61a252a00b59b23c33,PR,curitiba,garden_tools,59.0,17.66,76.66,delivered,2017-12-11 23:18:47,2018-01-09 00:00:00,2018-01-05 23:48:17
c8cfb4925dd910cb0cf8c67761fdbe5d,b8add5a172db18c4d65a8157ac8c13ad,SC,piratuba,sports_leisure,89.49,18.51,108.0,delivered,2018-05-13 18:53:49,2018-06-08 00:00:00,2018-05-21 19:38:50
609a92d3db448bbe4e37ebbe28b72b16,91352e06066eef42b60b24049ccde4fd,SP,sao paulo,bed_bath_table,86.9,17.52,104.42,delivered,2018-03-09 09:56:28,2018-03-27 00:00:00,2018-03-22 15:51:48
eb45ff263f9e77136f626c712add7354,17d9e5fb389aa6a163f1bc7d8b1510f6,SP,sao paulo,furniture_decor,52.99,9.36,62.35,delivered,2017-04-17 21:07:54,2017-05-09 00:00:00,2017-04-22 10:57:49
a1bbc50582a23583fb463282d7807e6a,82dfa15e138ccec1896ca84a3151248d,SP,ferraz de vasconcelos,sports_leisure,68.0,11.98,79.98,delivered,2017-10-03 08:44:58,2017-10-25 00:00:00,2017-10-10 21:35:40
96c92c62ca4d7a50e4b7d86d55acf918,6152306533a889b0d5b9234324e259cc,RS,esteio,bed_bath_table,34.9,17.19,52.09,delivered,2017-02-15 17:42:51,2017-03-24 00:00:00,2017-03-11 10:34:12
4071fd2362f826dbb5ea79880533cccf,64bac289258e083b9d982d58cdc0e1f8,ES,vitoria,consoles_games,85.0,16.35,101.35,delivered,2017-08-20 20:29:08,2017-09-15 00:00:00,2017-08-25 19:06:41
2c23f1e95bc8b5a7a891d3d4a7651c3d,2151650ef25043d6c9631829e8a634db,SP,sao paulo,perfumery,22.5,7.42,29.92,delivered,2018-08-01 11:04:47,2018-08-10 00:00:00,2018-08-06 17:46:34
f41fbf3e30f0f79822348910ca2009f2,a32fd99e791dbe323486039bce9ac35e,MG,pouso alegre,perfumery,22.0,12.81,34.81,delivered,2018-06-25 18:22:41,2018-07-18 00:00:00,2018-07-03 22:34:35
c0df4a985da0f64e837ba9b858762f1f,1ea64ae36c22ca7eb9821462af7418b3,MG,uberlandia,health_beauty,115.97,18.06,134.03,delivered,2017-12-02 23:21:56,2017-12-27 00:00:00,2017-12-21 12:04:52
a9dfd8a8ec4fa0a848fb61986bdc153f,61891679419a7cd51f239be92ced8f81,SP,campinas,musical_instruments,129.9,23.62,153.52,delivered,2018-08-20 13:09:40,2018-08-30 00:00:00,2018-08-29 18:32:58
08090fccbb124a320054723db6201076,145e875a57ee60b324e31dd3d6b24a3d,MG,itauna,computers_accessories,19.9,15.1,35.0,delivered,2017-11-26 19:13:20,2017-12-20 00:00:00,2017-12-14 23:08:38
6d9a301ad93b5c24c6cff8e4f9cbe276,29a2efb1c86fe8d7719758f5dce78500,MG,pedrinopolis,sports_leisure,41.33,14.52,55.849999999999994,delivered,2017-05-03 20:54:43,2017-05-26 00:00:00,2017-05-17 10:13:53
0d0665d64b4dd1dae2ed97fa92509144,26dde313f45cda2d37668485a62d259d,SP,tatui,housewares,50.0,12.79,62.79,invoiced,2018-04-24 09:19:11,2018-05-16 00:00:00,
c4dd811604d334a79810fd0387740e09,bfdeb4323b60dd883932f1cd4f71a582,SP,sao paulo,sports_leisure,89.99,8.82,98.81,delivered,2018-01-13 17:29:43,2018-01-30 00:00:00,2018-01-17 16:14:33
0339ed6316da69c73459e191c10ff6ac,717369626ec16ea93f95caaa053e0bb6,SP,sertaozinho,fashion_bags_accessories,49.9,13.01,62.91,delivered,2018-08-04 14:29:37,2018-08-16 00:00:00,2018-08-09 17:16:38
ef1cba939b3e4639c534c42c2617fa9c,d03b7b3df2026cd45bcfa7c3e449b1ce,MG,belo horizonte,bed_bath_table,129.9,13.49,143.39000000000001,delivered,2017-02-04 15:51:22,2017-03-01 00:00:00,2017-02-13 08:14:12
12bab4379a646f08ae89ed0561f5481e,43e626e91409ae19ce7726fe7597681e,RJ,nilopolis,telephony,70.9,14.25,85.15,delivered,2017-10-18 19:41:56,2017-11-09 00:00:00,2017-11-13 21:02:53
e71c628cbad616783246ac09faf8f11d,aa326373dd3c719eeb21d742971eff9f,RJ,rio de janeiro,bed_bath_table,74.99,18.33,93.32,delivered,2018-06-15 00:03:52,2018-07-27 00:00:00,2018-06-19 20:48:24
fef03ab88c27c81b7561d599d4018589,cd04cd9aa9eb0b51b40a2b124f3a93f3,SP,sao paulo,garden_tools,59.9,13.44,73.34,delivered,2017-09-21 22:39:39,2017-10-13 00:00:00,2017-10-02 15:58:22
79f7d697719bb0bd65cf1a1c5fc67348,0db99be64435c2c4ffed6c297bc5baa4,GO,rio verde,bed_bath_table,105.99,18.62,124.61,delivered,2018-06-06 17:17:10,2018-07-11 00:00:00,2018-06-19 11:09:59
b741ced31205b787eebdd0cc7f220b0a,30b782a79466007756f170cb5bd6bbd8,SP,sao paulo,bed_bath_table,12.0,14.12,26.119999999999997,processing,2017-02-20 19:58:47,2017-04-17 00:00:00,
d2deb9270ebda7fd5dc5ff3b9a499a58,87a5aecdd3818fbf00225653db863e81,PR,laranjeiras do sul,musical_instruments,169.9,19.29,189.19,delivered,2018-08-07 15:25:21,2018-08-27 00:00:00,2018-08-21 17:06:43
6b13656ef58757ab087064a5a263441d,96da15363c1394365e691b6ca3b8dd7b,SP,piracicaba,computers_accessories,335.9,14.69,350.59,delivered,2017-05-18 12:13:20,2017-06-08 00:00:00,2017-05-24 16:44:33
923edd16abada2893b886d3757c73ffa,27b92787633925ba1e1aaed123d955e1,SP,sao paulo,bed_bath_table,39.9,13.86,53.76,delivered,2018-07-04 13:27:14,2018-07-27 00:00:00,2018-07-10 18:12:33
2305266a492129ca55edb82b218cab72,81c05f239c6616452f843cbd2131c90f,RS,canoas,furniture_decor,93.0,21.73,114.73,delivered,2018-03-20 20:58:04,2018-04-13 00:00:00,2018-04-11 19:03:00
22506d7db905f102e4049dfb41b969e3,a464a2040584feb990c2e3bef55cfc9a,SC,laurentino,sports_leisure,91.5,15.39,106.89,delivered,2018-01-08 16:44:57,2018-02-05 00:00:00,2018-01-23 11:38:57
9a0b6a2c842e5a42bef91fa4c7dea9c4,845828df44fa9c7c4be8908c59eada70,PR,mato rico,luggage_accessories,72.9,19.75,92.65,delivered,2017-09-20 08:54:48,2017-10-17 00:00:00,2017-10-03 12:05:29
58c52765e19cea6cf6b0a66e90749558,1a04d0c1c69390f4b06acf0d3c86e108,SC,florianopolis,computers_accessories,60.2,18.3,78.5,delivered,2018-04-13 08:36:38,2018-05-11 00:00:00,2018-04-30 17:40:38
cdad73cef8e0453475b6bea7641a8ab4,208f290481193105f0bdc2d8f543904e,MG,para de minas,telephony,29.99,15.1,45.089999999999996,delivered,2018-02-23 01:05:47,2018-03-20 00:00:00,2018-03-06 16:23:35
0c6715b2f888887f2ab9c7d6e099d38b,688f5342ea5ff47d612126908c38f7f0,SP,sao paulo,sports_leisure,59.9,12.55,72.45,delivered,2017-11-05 18:34:14,2017-11-30 00:00:00,2017-11-14 16:12:23
fa6b2d45eec5e550786c4adf6de7303e,764ac9e929632c4cc0611fff3d9b2c21,SP,venda branca,auto,117.3,17.53,134.82999999999998,delivered,2017-07-15 13:04:21,2017-08-04 00:00:00,2017-07-25 22:44:29
cf35cf6763e0db30babc4885c3b2596f,456fc2dc1c1b0340d18ef3f2d14c8e25,MS,ladario,home_appliances_2,39.9,17.6,57.5,delivered,2018-01-11 00:48:01,2018-02-09 00:00:00,2018-01-29 20:14:49
7c1c60f422c242e539075d9b9edca95c,13577f3827a7cebf81738a9d821bf8db,RJ,rio de janeiro,dvds_blu_ray,39.99,15.23,55.22,delivered,2018-05-13 11:20:49,2018-06-14 00:00:00,2018-05-21 21:44:46
7cf64ae8137941a44a6300e23b7e25f1,d26b0ddc928fb5deb9575f6fe1c8be8c,MG,tiradentes,computers_accessories,129.9,22.62,152.52,delivered,2018-04-08 20:21:13,2018-05-08 00:00:00,2018-04-24 20:07:54
1aa9e8f35ac38d8a10b41441e1faa0a2,dc75b21faa83875157ade3ef98dfadc5,MG,espinosa,bed_bath_table,79.9,23.36,103.26,delivered,2018-06-11 18:32:17,2018-07-04 00:00:00,2018-06-19 16:49:35
0bd15125e46474dc9318288ae0ea528e,bf779ce6baefd04fc0895e7ee0472d3c,SC,florianopolis,garden_tools,49.9,17.6,67.5,delivered,2018-01-30 18:06:42,2018-02-26 00:00:00,2018-03-01 22:07:42
fc297415452e5dc0d06afcd16e864ca8,9aac2156deafaab1ac9f858c01a4ad76,MG,passos,auto,94.0,21.15,115.15,delivered,2017-10-30 22:06:35,2017-11-16 00:00:00,2017-11-06 21:06:43
13917780488fcc5fa2f9fa3c45549c80,d022bfa0609143421208636914d0e4d4,SP,poa,health_beauty,33.99,11.26,45.25,delivered,2018-08-07 00:25:55,2018-08-13 00:00:00,2018-08-14 16:51:55
a996de878f5347137d45b75fa47cd312,c25069055b2ff032732729e627949e2e,RS,porto alegre,bed_bath_table,87.85,17.86,105.71,delivered,2017-09-06 23:15:26,2017-10-03 00:00:00,2017-09-25 17:07:37
ef71061bdf8dc442c060d4f0d8266a2d,1fe11e8f0fa5bea7416ec09d6e8d2b4d,SP,guarulhos,health_beauty,189.9,15.5,205.4,delivered,2017-02-20 16:17:04,2017-03-23 00:00:00,2017-03-02 12:05:21
438d4df3e56a6ca1618791c7cd1588aa,583fb43ed998859f6570886179bb165c,SP,sao paulo,party_supplies,22.5,7.42,29.92,delivered,2018-07-17 09:13:07,2018-07-25 00:00:00,2018-07-23 19:26:36
ee9c09afa667c1baabeefdf51f66148e,ff5b57c3e15d16c77e4dde1ff66dab33,RJ,rio de janeiro,bed_bath_table,34.9,18.59,53.489999999999995,delivered,2017-06-24 11:05:24,2017-07-26 00:00:00,2017-07-10 18:14:53
63b0cebdee19b42e809d4b45866eb42e,99d588adae1c418734eaa816bc1d29d3,SP,sao paulo,food,27.9,8.94,36.839999999999996,delivered,2018-03-06 14:44:37,2018-03-16 00:00:00,2018-03-08 19:54:24
fe73ff32d6e2028f4dcb6afb715e7cf0,ff2eeb9ac16da8f42e8dcff6ddcd9c42,MG,bom despacho,computers_accessories,98.0,16.45,114.45,delivered,2017-10-27 19:31:19,2017-11-22 00:00:00,2017-11-20 18:42:09
a25f8c8c17243276e72fca0857e94789,22b9c86ac8badf29636e4c9e9e6745bf,RJ,tres rios,electronics,29.0,15.1,44.1,delivered,2017-12-06 15:28:30,2018-01-04 00:00:00,2018-01-05 17:59:01
cbec458163d85abfb23e8838fd9196e6,5ccfa4fba07870fd668345d60f1eae06,SP,taubate,housewares,120.0,17.75,137.75,delivered,2018-04-22 22:52:39,2018-05-17 00:00:00,2018-04-27 20:52:02
80ea2d5cf20fdda59217af697130bcf7,dcc9c0fd8dbf091ca2965710ef45c16c,SP,sorocaba,consoles_games,8.99,15.1,24.09,delivered,2017-07-13 21:09:00,2017-08-04 00:00:00,2017-07-21 21:29:45
739bb836f89badf6feddbbb049eef241,adfa74df17c1758b5ada5220b717806a,RS,carazinho,perfumery,142.5,15.75,158.25,delivered,2017-10-29 22:50:59,2017-11-28 00:00:00,2017-11-10 18:28:29
13c9b5d9c2ccb662b1d4e636b424de20,9c92051d99c50e47f33f1955a74e0681,SP,itatiba,telephony,19.99,7.78,27.77,delivered,2017-11-24 08:49:04,2017-12-08 00:00:00,2017-11-29 20:55:10
681c82d8dee3250b148aaabdd68a59ff,ad97668eed5826a5d800b15351bea269,SP,sao paulo,office_furniture,186.99,29.68,216.67000000000002,delivered,2018-02-28 15:39:15,2018-03-28 00:00:00,2018-03-09 13:58:31
5813dccc11eeeec1c8b609e396c12291,ff84121140b5715061b4999e72b50710,RS,pelotas,watches_gifts,55.0,15.14,70.14,delivered,2017-11-21 09:55:35,2017-12-15 00:00:00,2017-11-30 18:28:40
d1f4dfa01135ba65f2013f1c9e8dcc58,c3f3b3aec6ab1645b825e2b7031cfd43,CE,fortaleza,cool_stuff,99.9,36.02,135.92000000000002,delivered,2017-07-13 18:26:10,2017-08-14 00:00:00,2017-07-26 10:17:43
6683aa4f73f7869ec65ebeeef53f700b,7e2ae24e734d02f10866ccab9c7ad0c8,SP,santana de parnaiba,housewares,17.9,10.96,28.86,canceled,2017-04-26 22:38:50,2017-05-29 00:00:00,
2300a8c3ba62aef5b16cb1c8c95710e4,9e7b9dbc61cbf8abd1bcba0bb48f06af,DF,brasilia,cool_stuff,235.0,24.19,259.19,delivered,2018-03-15 19:02:00,2018-04-10 00:00:00,2018-03-29 21:08:32
cd5343ffb012a7157ddbcf5720100c01,4d7b6c39aa3c7b53acb8058e4094a593,SP,sao paulo,health_beauty,149.9,18.18,168.08,delivered,2018-08-26 12:38:57,2018-09-11 00:00:00,2018-08-30 14:38:54
fd47c5bff066db9c23dc6fa434d47bf8,ee19e90c10b84845763ac8fc0e9efba4,SP,guarulhos,housewares,44.99,7.39,52.38,delivered,2018-05-09 10:52:33,2018-05-17 00:00:00,2018-05-10 13:08:27
d1e49fad76dfd4ed8f5488500011e45f,f0663046f4fb8ab7073364aa3158ff1c,RJ,nova iguacu,bed_bath_table,279.9,28.04,307.94,delivered,2018-05-23 10:16:23,2018-06-18 00:00:00,2018-06-05 15:54:57
7590e5484e3ab1973abbed2b5f8146e1,bb10d4c7543ed244a4cbb64f45b2916c,SP,sao paulo,housewares,39.9,13.08,52.98,delivered,2017-09-14 10:24:28,2017-09-26 00:00:00,2017-09-15 17:07:32
1fc25ccd3bfe7f95431a9320df40e789,489231f4d3b991f96fdc41285e6af4f9,ES,vitoria,furniture_decor,9.99,16.11,26.1,delivered,2018-01-18 12:43:16,2018-02-08 00:00:00,2018-01-21 15:36:25
0eb75d20173919818bfebe16eaf91333,f4aea85dda6c29ef68db371de3b724d9,BA,riachao do jacuipe,furniture_decor,75.0,22.24,97.24,delivered,2018-05-08 22:55:25,2018-06-04 00:00:00,2018-06-04 14:58:06
431e70e0fb93448af0d2e42e6af75e96,e82911463de17b3158590329c159da51,RJ,rio de janeiro,bed_bath_table,149.9,21.97,171.87,delivered,2018-04-12 17:01:08,2018-05-22 00:00:00,2018-04-26 19:22:01
443bc8cc2feef50a6b416a0645dbf7b5,381917c1951b8e044dd51544f465db6d,SP,osasco,sports_leisure,31.0,10.96,41.96,delivered,2017-03-21 14:46:40,2017-04-07 00:00:00,2017-03-27 10:14:57
250ee6904cdb677771a5d0e9d977ed57,62eb07eed03059dcb9e887e7f338dcb9,SP,sao paulo,sports_leisure,134.9,16.7,151.6,delivered,2017-06-07 17:29:31,2017-06-30 00:00:00,2017-06-19 12:37:46
fb2e0a2eb0a7cd9fc655c3fdda628acc,6ae98e2bdf8d09e86cd16479fa511f9e,RN,natal,auto,1788.0,33.82,1821.82,delivered,2018-07-30 10:17:54,2018-08-20 00:00:00,2018-08-14 16:27:35
5e23655bee02f45b9a3f47282ad61b17,abbfbf1e1a64f6826febdfc96c3887e1,SP,sao paulo,auto,75.0,12.07,87.07,delivered,2017-08-24 21:11:15,2017-09-06 00:00:00,2017-09-06 21:09:43
7e486325a643ff4ed591ad4fd1b80d16,fd450bd0f888b06ff2bbf2f01f512761,RJ,rio de janeiro,air_conditioning,236.9,46.12,283.02,delivered,2017-11-23 15:40:50,2017-12-14 00:00:00,2017-12-27 01:56:48
80549ebc0ab692a2a0c6837f2292b7b4,715cf4b2f479c0df830dc2fedff5df65,RJ,duque de caxias,cool_stuff,50.9,9.44,60.339999999999996,delivered,2018-03-30 21:23:39,2018-04-13 00:00:00,2018-04-05 21:44:42
36bc3158d94ee7eb9405f0ac77259d07,35a5df988e3223b0d1db59bea91fbeda,SP,sao paulo,cool_stuff,37.9,14.1,52.0,delivered,2017-09-25 19:44:56,2017-10-17 00:00:00,2017-09-29 20:07:25
1d23106803c48c391366ff224513fb7f,76b61cd27ca2933a2bd2669762fb229a,RS,pelotas,furniture_decor,39.9,22.48,62.379999999999995,delivered,2018-01-26 16:19:34,2018-03-02 00:00:00,2018-02-09 21:38:39
62a0e822dd605871a747ee39a9131574,a7b5f908c796ad17ce9339238ef15a87,BA,salvador,unknown,29.0,15.79,44.79,delivered,2017-06-02 11:39:49,2017-07-12 00:00:00,2017-06-12 12:23:34
fc850201b579f014488f1cca40aaa06d,05128663fa180b637c99c17d8ce05949,RJ,niteroi,baby,34.9,14.1,49.0,delivered,2017-11-04 13:39:41,2017-11-27 00:00:00,2017-11-22 16:23:13
0246b043b8ae041912cc7651ceb1ba2f,d234dd6da60ad8379e0ea3a904126e23,MG,belo horizonte,bed_bath_table,45.9,15.11,61.01,delivered,2017-10-26 10:54:50,2017-11-16 00:00:00,2017-11-03 19:33:46
3719bbbc4a5eea98dba57ead063403f1,b50fc3b48a31f1446d145fb0a5d88ba7,MT,paranaita,electronics,13.65,22.06,35.71,delivered,2018-05-20 17:21:49,2018-06-20 00:00:00,2018-06-08 14:32:18
4d44c133003f6cbd3274978464e57577,c600ec98a2eae1056c996fc980dcd732,SP,maua,fashion_bags_accessories,27.3,7.71,35.01,delivered,2018-03-21 21:35:37,2018-04-03 00:00:00,2018-03-27 00:56:57
e5bc812e034a9041261c8637e4dc4497,6aa3ab340cfc5f655a56e30d3285d753,SP,sao paulo,housewares,5.9,9.34,15.24,delivered,2017-07-20 13:56:18,2017-08-09 00:00:00,2017-07-28 16:28:59
664a44899f2e94b4b928c781547d7bee,22afa4cfcc43dc48b007397284d0d863,SP,mairinque,electronics,179.93,16.01,195.94,delivered,2018-02-27 21:54:48,2018-03-29 00:00:00,2018-03-15 22:58:52
328f1e996c8251549a0e319d7eaa0f31,1cefd0f4bd73d31db705295737c02e2f,SP,sao paulo,toys,29.68,9.34,39.019999999999996,delivered,2017-11-08 21:26:09,2017-11-22 00:00:00,2017-11-17 11:46:56
6a2bb0f0f146e59e7b2669959798670e,a7a054aada3cfdef011a637e301ac87f,MG,coronel fabriciano,books_technical,57.89,16.32,74.21000000000001,delivered,2018-05-16 13:16:35,2018-06-04 00:00:00,2018-05-22 17:46:27
226dda5620db063cd962833766480273,f45ab5fcd068273d5ce245cd1816ee98,RJ,rio de janeiro,watches_gifts,26.9,16.79,43.69,delivered,2017-07-18 12:42:28,2017-08-11 00:00:00,2017-07-28 18:55:50
13a60be94bc36bf7c5f1e0a849cdd6e4,3c194b4ca2219ebcfa234ba116d87954,RJ,itaborai,furniture_decor,181.62,17.52,199.14000000000001,canceled,2018-02-19 10:56:33,2018-03-15 00:00:00,
64d08d57c3320c16b1e8db97bfc9b314,b4b1a11b3ee17f1c046b64e52a5a8515,SP,sao paulo,garden_tools,59.9,13.44,73.34,delivered,2017-07-22 16:34:22,2017-08-18 00:00:00,2017-08-03 17:45:45
abbbf52551bc34cd52a7851c06dfca90,040e4df45a02c9d398c233227f207f67,DF,brasilia,furniture_decor,99.0,20.74,119.74,delivered,2017-01-26 23:20:31,2017-03-14 00:00:00,2017-04-05 14:14:58
3bcc12f1de0b8f1a83703545794e5d28,d390064ad9da4f7467ff06ddfa865b6f,SP,botucatu,housewares,359.9,69.39,429.28999999999996,delivered,2017-11-24 15:22:54,2017-12-18 00:00:00,2017-12-01 20:32:19
d651bd9a58b10af4a1a7fe2873ef8058,e1a821d8a0ad5e951bf0e47464dd1f9e,SP,sao paulo,sports_leisure,255.0,22.63,277.63,delivered,2017-11-25 23:17:35,2017-12-21 00:00:00,2017-11-29 21:55:00
c9fe382a47de702dfad8f4b2ea3d2b3a,888187ceef448600ddb3020c3a4f4133,SP,santo anastacio,office_furniture,126.99,24.92,151.91,delivered,2017-05-13 09:03:16,2017-06-19 00:00:00,2017-05-27 23:13:42
a7a43f469c0d7bdb0a23a82db125aefa,c0378e9280a6e9401f2b0fd4a288496b,MG,belo horizonte,unknown,39.0,15.1,54.1,delivered,2017-08-21 13:00:05,2017-09-18 00:00:00,2017-08-28 19:07:55
8371302dbc6d728923e1cb35d318565f,bdb54503c29ef116d19e290915891cbe,SP,guarulhos,baby,144.9,37.09,181.99,delivered,2018-06-19 09:58:50,2018-07-11 00:00:00,2018-06-27 13:08:48
6db1acfb7eb6c31cde5a3fd0a83f8b51,93711751406953c5f6906161ac61e41e,MG,juiz de fora,furniture_decor,89.9,16.39,106.29,delivered,2017-09-26 21:09:07,2017-10-19 00:00:00,2017-10-02 16:44:03
f03ccc35dd341e035efa0ca47c83cf10,7af87661a92c6dd8347715433698be80,RJ,rio de janeiro,housewares,329.9,50.84,380.74,delivered,2018-02-14 21:13:52,2018-03-08 00:00:00,2018-03-23 19:06:26
af209eb4f7a3bd965aced8fe559ccd3b,e6b7e9c1ec4f3c5ac749bd4502bc81e5,PR,curitiba,toys,35.0,43.38,78.38,delivered,2017-09-09 20:06:48,2017-09-28 00:00:00,2017-09-22 13:07:04
1f2c730715e25c512d5beee0f697bedb,816092f5825c3e2cdfdd4af546d4d04c,PR,maringa,electronics,24.9,8.27,33.17,delivered,2017-08-21 00:02:33,2017-09-01 00:00:00,2017-08-26 13:13:38
953a453190f96f0f32ea10b03af65a08,9cc6513293fe015ded4e98c49bfe536d,RJ,marica,baby,32.9,16.05,48.95,delivered,2017-03-29 09:17:02,2017-04-25 00:00:00,2017-04-11 10:07:13
76931aa364051d5d57f6a23aa352956a,dc9ccd8be2d922f8583d97933b06c5f4,SP,campinas,furniture_decor,75.9,9.35,85.25,delivered,2017-11-18 12:51:32,2017-12-04 00:00:00,2017-11-27 14:55:45
523a8bb981fdb61599630fe01b89f642,7fe9dc21448d5fa5a0629aefef9a2375,RJ,rio de janeiro,garden_tools,89.99,45.09,135.07999999999998,delivered,2017-11-29 15:20:12,2017-12-22 00:00:00,2017-12-14 21:33:40
0a7cf771945fa809fa47399a1ba0eeaa,4ddabde26cd4b8378ccbdc76daf8b745,ES,afonso claudio,perfumery,64.99,16.15,81.13999999999999,delivered,2017-02-23 23:06:40,2017-03-27 00:00:00,2017-03-07 09:25:54
dced68d765c92476f957de16fe116ecc,9626fb4f4a15d890b9cbecd5357dfd74,DF,brasilia,small_appliances,69.9,16.68,86.58000000000001,delivered,2018-08-17 18:20:27,2018-09-06 00:00:00,2018-08-25 17:29:35
61016e853ed7b77d222e5a2c38d4a7bb,fec38f6590f4d8e78563eacd15f0413c,RS,encantado,auto,1880.0,109.96,1989.96,delivered,2018-04-07 20:03:59,2018-05-08 00:00:00,2018-04-19 18:57:33
eb84a9e87c375d0dd9d1481b5abfd430,89d4705ec60bcafda3fbe11dd8dd8e9b,SP,guarulhos,computers_accessories,46.0,12.79,58.79,delivered,2018-05-14 04:14:50,2018-06-05 00:00:00,2018-05-18 20:54:45
09c10d01ea598b37493ee93aa01cb066,788f3b2f3dabc5a23775cebd48d96dfc,GO,goiania,electronics,9.9,15.23,25.130000000000003,delivered,2018-07-14 19:38:54,2018-08-01 00:00:00,2018-07-26 18:56:41
2f9615837f509124f0c936dbd93855ac,57f66dc16e5edbe9417e1e21c783b5a9,SP,campinas,bed_bath_table,69.0,14.79,83.78999999999999,delivered,2018-08-08 10:25:10,2018-08-16 00:00:00,2018-08-13 19:38:27
4b887b761d172d69c3e9f5b51936d646,faf3da01768e284a7fdfc00a2428d9bb,RS,santiago,telephony,44.99,18.23,63.22,delivered,2018-04-22 21:28:26,2018-05-29 00:00:00,2018-05-09 23:42:45
963cb0bf193b36ab854e479461fc3da2,2cc3f28ae82755ceae97e33b87a4909e,RJ,mage,electronics,9.0,14.1,23.1,shipped,2018-03-04 11:48:58,2018-03-27 00:00:00,
523a8bb981fdb61599630fe01b89f642,7fe9dc21448d5fa5a0629aefef9a2375,RJ,rio de janeiro,garden_tools,89.99,45.09,135.07999999999998,delivered,2017-11-29 15:20:12,2017-12-22 00:00:00,2017-12-14 21:33:40
2eadb8e36b6d6465dc9e2e3f3b95751d,a46694e76f745720cdb94a059c2f70c9,RJ,iguaba grande,auto,45.9,26.67,72.57,delivered,2018-01-24 14:20:08,2018-02-21 00:00:00,2018-02-28 19:41:40
b7c0da6da0a4987fd0b793c77ebbb06a,176aa9e3397ca9f9c2f8415db97d3caf,SP,sao caetano do sul,garden_tools,89.99,38.47,128.45999999999998,delivered,2017-10-31 21:51:02,2017-11-23 00:00:00,2017-11-09 23:46:45
eeb74a8c7804e9e0fe99dcdb7a6295fc,b690d1aa7b6574d7eb2573dbf9b0049d,MG,patos de minas,pet_shop,639.9,44.55,684.4499999999999,delivered,2018-04-11 11:08:07,2018-05-09 00:00:00,2018-04-25 12:18:40
dfe5f68118c2576143240b8d78e5940a,70c5c8376c293342409c02ca6d5e4ff0,RS,teutonia,office_furniture,119.6,16.54,136.14,delivered,2017-03-17 12:32:22,2017-04-19 00:00:00,2017-09-19 18:13:19
2f7fe3e1ea91048064ff91175ebe6df8,33d548bd0d29692e9dc471cdf65c441d,RJ,mage,construction_tools_construction,49.99,22.06,72.05,delivered,2018-03-07 17:48:18,2018-04-06 00:00:00,2018-03-20 14:03:52
c38db22a86ae94a2a5a9dd2d5700f6cb,7db0eba759379d3a68e2922bb970c48c,RJ,niteroi,watches_gifts,99.9,0.0,99.9,delivered,2018-05-09 17:18:11,2018-05-30 00:00:00,2018-06-08 18:41:46
1f206aee577f50401576d48a17d2249e,55106b6ebf9f870a3a359a00d5f26d1c,BA,cabaceiras do paraguacu,computers_accessories,31.9,16.79,48.69,delivered,2017-11-16 17:54:38,2017-12-22 00:00:00,2017-12-06 10:03:20
5b16597db46078bb77a52724f579a731,d692987a5b3a5b5c9eba6b5e4ff7aa76,RJ,campos dos goytacazes,furniture_decor,35.0,18.96,53.96,delivered,2018-03-12 15:57:00,2018-04-03 00:00:00,2018-04-03 15:21:42
83d67fe6be9a0ed962f9ce12a1accdf3,6150c48a9373c851e1de0db93da09bd6,ES,baixo guandu,garden_tools,99.0,22.0,121.0,delivered,2017-05-11 17:51:45,2017-06-20 00:00:00,2017-05-17 14:44:09
413570abe3d3b2e99c63f5d9ceadb6b3,fe7b84f9e65da4d5243143d28509c3a8,MS,campo grande,toys,70.97,17.75,88.72,delivered,2017-12-07 14:07:50,2018-01-08 00:00:00,2017-12-23 17:15:57
a9506e4af5c19ca12362961efdefb20d,09a3196b73375086b541e01cc3269738,SP,capivari,health_beauty,23.9,10.96,34.86,delivered,2017-01-25 22:16:53,2017-03-02 00:00:00,2017-02-02 10:29:01
579997e88b2563ab8a3f3d6f5022a8a6,22c06071db2334723b044af55873ee8b,RJ,rio de janeiro,watches_gifts,229.9,16.36,246.26,delivered,2018-01-30 07:21:20,2018-02-26 00:00:00,2018-02-09 16:31:55
336f7fe8abc3af0bf30d0cf7204ec20f,fb819201cf760172ecaca73892bc8603,SP,osasco,housewares,59.9,14.13,74.03,delivered,2017-06-28 12:39:28,2017-07-11 00:00:00,2017-07-05 17:13:29
8e287e7d7db7206c7a9d0184e97014ad,da2edba0f99595361e7dfd281b1d8b11,PE,petrolina,furniture_decor,170.5,29.59,200.09,delivered,2018-01-05 13:10:52,2018-02-09 00:00:00,2018-01-24 00:48:44
cfcb538b0e3d703532d8676f72674a66,0de0b473751a0d5fb9f10e40f1dca31e,MG,morro do pilar,auto,69.9,17.74,87.64,delivered,2018-02-22 14:23:02,2018-03-19 00:00:00,2018-03-07 20:23:57
ca907d8c04d50f8377a1a77a216d334c,4f4943d1a8ac2c4a65d4fba25ee8c0bb,SP,jundiai,sports_leisure,30.48,7.39,37.87,delivered,2018-05-20 22:04:41,2018-05-30 00:00:00,2018-05-25 15:44:28
b753953aa026ea44872473a3fa57c576,a4bc21b8b891ab1a89425cf162561eec,PR,maringa,computers_accessories,139.9,16.74,156.64000000000001,delivered,2017-07-29 11:24:55,2017-08-23 00:00:00,2017-08-04 13:42:14
9af9ab2e5e9932c6d31b5fb79e8c844b,8660f98f7e1f51da6cf89794f066dffe,GO,goiania,bed_bath_table,21.99,15.1,37.089999999999996,delivered,2018-02-25 20:50:52,2018-03-21 00:00:00,2018-03-21 18:26:42
de4b205a30d85c902a79bf99f8c77c21,628d378a089ec7bda0bb7132d982d206,BA,salvador,office_furniture,129.6,21.36,150.95999999999998,delivered,2017-04-01 13:45:09,2017-05-12 00:00:00,2017-04-18 13:22:08
c469458d116f862637d6c26ae62ff8f2,1d2aa136a8aa54abff6fa6906287e926,SP,santo andre,auto,49.49,7.61,57.1,delivered,2018-08-27 22:54:07,2018-08-30 00:00:00,2018-08-30 20:32:38
ca3b8093576a51bea61c9782c7771f62,d8cef4d551f57b2f2657619815495c56,SP,sao paulo,auto,49.99,10.96,60.95,delivered,2016-10-05 17:14:27,2016-11-25 00:00:00,2016-10-24 16:33:31
cbb7f51e60703b11747df0c449934468,7e91300f81139c618874a944a0ee0847,ES,serra,furniture_decor,49.9,19.32,69.22,delivered,2018-05-17 17:43:13,2018-06-06 00:00:00,2018-06-07 14:35:41
ef48fc76d22d439065a0c9589c014162,fac86dc4c65f9b3c7d9179c2d9c277c8,RJ,rio de janeiro,fashion_shoes,84.9,17.84,102.74000000000001,delivered,2017-08-16 09:34:16,2017-09-19 00:00:00,2017-08-23 18:08:09
33d8c67634709f6b46cfbe5f0c6cf88e,de5f37a4f069c0fb5cf92fef24442f0c,SP,sao paulo,pet_shop,89.7,18.51,108.21000000000001,delivered,2018-04-06 08:33:56,2018-04-27 00:00:00,2018-04-12 18:12:20
5d84d2af140f3d69293995b16e8f8eeb,5dd2800b9657f7ba5673bac5210fe0a7,SP,guarulhos,watches_gifts,208.9,14.48,223.38,delivered,2017-05-18 15:38:31,2017-06-07 00:00:00,2017-05-29 12:33:59
01d80471e02a3ba49c8e1d0abc2c1a64,d99d9eec199e32dcde0efedc42a64724,RS,porto alegre,computers_accessories,75.0,16.23,91.23,delivered,2017-05-03 19:35:37,2017-06-02 00:00:00,2017-05-16 13:11:49
aac52878fd693aeeb3efce3e0e0a3ce2,92017825e4d41c89b8c7aeb529f5d0d1,MG,tres coracoes,sports_leisure,120.0,23.42,143.42000000000002,delivered,2018-04-23 10:42:37,2018-05-17 00:00:00,2018-05-04 01:58:43
38b9365bb512e4746d21b59d3eaaa146,a24b6a5a883426cbe71b43fd0a3d508a,BA,quixabeira,garden_tools,49.0,19.63,68.63,delivered,2017-11-24 19:25:32,2017-12-26 00:00:00,2017-12-05 18:15:43
66eee0f0bae09aa30b023e20bc83ee80,e58f0403dc02936d911f974a17c5610a,SP,sao paulo,garden_tools,129.0,33.29,162.29,delivered,2017-10-30 23:10:31,2017-11-14 00:00:00,2017-11-10 17:52:15
b0018957adea4b9acded9df77514b844,15e5e30a0f4192cdf554e6a2e53ace3c,SP,santo andre,computers_accessories,140.9,14.33,155.23000000000002,delivered,2018-07-03 12:32:14,2018-08-01 00:00:00,2018-07-10 18:58:40
b3b663af930cb86b58bbebd928832b4c,84c008051862b43fe79bd6da57810b3e,MG,uberaba,pet_shop,44.99,36.18,81.17,delivered,2018-06-27 09:34:06,2018-07-20 00:00:00,2018-07-04 19:54:53
ba5fa5d6fe39ade3049fcbc2966fc82c,493f3e2114badbd36273531549b6d21c,SP,sao paulo,luggage_accessories,43.0,15.4,58.4,delivered,2018-08-08 20:25:21,2018-08-20 00:00:00,2018-08-13 19:38:55
b7dec0ed6498c647ddaca1006fe6240b,0c0ea9392460cedc9f7c90817c503d15,RJ,rio de janeiro,furniture_decor,49.9,16.11,66.00999999999999,delivered,2017-11-24 15:15:33,2017-12-19 00:00:00,2017-12-27 14:34:04
69a4fa9f5f1fdc420b2f66aeb9e3806f,19dbff25b0172c9c37caedacf16ea988,SP,borborema,garden_tools,269.9,14.91,284.81,delivered,2017-06-05 16:49:45,2017-06-26 00:00:00,2017-06-13 13:28:42
8272b63d03f5f79c56e9e4120aec44ef,4546caea018ad8c692964e3382debd19,SP,sao paulo,health_beauty,1.2,7.89,9.09,delivered,2017-07-16 18:19:25,2017-07-28 00:00:00,2017-07-31 18:03:02
28d07cf52af4d36587d0347032cebdfd,a44b727db340f279a25c81eac87b8aa7,SP,sao paulo,sports_leisure,52.5,16.13,68.63,delivered,2017-10-11 13:17:05,2017-11-07 00:00:00,2017-10-20 18:37:35
4798ef2f0de08baa8ddd97ceee3f7c60,32397f9b7defba82e3f6626350514be7,RJ,rio de janeiro,bed_bath_table,45.9,15.11,61.01,delivered,2017-10-15 20:13:50,2017-11-01 00:00:00,2017-10-26 21:33:59
26d9036f1da95e03bf243637f07f5638,14c5f9e494af8430a33e21602b255f36,SP,guarulhos,air_conditioning,24.99,7.78,32.769999999999996,delivered,2018-01-17 09:55:20,2018-02-02 00:00:00,2018-01-22 18:09:49
48a9fe940572375f2eb135b1e0ca0829,16a87f204088415ce012102c912a33d9,ES,vila velha,furniture_decor,145.0,22.09,167.09,delivered,2018-04-25 10:09:20,2018-05-18 00:00:00,2018-05-11 22:15:01
be18a0f2c441f267ba796a97930c98c8,79873702c342470e7d99fdd26d6c1d2b,RJ,queimados,cool_stuff,69.99,16.74,86.72999999999999,delivered,2017-08-09 09:24:56,2017-08-31 00:00:00,2017-08-15 17:36:41
fd571ab12e8d263eaf309774eedfcfeb,a2913c14f49022ef2ddfd436dcd5be89,RS,pelotas,bed_bath_table,296.9,23.2,320.09999999999997,delivered,2017-08-02 17:13:38,2017-08-28 00:00:00,2017-08-11 18:35:44
8375e62ff082f229096ecda5cbc957ea,118c825b7ac197bc393cb4c8c3310f65,SP,aracatuba,unknown,409.38,17.04,426.42,delivered,2017-04-04 21:07:53,2017-05-11 00:00:00,2017-04-19 16:24:46
f74a92993942e72d5f55c192272b02e0,3b37ee52b62d30f0ffe0fa80bffc1467,SP,diadema,stationery,179.9,12.46,192.36,delivered,2017-12-11 08:39:08,2017-12-28 00:00:00,2017-12-15 22:18:35
c0c9eba73d421ff348cf87bd24ca5609,da35e430fb005a94388c56f3033d2f2e,SP,jundiai,computers_accessories,70.0,15.37,85.37,delivered,2018-05-21 15:40:33,2018-06-05 00:00:00,2018-06-04 14:26:43
c5d41b216e4b42500c5da2be17a74065,0cfd3bb78e947d0c37c6b6c113871fbd,SP,sao paulo,home_construction,129.95,10.06,140.01,delivered,2018-05-21 21:42:42,2018-06-11 00:00:00,2018-05-28 16:41:56
85e84e0247a114a9d610cb0a24710ad3,561a5e784539f3452c077fbfcf54a1e5,SC,florianopolis,baby,59.9,18.52,78.42,delivered,2018-08-01 08:22:05,2018-08-20 00:00:00,2018-08-06 17:05:37
0df9a1a63af12d4f148157a5264421b0,1f7e319345bce2c98e006c0d70875095,SP,sao paulo,books_general_interest,14.95,7.39,22.34,delivered,2018-03-21 14:35:36,2018-04-10 00:00:00,2018-03-23 19:51:00
bd692242647dcc885acaafe72c34eae0,7e803b451f1af52da8f07d76046dff0a,RJ,sao goncalo,baby,59.99,17.67,77.66,delivered,2018-01-04 06:53:37,2018-02-05 00:00:00,2018-01-27 13:38:56
e13329e37a8f95bafe7bbef35d07fb24,d9ddee677c0afeffefccf33c50695dbd,DF,brasilia,bed_bath_table,104.9,16.49,121.39,delivered,2017-09-03 10:45:43,2017-09-25 00:00:00,2017-09-25 17:51:16
02db3eec8ec9d3a35e2afe15367f21b8,254a9ad117407d26a52ee780dfd5216f,SP,bauru,health_beauty,58.99,13.49,72.48,delivered,2018-03-26 22:13:21,2018-04-13 00:00:00,2018-04-04 00:52:02
0c54d16446b830ff65da96eb16304fe8,1e7f48be9fc106bd283fe57cf3952cc1,MG,mata verde,garden_tools,89.99,26.25,116.24,delivered,2017-12-26 14:24:13,2018-01-22 00:00:00,2018-01-11 17:33:21
8e0ea21ee6cfe4bbb2269955fb3967cc,4c447a622f519b77990f8db6dc763af7,PR,curitiba,auto,145.0,45.47,190.47,delivered,2017-07-28 16:15:36,2017-08-24 00:00:00,2017-08-07 21:55:43
0bb931d01ae91d63c98608e9125c1c1d,500b6d6368aaa8f713f050654b92f366,SP,viradouro,luggage_accessories,289.9,48.74,338.64,delivered,2017-09-12 14:40:50,2017-09-28 00:00:00,2017-09-19 14:07:38
311eb3425fa63439e2f9bba0d60d8768,ad7c9286abfd06762b553040264bdf3d,SP,osasco,drinks,34.0,9.55,43.55,delivered,2018-08-15 10:17:16,2018-08-22 00:00:00,2018-08-17 21:17:35
56203d7ad8ce86a53281778d2dd2c9b7,9bf9e8c962ab8bce4daf3ec7d0a59e13,PA,abaetetuba,watches_gifts,255.61,28.05,283.66,delivered,2017-04-03 17:52:36,2017-05-09 00:00:00,2017-04-19 14:46:09
299ae4512f5e613ac6ee6904cdd7daad,02de4549062c866411c4f35eb01a2355,CE,santana do acarau,luggage_accessories,37.9,35.67,73.57,delivered,2017-11-12 22:00:51,2017-12-15 00:00:00,2017-12-04 18:08:08
87f02de231ca3b969e0f14e62c11f04c,097c28892c718f31ed9aded0fd0a8991,MG,campestre,perfumery,129.9,18.16,148.06,delivered,2017-06-08 21:14:31,2017-07-03 00:00:00,2017-06-19 21:12:58
6387cf0ea60d024f1714f7dab43fd211,7c577437a54c761a5054eb23f017754f,SP,sao paulo,books_general_interest,32.9,16.92,49.82,delivered,2017-11-24 00:55:39,2017-12-19 00:00:00,2017-12-11 13:18:35
71c04eba03595f13adc87878455ffa92,27d59fe7ff2ed894f826fd4a7e5466ea,SP,sao paulo,fashion_bags_accessories,34.9,15.23,50.129999999999995,delivered,2018-03-08 23:18:44,2018-03-27 00:00:00,2018-03-27 16:58:31
04993613aee4046caf92ea17b316dcfb,be09f3273b8ef531c15a9ea93d1b6280,SP,sao paulo,bed_bath_table,48.0,10.54,58.54,delivered,2018-01-30 08:46:12,2018-02-15 00:00:00,2018-02-07 10:54:52
e6c7c9a857844647e04396cb131c3b6d,94ba28dc43c39def8999885a3672a0d7,SP,sao paulo,health_beauty,51.9,16.06,67.96,delivered,2017-04-29 17:19:05,2017-05-29 00:00:00,2017-05-05 12:18:13
e900040d6974a5afa661621dad127568,26662dc8cc613781a196621d3462d2d1,SP,sao paulo,auto,112.0,18.16,130.16,delivered,2018-06-10 23:50:47,2018-06-26 00:00:00,2018-06-14 16:06:45
d8e084f74fa06f591e326975ca18a905,4399f1c9b351d4c09e167b8ce3d8da76,SP,sao paulo,electronics,184.9,16.39,201.29000000000002,delivered,2018-07-22 20:33:06,2018-08-23 00:00:00,2018-07-31 17:37:38
1ea0993dbee417148367f2243ce047ec,73f15d83843384b72bbc47a7f85f69ab,BA,barreiras,watches_gifts,99.9,17.14,117.04,delivered,2018-01-27 11:20:42,2018-03-01 00:00:00,2018-02-17 00:04:09
2c2a6805300ebc04837ff33a647a7938,7d30156f38eed8e773ba69587238e683,BA,potiragua,cool_stuff,99.99,19.94,119.92999999999999,delivered,2017-07-08 17:21:10,2017-08-09 00:00:00,2017-07-21 13:34:29
6a436bfc9dcfaf12d5075d521f38afe9,7852e5c820eb70532882e6975a66f94d,SP,sao jose dos campos,auto,189.99,16.96,206.95000000000002,delivered,2017-10-03 20:37:50,2017-10-25 00:00:00,2017-10-07 12:29:03
00b1861aeb89afa498404c684148a619,96e7f8f0dbefaa6e16563ac77d339bf0,RJ,rio de janeiro,auto,25.79,23.33,49.12,delivered,2018-08-08 08:18:03,2018-08-24 00:00:00,2018-08-15 15:12:23
92dd2476d7296d1f17c077f2dd00e94d,b5a46e88a47a5a0978889d4f3799b178,RS,porto alegre,toys,99.99,17.27,117.25999999999999,delivered,2017-09-19 20:01:20,2017-10-06 00:00:00,2017-10-13 23:22:53
4b4b94ef72b5f4fe86ce88a01b54e7a7,0d1969dfbf0beab1c6772d2e5c2ec070,SE,aracaju,signaling_and_security,84.99,24.72,109.71,delivered,2018-03-06 15:37:16,2018-03-29 00:00:00,2018-04-06 00:06:27
b164dca91a839328a3c8148df8b54628,d41af2e003acd6276472a2028a1e2678,DF,brasilia,toys,42.9,14.1,57.0,delivered,2017-05-24 10:06:18,2017-06-20 00:00:00,2017-05-30 08:07:46
f9b07dd1e93ce7446339491bcbccd1c9,6836082f78bcff113d739f501d6a4a3f,RJ,rio de janeiro,furniture_decor,69.0,21.81,90.81,shipped,2017-03-18 12:11:43,2017-04-10 00:00:00,
7364c719f78ceaaa61ca4e933a4e6022,80612c407e8897e64a8e8ec4dbfa9fc6,BA,ilheus,home_appliances,119.0,18.4,137.4,delivered,2017-08-01 18:57:56,2017-08-31 00:00:00,2017-08-18 19:34:09
0e15374841586ceb3db68902f68809bd,9e79849b10c23aea63950a2bcce3d34e,SP,itaquaquecetuba,health_beauty,68.9,13.5,82.4,delivered,2018-01-15 20:07:37,2018-02-05 00:00:00,2018-02-02 19:58:48
eb1873ec4d6a2af1c0626a7d08bd9c09,5e8a37a9db66531212450e6bd9a3c9ad,SP,sao jose do rio preto,toys,799.9,28.18,828.0799999999999,delivered,2018-05-10 17:48:41,2018-06-01 00:00:00,2018-05-18 15:56:43
14772df2ec0499946fb20841a70659e4,cb3ff5e129b14923b2dfef9acd718bb1,RJ,rio de janeiro,sports_leisure,29.5,16.79,46.29,delivered,2017-05-07 18:53:52,2017-06-02 00:00:00,2017-05-16 15:59:37
fd3c2f37b535d300e61e63b029edfd20,a1a60b6cdb7de4b7251eab4f0ca8878e,MT,cuiaba,health_beauty,249.9,133.3,383.20000000000005,delivered,2017-09-07 22:30:39,2017-10-03 00:00:00,2017-09-19 19:08:02
4a02bc45b72b95ce8a16efd46f2e1e47,8c574ea08b51aa43c0e858f18ed41029,SP,sao paulo,sports_leisure,45.0,8.88,53.88,delivered,2018-03-25 23:38:03,2018-04-06 00:00:00,2018-03-28 19:38:45
f3dcf0d2824efde907e341ff4997f693,0ff9df9167492f499a879b8afc78a1b6,MS,corumba,cool_stuff,297.0,138.23,435.23,delivered,2018-08-02 12:07:27,2018-08-16 00:00:00,2018-08-14 20:52:04
544edc12a608c19307a79ba998ea2ff9,e4af98d8ce32c48b6a5a18f7850616af,DF,brasilia,health_beauty,84.99,15.35,100.33999999999999,delivered,2018-01-05 18:18:23,2018-02-01 00:00:00,2018-01-15 15:04:15
1431b547a5eddb3dbc9adaef89b9e5f9,281a589201691767532e496d0d40ebc7,MS,paranaiba,computers_accessories,349.0,18.2,367.2,delivered,2017-05-17 09:03:36,2017-06-12 00:00:00,2017-05-29 12:23:54
f15a9d9b458aa040e6c47b6bb2311fb4,15ebccd5a7e89574bdf3c0cc0503f060,RJ,duque de caxias,furniture_decor,135.0,37.61,172.61,delivered,2017-05-16 21:55:21,2017-06-07 00:00:00,2017-05-23 10:47:47
c0e656a46d86c1957d0784b00f9a7241,1c0f4fa4a215c3de40cadc66f35391e9,SP,barueri,computers_accessories,155.0,12.59,167.59,delivered,2017-08-21 14:27:44,2017-09-11 00:00:00,2017-08-25 12:20:47
56aa3b6b2c30314ee80914fea9543573,c2d79e2aec1562aee14ac1e8abee4c17,SP,sao paulo,health_beauty,35.0,9.0,44.0,delivered,2018-08-08 19:46:37,2018-08-17 00:00:00,2018-08-10 20:48:30
a8e8374bd84c7cc644b29dbfa3f02be0,e63831fda4513b2d962ea7313c8612ab,SP,sao bernardo do campo,auto,44.9,7.78,52.68,delivered,2017-11-23 14:34:25,2017-12-07 00:00:00,2017-11-30 14:19:44
9257ba43d1349df1fe69c0fdcf214056,5d7873ae8c095b4aa1ad87e53a8c28ad,PA,belem,fashion_bags_accessories,69.9,22.99,92.89,delivered,2018-05-07 18:12:54,2018-06-07 00:00:00,2018-05-30 18:24:52
041bceeb0d1b95b5079ffb1ba84a779d,802048ee1cd2b9279ac0b5e88dd7f1f0,BA,salvador,furniture_decor,49.9,17.92,67.82,delivered,2017-08-29 13:03:47,2017-09-25 00:00:00,2017-09-13 18:00:05
28cf0d3a2917f031ecf4715669a2dfad,eeea20d93b0e221411defcabab3c8949,SP,icem,auto,58.9,19.97,78.87,delivered,2018-06-15 07:01:23,2018-07-05 00:00:00,2018-06-21 18:38:29
88341acc29a62edca27bdefc22a97670,ac67e3fa6a28e9d07ab5d9ffc5f677ee,SP,bebedouro,music,329.0,19.55,348.55,delivered,2017-06-28 10:30:03,2017-07-21 00:00:00,2017-07-10 20:02:53
307ddda45d830e2a08ee3892edec5d2a,c411c8b6dbaffd467263f87a23f2cf52,SP,sao paulo,watches_gifts,179.99,8.51,188.5,delivered,2018-01-09 19:14:09,2018-01-26 00:00:00,2018-01-11 22:38:59
2d7fab68acf33daf2ba5fc66a9435377,b9ee98eca43a42742a634f6bb82f10cb,MS,terenos,computers_accessories,62.89,22.37,85.26,delivered,2018-08-10 00:39:14,2018-08-31 00:00:00,2018-08-28 13:47:30
8b23e4dbf00e11a4567e547b27a06715,1fa46490ffc2bdf1c5eb066cec1fcd2a,RJ,nilopolis,telephony,299.0,16.26,315.26,delivered,2017-03-25 13:06:49,2017-04-18 00:00:00,2017-04-04 16:04:27
faa911f9ff46e53aedc9408c5d6a24ad,9fb86d78b0db13b64af3089329149fd5,DF,brasilia,baby,37.39,19.04,56.43,delivered,2018-03-07 16:42:57,2018-04-04 00:00:00,2018-03-18 17:17:03
ba6442763c55ec1e7bd72b1d931b2700,9b9cd2f9b91551197e33c1e9930c35ce,SP,jundiai,garden_tools,62.4,15.88,78.28,delivered,2018-02-24 19:12:02,2018-03-19 00:00:00,2018-03-07 00:42:01
171706c3cdc94b7ab32ba08a0c408b21,1ad84d1ab5998f0c9c3564cec9a4c2d5,MG,uberaba,luggage_accessories,54.54,15.23,69.77,delivered,2018-05-16 09:46:56,2018-05-30 00:00:00,2018-05-21 21:20:45
a55b72ebbf51055b6c5b083edbf8bfa2,da2b78576894a7f95d45bfd20250cc54,SP,sao paulo,garden_tools,39.9,10.96,50.86,delivered,2017-02-15 14:37:36,2017-03-17 00:00:00,2017-02-21 13:43:58
e2210e9067554988ff724209b5b7a474,d5c58b8a7838af61bf0fe7262339ee8a,RS,passo fundo,garden_tools,29.99,15.1,45.089999999999996,delivered,2017-08-14 17:23:48,2017-09-15 00:00:00,2017-08-28 18:34:23
61f92d1f21e1f4687f3f6c88ca36fdec,0aa6a7b8c8ea95a92b4949865a66c25d,DF,brasilia,small_appliances,129.0,57.57,186.57,delivered,2017-05-18 22:31:09,2017-06-13 00:00:00,2017-05-29 14:59:41
42ae5f07337ca05cc783cbf53a52e1b5,d57aa7c889167a4a1f47b28bed31c3ce,SP,sao paulo,health_beauty,590.0,19.23,609.23,delivered,2018-07-30 11:40:50,2018-08-08 00:00:00,2018-08-03 20:32:23
d7db77bb8d097d3b1a23cb84d12f4c63,02844e55117602121bb79fe70a59522a,SP,aruja,small_appliances,547.9,23.08,570.98,delivered,2017-06-05 21:49:14,2017-07-05 00:00:00,2017-06-12 15:47:41
12d34cd89b0be0896cfecdbd41f5e952,e7e84072c5730f21d38aea4e37d531f0,RS,rio grande,toys,20.0,17.92,37.92,delivered,2017-08-03 09:38:50,2017-08-31 00:00:00,2017-08-22 19:11:00
6150df8ab9ea72d5c3eff1c320ae43a8,74f41fd315f7631869422aaa5e95ac0d,RS,sao marcos,sports_leisure,21.0,18.23,39.230000000000004,delivered,2018-05-14 10:26:57,2018-06-08 00:00:00,2018-05-21 18:26:39
3d177fa8a164dd0cb060f3051dc4ae8f,99f1bb5c77e0fd15dba3b99bf70042b2,SP,sao paulo,furniture_decor,44.99,20.57,65.56,delivered,2018-05-09 19:30:35,2018-06-01 00:00:00,2018-05-18 21:18:24
2ab10ab526351fd3b05219e9eb4f7d9f,49941292df701801332f51cd0a3ef38f,SP,bauru,perfumery,349.97,16.76,366.73,delivered,2018-06-13 22:17:25,2018-07-03 00:00:00,2018-06-20 17:58:42
803d9be249d7c523418ceffa07d99724,06c2538cfac1de544f46529bc1a1c4b2,RJ,niteroi,health_beauty,69.9,8.82,78.72,delivered,2018-06-11 11:06:25,2018-07-04 00:00:00,2018-06-19 13:44:34
d6a8bacde476ece5a181362e3eb2aa44,a10d0833b21b909913140de0a5575f95,ES,sao mateus,musical_instruments,799.9,39.14,839.04,delivered,2018-03-26 20:56:47,2018-04-23 00:00:00,2018-04-16 20:11:28
2430b57b60423269e56d188b55d8eec7,094fcfe0ec6573b6f2d4146dabaf8d1a,DF,brasilia,computers_accessories,103.9,15.49,119.39,delivered,2017-11-13 10:30:23,2017-12-04 00:00:00,2017-11-22 20:24:43
49ccb99fe3aaec6e4926dfd025cd9d0f,598221362d43e0a700df724cd0575bda,PA,tailandia,computers_accessories,99.0,25.97,124.97,delivered,2017-10-17 11:24:51,2017-11-29 00:00:00,2017-11-08 19:41:06
df90edc2d012375fadf5be70b1b6ddc9,98b8b3b43d4b4254e248df642fdf96e2,SP,praia grande,bed_bath_table,31.9,12.69,44.589999999999996,delivered,2017-07-21 04:53:51,2017-08-10 00:00:00,2017-07-31 18:35:42
92e9fd4b71a068595476e2490bb24acd,9494fe7710d02509b323226ebc5b12df,DF,brasilia,audio,76.89,9.1,85.99,delivered,2017-10-31 19:27:25,2017-11-08 00:00:00,2017-11-03 23:49:51
b33710c706a29d2ee76bc234d77edd84,1c9335489ef62337129fd9f5023e7c32,MG,vespasiano,bed_bath_table,129.0,41.19,170.19,delivered,2018-06-16 19:31:46,2018-07-19 00:00:00,2018-06-25 21:42:26
8726f6a81f4ae5a390e7e638a31e9a21,1570fd02cc445d9818f908de84103127,SP,sao paulo,computers_accessories,17.99,7.39,25.38,delivered,2018-06-03 00:37:51,2018-06-28 00:00:00,2018-06-26 21:35:36
074eec999695249a1f80e3c7ea1aab01,88f83892541b895d8658b38689854ee9,SP,sao paulo,sports_leisure,167.68,14.92,182.6,delivered,2018-03-05 10:51:11,2018-03-22 00:00:00,2018-03-29 21:14:41
8870e37cd5b4a6ff4b0b3c2a02e471ae,e7d283bd1728ef3ef02d3d1b8b2c018c,SP,suzano,housewares,98.0,13.13,111.13,delivered,2018-05-27 17:54:11,2018-06-28 00:00:00,2018-06-06 22:52:25
6ac7e852b9acd63429f9b6ac61ae165a,1600d3c2e067a36e34255f8457ed2eab,PI,teresina,audio,14.9,22.85,37.75,delivered,2018-07-24 10:56:43,2018-08-10 00:00:00,2018-08-09 10:12:33
d8d0471bb378cd618edd30efbc110325,537702fb1e07268eaabb73d88a90e2fd,MG,coronel fabriciano,luggage_accessories,160.33,17.56,177.89000000000001,delivered,2017-05-31 17:52:56,2017-06-27 00:00:00,2017-06-14 15:15:03
e8e92186741794a0da48d868267ce635,5c350dd129b03161dfb674d4485f1bfb,PA,tucuma,housewares,183.7,97.16,280.86,delivered,2018-06-24 21:23:07,2018-08-28 00:00:00,2018-08-09 12:29:39
d9d2ea110b9794283aa5100ac9ec718e,bcdd861afc9de5f6ed2cd79055522336,RS,cachoeirinha,health_beauty,84.99,20.08,105.07,delivered,2017-12-13 19:14:55,2018-01-16 00:00:00,2017-12-28 21:43:07
4cf18bf9d25331902ba212fa69a7a01d,719b758d12e3c1f243c66bf47b488be1,SP,sao paulo,stationery,89.0,14.44,103.44,delivered,2018-01-13 10:56:36,2018-02-14 00:00:00,2018-01-22 20:22:09
a55bc0ec4a744ea57652f24a183894dd,c819265975d9eb88de79df8b9a5177dd,MG,divinopolis,furniture_decor,60.0,16.18,76.18,delivered,2018-02-28 19:25:17,2018-03-20 00:00:00,2018-03-10 18:03:01
2ec795cf2d2eb7925def2e207f6f648c,c8906d494e8e9426dcd48710c8319bed,RJ,rio de janeiro,computers_accessories,89.0,15.38,104.38,delivered,2018-02-04 18:28:57,2018-03-01 00:00:00,2018-02-16 17:12:20
e163e5d0bd1d8d33300401819c279e06,482b517bebe057b7151e0504eb467424,RS,rolante,furniture_decor,250.0,54.35,304.35,delivered,2017-09-24 20:00:32,2017-10-27 00:00:00,2017-10-09 20:36:58
e33e63d3e6227661a115f625ae2af65a,9711bc80b0ba9573419c5113755c1029,BA,salvador,baby,169.9,33.99,203.89000000000001,delivered,2018-03-13 07:51:55,2018-04-27 00:00:00,2018-03-29 21:18:30
185f3c88eb92d5b40f579ab414bcad89,fe621515cb589be0dcd19aa57e6ef0fe,SP,sao paulo,bed_bath_table,56.99,12.74,69.73,delivered,2018-02-10 12:17:16,2018-03-06 00:00:00,2018-02-23 22:19:19
1dd1d53c1ea5df0ef093bf150807315f,2108073aab31d087b1043c32fd9fdc47,SP,taubate,health_beauty,69.9,17.63,87.53,delivered,2016-10-07 10:44:21,2016-12-01 00:00:00,2016-10-31 12:13:44
5ee63c8c9ae2e5c38791b35932cf4c69,83aca63b2193ea126b287f3ae61528d9,SC,gaspar,office_furniture,124.99,15.62,140.60999999999999,delivered,2017-05-09 11:30:18,2017-06-06 00:00:00,2017-05-29 08:13:56
fcfafe875071744d2798813304dd6076,b9c3dc12001699a88211928c941c0af6,PR,londrina,watches_gifts,208.9,18.71,227.61,delivered,2017-05-15 10:17:58,2017-06-02 00:00:00,2017-05-22 10:22:41
660ad30c11df22cad81d8a3b30af6cee,03e8a26864627ee0c7fb470b46cbaee7,SP,campinas,sports_leisure,24.99,7.78,32.769999999999996,delivered,2017-10-10 12:38:30,2017-10-23 00:00:00,2017-10-13 21:21:35
5a122a24e535e617fb813c0123ab0783,e11b882483e035333b9983db6fcfb4a8,SP,aracatuba,watches_gifts,158.0,15.86,173.86,delivered,2017-05-25 18:54:03,2017-06-19 00:00:00,2017-05-31 14:33:54
08432abcf785878edf1221a0611960ea,c29fa3544a4e3c96964055e4c1a45138,RS,porto alegre,sports_leisure,29.99,17.19,47.18,delivered,2017-01-26 20:37:39,2017-02-24 00:00:00,2017-02-08 14:38:50
5b139baf2eee4dee89f9d990dcc4636c,0fe65f1865925542754cce1d1cc65005,RS,santa maria,sports_leisure,45.0,16.11,61.11,delivered,2018-02-26 17:58:04,2018-03-26 00:00:00,2018-03-14 20:41:57
e80e2d3130b41e2f2771f7b558432ac9,775e9baeb34289550348cccdfdd1ee73,PR,curitiba,health_beauty,157.5,17.54,175.04,delivered,2018-02-08 18:36:58,2018-03-09 00:00:00,2018-03-13 16:42:54
23fbdff7118cf3f2b0f4eb5b74f6ee2f,1b97712774ab5a249ad8561a37df77f5,RJ,volta redonda,bed_bath_table,39.0,15.1,54.1,delivered,2018-02-21 19:25:41,2018-03-16 00:00:00,2018-04-21 19:04:28
2a1c6a5612d7f6ef30ac8905ab262074,78c5ef12b24a8ab09f8b4c1e478d15b4,SP,pedranopolis,auto,59.9,14.51,74.41,delivered,2018-05-17 16:47:12,2018-06-04 00:00:00,2018-05-25 16:43:46
72720cd963d6632b6d378ca9baca8963,e84816f3b4a3b7a82041c8f43845b097,DF,brasilia,toys,49.0,19.32,68.32,delivered,2018-05-01 22:06:07,2018-05-28 00:00:00,2018-05-09 23:55:59
e701302a71c93540976fdf3ce3a149bd,1c78cc523e89a9c1d0beef9598566562,RJ,niteroi,housewares,49.99,15.45,65.44,delivered,2018-08-01 21:35:51,2018-08-29 00:00:00,2018-08-06 16:39:01
f8414758c289a9ae51a5bf937b4f100a,f483ce4e87afdc082b44a89f6eb0fefe,SP,ferraz de vasconcelos,auto,70.0,15.59,85.59,shipped,2018-06-12 15:00:23,2018-07-04 00:00:00,
3b392a9a8d9765f668c57eee0f0ae054,f33b8824f140e2f21e2a340a4552c862,SP,sao paulo,fashion_bags_accessories,69.0,7.78,76.78,delivered,2017-12-19 21:30:51,2018-01-08 00:00:00,2017-12-22 15:33:49
fd5927a8b0df47e0c144562b54b228f2,6d83178dbb3c2055c67310a37bb9b270,SP,sorocaba,sports_leisure,21.6,7.41,29.01,delivered,2018-07-31 11:11:12,2018-08-13 00:00:00,2018-08-03 12:46:53
0d8431891873947fe9dc5b7e980cbf39,919a5735843c4d0d333eb42c5339f55b,SP,guarulhos,health_beauty,25.0,7.44,32.44,delivered,2018-06-30 08:43:41,2018-07-16 00:00:00,2018-07-04 17:10:38
e32090de3a5936c84fa211a2b22342ad,73fdbe192da1e67647039e4550f75683,PE,recife,sports_leisure,104.9,18.01,122.91000000000001,delivered,2017-09-03 22:31:16,2017-09-28 00:00:00,2017-09-17 16:06:22
635391aa82227068b492ef6290fa4354,5dc68df09aee9044ff6026955ae7d990,MG,barao de cocais,stationery,59.0,17.66,76.66,delivered,2018-01-20 12:09:32,2018-02-21 00:00:00,2018-01-30 17:14:44
5571222bcd19928723500fbf1d62c819,17d8f44ee9ec12b7d8a22ccfbfd647c4,SP,sao paulo,watches_gifts,99.0,9.06,108.06,delivered,2017-03-27 16:20:43,2017-04-17 00:00:00,2017-03-31 08:32:05
cffb339aa5f4745347d75d9999771453,fc9fa1a38d9aa0666a09bc02cb28fb8e,SP,marilia,musical_instruments,278.77,13.34,292.10999999999996,delivered,2017-04-19 17:38:38,2017-05-09 00:00:00,2017-05-05 16:13:32
3d6002f122e72a5d6e07d4c54e79e3a4,d3359a56d96666ac0c21bb01e7a61c95,SP,sao paulo,fashio_female_clothing,29.99,8.64,38.629999999999995,delivered,2018-03-21 18:59:56,2018-04-03 00:00:00,2018-03-23 14:53:28
a219a9f28e900359410d7cb6329cdf39,f9e494e1e853b1ae259da70c7aaa317b,BA,camacari,housewares,59.0,34.94,93.94,delivered,2018-05-06 23:39:58,2018-06-05 00:00:00,2018-05-24 22:32:10
e2047aaabab2869c1080a51c3e6b64ce,a4238bd7610115c6ba248432a104766a,MG,aguas vermelhas,bed_bath_table,119.9,1.7,121.60000000000001,delivered,2018-06-09 14:49:17,2018-07-11 00:00:00,2018-06-19 18:05:26
419aa3b89330662c6c903d25b3be8619,82cd8a647fc34614fde430b3285b913e,MG,muriae,home_appliances_2,2070.0,40.57,2110.57,delivered,2018-04-11 10:47:52,2018-05-02 00:00:00,2018-04-19 22:22:24
92b4d74d8984ddfd468fba03281fec49,d26d2fc438ec98cf77465c211a4f843b,PE,recife,baby,449.0,127.51,576.51,delivered,2018-04-16 11:52:47,2018-05-14 00:00:00,2018-05-03 21:49:52
1a246d78fa3f7c563a0b27ea0b1639bc,6fee629ee4d4173c57b299647856f266,PI,teresina,stationery,62.9,27.72,90.62,delivered,2018-07-25 18:23:07,2018-08-14 00:00:00,2018-08-08 19:24:51
afef174bb9c07aa8185c78d1dbecd29c,d510f10b6be725172fc339fbea613709,BA,salvador,auto,429.9,29.74,459.64,delivered,2018-03-29 13:09:05,2018-04-23 00:00:00,2018-05-01 00:08:30
052b7ade468bbc426187ed75fbc1fb3b,14e7273c0d9ae09ddca90384ab4a28e2,MG,belo horizonte,computers_accessories,140.99,9.72,150.71,delivered,2018-04-03 11:05:02,2018-04-17 00:00:00,2018-04-10 21:21:57
4a855a494e08248858074dddad7f5b6a,c3a1da41b850eb83975a058a8184f264,SP,sao paulo,bed_bath_table,89.9,18.91,108.81,delivered,2017-05-04 14:58:42,2017-05-29 00:00:00,2017-05-25 10:03:19
69bec49dcedcbf07e8333244796dd70a,30dfe1a7cf380d520bc9b3ff88692b7e,RJ,rio de janeiro,auto,19.0,18.23,37.230000000000004,delivered,2018-05-22 22:16:29,2018-06-25 00:00:00,2018-06-07 16:54:20
21be7b54dbb2dffade63645014982524,424adf7fb8aa12c60a29a76787d9a60d,MG,araxa,furniture_decor,74.9,15.27,90.17,delivered,2018-01-17 23:37:12,2018-02-09 00:00:00,2018-01-27 09:42:35
bae1ccf3fe7baf222a4240bab9c095ca,780af3a1af374a3ec871313e4bbf7acf,MG,mariana,consoles_games,24.9,15.1,40.0,delivered,2018-01-12 14:05:41,2018-02-09 00:00:00,2018-01-22 21:33:50
7e746592e95b3026beaecc92855b04b1,330fdaa06f93c0c6ffb4af7d79c1ef12,SP,campinas,housewares,43.56,17.6,61.160000000000004,delivered,2017-08-28 20:15:12,2017-09-19 00:00:00,2017-09-05 19:12:38
55ab9db2aba357eaf4c98300f85b2189,097922f64914c7cde32a46a54e299428,RS,canoas,computers_accessories,248.99,15.49,264.48,delivered,2017-09-19 00:04:15,2017-10-16 00:00:00,2017-10-05 21:26:08
3c26cf501fd4bd60950753e8e1495ba9,17cb19c8526583b203e7a3a6c828d3aa,PE,recife,health_beauty,60.0,34.22,94.22,delivered,2017-05-30 19:12:37,2017-06-30 00:00:00,2017-06-13 16:37:55
0435404d45d367d6da14e7628c40a041,dc1dac999319e4de0009df7ad0d02104,SP,varzea paulista,fashion_bags_accessories,69.9,15.24,85.14,delivered,2017-05-24 21:43:53,2017-06-16 00:00:00,2017-06-01 10:21:55
40596a0f1a0f7334d7ced24f901fbf46,86564b6b0ff7a5f68904368f4ec84f2a,SP,sao paulo,watches_gifts,49.0,7.78,56.78,delivered,2017-07-12 20:20:24,2017-07-25 00:00:00,2017-07-20 15:33:36
0cda3f4a118f3654ee4e487e867fa036,407dd82599ee3d552a284beb5ecff0ad,RS,porto alegre,stationery,89.0,17.87,106.87,delivered,2017-08-09 18:44:36,2017-09-04 00:00:00,2017-08-17 12:18:45
c205abf27ff07fddd3fa9a67037138e5,352edc42ddf92161e32abb07872de623,RJ,nova friburgo,agro_industry_and_commerce,2199.0,116.83,2315.83,delivered,2017-12-22 13:43:54,2018-01-22 00:00:00,2018-01-10 20:32:48
fb8e4428d340ab5bfa482ef6fc97efbc,f25f06e6fe07270ef5d0e88f19f178d0,SP,sao paulo,watches_gifts,169.9,12.69,182.59,delivered,2017-09-03 08:23:32,2017-09-21 00:00:00,2017-09-06 21:43:33
4a661ab7f8cc33b9cb79df5c0b912a73,722354f0d052865ffa36138812e7e57e,MG,belo horizonte,sports_leisure,99.0,16.66,115.66,shipped,2018-03-22 14:36:28,2018-04-10 00:00:00,
2ac259040ff5632c80a28851fb876996,a16656b34f59e202ef32dfc53b947847,SE,itabaiana,garden_tools,49.9,37.9,87.8,delivered,2017-12-27 17:38:26,2018-02-01 00:00:00,2018-01-11 20:06:21
d46dac528dbfb09fdfc6a62c82d18694,9f47d1faa823b516aa62727aef6c1158,MG,betim,health_beauty,79.0,16.74,95.74,delivered,2018-07-04 12:27:07,2018-07-25 00:00:00,2018-07-10 21:23:38
596761153565279406f3f9ee6ee947e2,258710aba24419c870194541184aa6a7,MG,joao monlevade,garden_tools,179.0,27.49,206.49,delivered,2018-03-24 07:27:11,2018-04-13 00:00:00,2018-04-02 22:23:05
e387acf12982c1b307ea89d69c292345,7cdbe3c9809328e8ecf8264fb63356da,MG,visconde do rio branco,bed_bath_table,49.9,25.63,75.53,delivered,2017-06-03 12:37:02,2017-07-04 00:00:00,2017-06-19 18:37:49
0435e97505a412ee97a24d62beb81cf0,b6fee1c78cf3fc61efeb49225981c593,RS,lajeado,home_construction,225.0,20.72,245.72,delivered,2018-05-17 18:35:23,2018-06-12 00:00:00,2018-06-08 19:06:40
df56e27fb87ba6d4beb70719ffdd707b,7263bdaf8bd8ca9e023f521f8ae50970,SE,aracaju,home_construction,74.0,20.97,94.97,delivered,2017-03-13 08:43:10,2017-04-11 00:00:00,2017-04-05 14:23:59
2aceefa8498a058bac3f46c6336e744c,8375c295d4db72bc773ffefc8b4866b3,SP,sao paulo,baby,29.9,14.1,44.0,delivered,2017-05-13 20:02:53,2017-06-02 00:00:00,2017-05-19 07:53:04
393e604943de623d0c4d474259214378,72980b214d7d3fa1c25c638fc40919e5,PA,capanema,sports_leisure,21.9,25.63,47.53,shipped,2018-02-23 13:07:38,2018-04-03 00:00:00,
9ec0d9c2347fc20153ba3d827f2be2be,c35716befca4818c7b68a67eb22b6dee,SP,diadema,housewares,76.0,19.78,95.78,delivered,2017-12-07 22:36:10,2018-01-03 00:00:00,2017-12-13 19:27:28
4de2ebda8d694076106f0a5a3ebaab1b,0413683c053b2edd42a02b0dda010fe1,SP,sao paulo,garden_tools,89.99,45.09,135.07999999999998,delivered,2017-11-30 08:33:11,2017-12-28 00:00:00,2017-12-11 11:51:37
6319539d7990a9ba049730057b2612de,85f3facff98f4dea43b15629933ca91d,PR,curitiba,bed_bath_table,205.0,22.27,227.27,delivered,2017-07-22 18:14:01,2017-08-17 00:00:00,2017-07-29 15:03:19
2511cdf205337513507a1863f0098d39,d8f3c4f441a9b59a29f977df16724f38,SP,sao bernardo do campo,furniture_decor,24.9,10.96,35.86,delivered,2017-01-18 21:08:18,2017-02-28 00:00:00,2017-01-26 21:57:38
f1a0e55a47be518c4c52510abb60bf22,014f7e8caea3379aa3d30558424ca54f,SP,sao paulo,fashion_bags_accessories,37.9,9.02,46.92,delivered,2018-06-25 15:10:03,2018-07-05 00:00:00,2018-06-27 17:22:00
83359e7a49758eeed73d55e437b87341,860251114960c25499acca49949b1f12,RJ,niteroi,industry_commerce_and_business,75.0,21.37,96.37,delivered,2018-02-28 22:32:00,2018-03-20 00:00:00,2018-04-23 19:12:42
2e8a8d29b0f567fe40d69ed8342959e9,a6613158ea14aa56bfa17e0d5181a735,SP,jundiai,bed_bath_table,89.9,11.24,101.14,delivered,2017-04-04 12:52:36,2017-04-26 00:00:00,2017-04-12 13:34:42
e9280658289b5c5215dcc3b7183c0541,7585fac6723f6d9fd6ad21c70ceadb70,RJ,rio de janeiro,electronics,18.9,16.79,35.69,delivered,2017-10-24 09:13:05,2017-11-16 00:00:00,2017-11-03 20:23:02
6fcbcb1f955446e907a02e03b1808d25,c08a1a1b4aae4ec2e11ac593bf7a65df,RS,novo hamburgo,luggage_accessories,189.9,21.84,211.74,delivered,2018-04-29 22:31:37,2018-05-25 00:00:00,2018-05-03 15:03:29
df14bdc601f10bff4d2757a9710be81f,279f3f41a674c28bd50f61f8b3c20c8b,SP,sao paulo,computers_accessories,29.99,7.39,37.379999999999995,delivered,2018-05-11 13:35:46,2018-05-21 00:00:00,2018-05-14 16:32:57
c3fb8e13cb37ff21273a1d90ebcf0896,73d3884f3b6a73d8284a92783cb0f674,SP,sao paulo,electronics,26.9,8.88,35.78,delivered,2018-05-21 19:51:24,2018-05-29 00:00:00,2018-05-29 15:23:25
1b15974a0141d54e36626dca3fdc731a,c402f431464c72e27330a67f7b94d4fb,SP,sao paulo,computers_accessories,100.0,10.12,110.12,delivered,2018-02-22 15:30:41,2018-03-08 00:00:00,2018-03-05 15:22:27
d3ac7f284f550007e269b7d526bebd53,7058c13a5a286283c1053c204c243199,AP,santana,watches_gifts,99.9,0.0,99.9,delivered,2018-05-08 08:13:01,2018-06-25 00:00:00,2018-05-29 15:27:50
0e849e380bc578c72e6e7273210c74af,7d42b50292256bcfc7943186e4536013,RJ,volta redonda,costruction_tools_garden,589.9,38.75,628.65,delivered,2017-04-29 21:13:50,2017-06-13 00:00:00,2017-05-23 12:13:36
ca6bd54a877cb432b4fb96afe8f6edff,cb514ab3f0b2a8b0492c1f5c126ff614,SP,sao paulo,furniture_decor,59.9,27.61,87.50999999999999,delivered,2017-02-08 23:56:06,2017-03-08 00:00:00,2017-02-15 08:34:32
e0f04a1acc50a7daf0cbb0654d438725,ece2d1f9123aa4fc92447860d1955ff6,MG,cambui,toys,118.9,21.32,140.22,delivered,2017-08-30 18:37:23,2017-09-21 00:00:00,2017-09-11 22:18:45
a2d8aaf39efc96fe140eda3e8f2e337e,28ece7b2c1174e87393832aa7f64b475,SP,pompeia,construction_tools_construction,37.9,11.85,49.75,delivered,2018-03-01 16:43:57,2018-03-20 00:00:00,2018-03-17 10:08:29
52b1ffde0cd06a4b61dc1229bcf87827,5b7716e8aa1c87067f1469f336eefebf,DF,brasilia,bed_bath_table,49.95,18.45,68.4,delivered,2018-07-14 18:12:20,2018-08-03 00:00:00,2018-07-27 19:05:33
628c545b23b29ba5b8c94769cbbc6ed2,bd0262ae41696f8c658a360238285ede,PR,almirante tamandare,sports_leisure,34.99,12.96,47.95,delivered,2018-04-25 21:07:17,2018-05-04 00:00:00,2018-04-27 14:22:49
014f1e63f9bd4f5578edcf4e5c305a0a,95abd88649da5a5d03837dc62e6b2091,MG,lagoa santa,computers_accessories,129.9,18.34,148.24,delivered,2017-04-09 20:17:53,2017-05-10 00:00:00,2017-04-17 09:59:47
8f36df2bc6e5ad22c4b9a86b42da5cd6,2b02fbae01181dfb18934ebfea46a89e,SP,taboao da serra,sports_leisure,152.0,11.69,163.69,delivered,2018-06-03 21:23:53,2018-06-28 00:00:00,2018-06-06 17:58:46
52d20325fb774c95fce2a21dd831fc67,692c825d8b637fe3944f7d631257b2d5,SP,guarulhos,furniture_decor,79.5,13.11,92.61,delivered,2017-11-25 13:20:07,2017-12-11 00:00:00,2017-12-01 13:18:22
bc7ea7bd7ca4a182ca5306633dd96152,a5d931bbaafdee2e1fd7353cf0c31f05,SP,cruzalia,furniture_decor,145.6,19.1,164.7,delivered,2018-04-02 22:05:00,2018-04-18 00:00:00,2018-04-10 21:12:23
74392b22a4cf55ce851b04ca127f6ca6,a63a604179f2fecfdb7bc4a23ea78e37,RJ,miguel pereira,housewares,6.0,15.1,21.1,delivered,2017-08-06 11:51:24,2017-08-29 00:00:00,2017-08-22 11:15:57
581485f89782bb075ada5368b8c8e74f,7c6e2c0b1b4f458a3000791dca180f20,MG,belo horizonte,electronics,13.65,14.1,27.75,delivered,2017-12-07 13:29:45,2018-01-02 00:00:00,2017-12-19 15:18:02
884b1394fc8888e6a877df86eb19e74c,a0f1a379d9aa6e79e14fc5ee5fcac940,SP,carapicuiba,health_beauty,47.65,7.39,55.04,delivered,2018-03-19 21:50:14,2018-03-29 00:00:00,2018-03-29 17:32:05
dcafc8a38571b2f390004e0d85867df8,ab2439e59a1c21e89526de98266a7216,SP,sao paulo,housewares,690.0,20.13,710.13,delivered,2018-08-15 14:45:24,2018-08-20 00:00:00,2018-08-18 17:48:36
9d817e85739426de1efcd842ee59cbd1,188b4725e34369a393ae43a6f7703876,RJ,nilopolis,furniture_living_room,177.99,207.78,385.77,delivered,2018-05-15 00:08:11,2018-06-21 00:00:00,2018-05-22 17:52:56
a3f157a067efbb72090189af1f7b78b4,ebfd11f20986b88de98c61d9609c569f,BA,abrantes,computers_accessories,139.0,61.35,200.35,delivered,2018-03-26 18:37:44,2018-04-18 00:00:00,2018-04-11 16:48:52
6b8716747545c11cd3b8592520389749,f7c78a55091299e2556218e647c2bb73,SP,barueri,unknown,49.77,7.78,57.550000000000004,delivered,2018-02-08 13:25:21,2018-02-26 00:00:00,2018-02-15 12:06:38
02875e2e1d01d7a1533215fb97510b06,3170ebd8b32a5e2102c9d75e0a7f6d74,SP,sao paulo,stationery,199.0,8.65,207.65,delivered,2017-08-25 11:16:05,2017-09-08 00:00:00,2017-08-30 14:04:26
6c240e91c9702ad9f9837dc329aaf475,c8c875efc4190e4d9600407ab1af59d1,SP,sao paulo,sports_leisure,99.9,13.25,113.15,delivered,2018-02-17 19:08:27,2018-03-06 00:00:00,2018-02-26 21:43:39
80125daa0fddb9545d564a48f4f8caea,647349cc5193bddcb5ec7ab1608eb46a,SC,joinville,telephony,24.9,15.1,40.0,delivered,2017-10-13 11:10:13,2017-11-06 00:00:00,2017-10-26 15:24:40
69ecf8a73bd1de33c57b060448315a92,acc76f10b4920de6ce1a136ee88c417e,SP,sao paulo,bed_bath_table,45.9,9.34,55.239999999999995,delivered,2018-01-08 18:03:33,2018-01-24 00:00:00,2018-01-16 19:42:01
5e0238f4a57ea0c2a69aad35627b57f0,b87b59346384aa3caf4082b06868c96d,SP,sao paulo,baby,26.1,8.29,34.39,delivered,2018-06-08 00:37:44,2018-06-26 00:00:00,2018-06-11 20:22:46
59ad806bb1a82c19e0feadc488939a89,0f0227e24eab6bcac35236fbeca84b8c,SP,santos,furniture_living_room,46.99,17.97,64.96000000000001,delivered,2017-11-25 12:06:48,2017-12-19 00:00:00,2017-12-11 19:58:55
0af2dfad3d581894c3b6e266461802c3,e334cd61ef661e8433a447ce67e5c40e,SP,osasco,art,79.99,11.89,91.88,delivered,2018-04-18 22:54:30,2018-05-07 00:00:00,2018-04-23 21:08:46
4dd077c76e72e73742c4af14ebfbd4d1,d15efa6fcfd5909767d5c9de1608af29,SP,sao paulo,small_appliances,109.0,42.62,151.62,delivered,2018-06-07 08:57:05,2018-07-13 00:00:00,2018-06-15 00:22:21
16ba2d5722aa786a11b9da9de0d31a32,38eb70a866b9fdaa393d4671b48380af,RJ,rio das ostras,stationery,99.0,17.94,116.94,delivered,2018-01-23 19:44:13,2018-02-22 00:00:00,2018-02-06 19:03:11
c776b1fbd42cf8f17dc6d29515fb3955,d402eb7f3e879b3e39063d9aff318d75,RJ,niteroi,food_drink,37.5,17.6,55.1,delivered,2017-06-11 12:19:22,2017-07-05 00:00:00,2017-06-22 17:42:24
714b93bc4ed81c32fbf579f30619f3eb,a7a0f4f2b101a999f584d93cef692b2f,SP,sao paulo,housewares,1149.0,34.36,1183.36,delivered,2018-02-07 22:43:12,2018-03-06 00:00:00,2018-02-19 15:45:19
18c3c1366ee83a4162a2eefe7bb66f23,5ab9abfb98d886a5e80710ea88e4d520,GO,goiania,furniture_decor,69.9,20.06,89.96000000000001,delivered,2018-03-21 21:42:56,2018-04-11 00:00:00,2018-04-03 20:06:32
7f745edf993f5b792d9d64d92762af66,1a90ece0de50bc600c1cd0b1270af356,BA,ipupiara,costruction_tools_garden,495.0,30.85,525.85,delivered,2017-11-26 20:19:52,2018-01-02 00:00:00,2017-12-20 17:52:06
d5e518a80ee8f7f4805db87cc532af02,ffbb8dfaa0e54649d8690b85a3ef890d,MG,belo horizonte,housewares,16.99,12.48,29.47,delivered,2017-06-19 10:56:12,2017-07-07 00:00:00,2017-06-26 15:39:42
860a32f547d59f2dfaf1bc22cd68d972,f59c257b4e1c07eaba8ac8b150f6a62b,MS,ivinhema,bed_bath_table,13.9,16.05,29.950000000000003,delivered,2017-04-26 09:36:00,2017-06-02 00:00:00,2017-05-16 09:06:53
39e8d5883eb12c66b1d2bb1799810d05,93ae88cf69a9eee3b3c3ff151ef5398b,MG,itabira,telephony,21.9,15.1,37.0,delivered,2017-05-21 10:55:29,2017-06-13 00:00:00,2017-06-01 12:48:02
3cda6f52ca254406b2c0ce1ae433a481,1b0dc0357a39353be33366b9488ebafe,SP,sorocaba,luggage_accessories,71.99,9.09,81.08,delivered,2018-02-13 16:01:28,2018-03-01 00:00:00,2018-02-19 20:20:44
a7a4d5215a044ac4b7d95b57df797769,37c14167fa00bb13d2d3aed623afd421,SP,sao bernardo do campo,furniture_decor,199.99,37.49,237.48000000000002,delivered,2017-06-20 09:56:30,2017-07-03 00:00:00,2017-06-22 10:35:01
2a103014bffb0e98ec7019d0c7856548,ebb955e22b93cfdf7648643ce5d5ab02,RJ,campos dos goytacazes,computers_accessories,76.9,16.98,93.88000000000001,delivered,2018-02-07 16:44:35,2018-03-15 00:00:00,2018-03-22 17:08:28
b0c2fc04c1c8fbb03073c15316fa9242,891fda05c6f2315887eb933b15c4cde2,SP,sao paulo,toys,42.99,7.78,50.77,delivered,2017-07-02 05:29:33,2017-07-14 00:00:00,2017-07-05 11:17:48
4f3e282da4819759c89437af78a30d05,12c61dcdc3525741dc580ba7b2cecc9d,RJ,volta redonda,books_general_interest,44.9,16.11,61.01,delivered,2018-01-17 21:05:39,2018-02-14 00:00:00,2018-01-24 20:52:06
8b8e2225e5e318a19d2d7a375b56350d,bf2c35539497c392f320df26a91a2bd6,ES,serra,housewares,179.0,104.8,283.8,delivered,2018-06-11 14:08:43,2018-07-13 00:00:00,2018-06-23 15:05:40
aabe36f3706e352ac62dcb1caa6d9d79,d6713c8d9ad1314417fa68d23128ebad,SP,sao paulo,sports_leisure,45.0,15.1,60.1,delivered,2018-02-07 20:53:32,2018-03-08 00:00:00,2018-02-19 18:26:04
f03980d2c3fd228857ee4af323e301a1,1c7044d0fede242ad1c05d11c61266cc,PR,marechal candido rondon,watches_gifts,168.85,13.31,182.16,processing,2017-11-27 13:26:43,2017-12-15 00:00:00,
c8552e53c39ddd0a833f474899d5a966,c934fab4932181463850ca7b164f1d81,MG,belo horizonte,computers_accessories,154.89,10.5,165.39,delivered,2017-10-19 17:13:20,2017-11-10 00:00:00,2017-10-26 22:22:35
9369e6a8348c5db62ce50008dfc39244,932c791305bfbb60f2ca6f11202fb48d,BA,salvador,stationery,78.45,19.95,98.4,delivered,2018-05-04 03:40:39,2018-06-21 00:00:00,2018-05-14 20:36:54
6d0f82a01588821c295aabc53d05a552,c1d4212048a7a0a863a46e37ada2b32f,MT,itanhanga,bed_bath_table,69.99,18.06,88.05,delivered,2017-05-22 14:07:45,2017-06-26 00:00:00,2017-06-16 08:07:47
2852b90d074ef46f6bf2f700a06ae7e6,23007cd60dbe169d8bcd7be94cc6f123,PE,olinda,sports_leisure,65.0,17.73,82.73,delivered,2017-11-07 21:05:46,2017-12-05 00:00:00,2017-11-21 23:02:39
c0e1586eda89047d683b2bc7d902037c,3341514b8049f4a268e4188fb0211d34,SP,sao paulo,watches_gifts,29.0,7.78,36.78,delivered,2017-12-12 23:35:51,2017-12-29 00:00:00,2017-12-18 21:18:56
1aaeb5badaa812e15594d2c5d04e474a,79afc62338398d8dcde1ce6bde597dd6,SP,taubate,health_beauty,65.0,11.06,76.06,delivered,2017-04-21 14:48:58,2017-05-11 00:00:00,2017-05-03 15:12:18
4b2da52cca31e0823f0e16772996137a,2b72423103210c6cb7d308c4e848caf4,SP,cotia,cool_stuff,129.99,12.11,142.10000000000002,delivered,2017-11-13 09:44:58,2017-11-27 00:00:00,2017-11-20 19:29:14
b03b6e2a421f511cd9f94627ba9910ed,0aa2138f6454dd54a78537eb8dcd6ee6,DF,brasilia,perfumery,385.0,21.23,406.23,delivered,2017-10-20 11:05:57,2017-11-13 00:00:00,2017-10-24 20:25:54
041f09bbcd85d178903f5bb71f11a02e,2dfc1dc2371019435ae8a8f78ca4219d,RN,parnamirim,bed_bath_table,109.9,29.7,139.6,delivered,2017-04-18 11:43:48,2017-05-25 00:00:00,2017-05-07 08:12:25
ef21cb9d3fa728f51493d679143b7834,8a7ca7c42a01da47e01b72adf08354e9,MG,contagem,sports_leisure,94.9,14.39,109.29,delivered,2017-11-25 13:16:54,2017-12-21 00:00:00,2017-11-29 23:03:39
93fe3d332271d38d6974bec644168f57,0dbb5af00b870407d4129d36bacb64db,MG,januaria,garden_tools,99.0,22.83,121.83,delivered,2017-09-30 19:56:40,2017-10-25 00:00:00,2017-10-06 22:36:50
05290ddcf1e8fa2c773e1f37015cc56c,96b0248a8e06ac1cbd7cca0a0d3663ef,MG,uberlandia,housewares,45.0,15.1,60.1,delivered,2018-01-14 20:26:05,2018-02-07 00:00:00,2018-01-25 17:58:36
7580acfb8ff8ddb8e8db732d87a5e5cb,59caf41d8fafee2be6f278b0f2488065,MG,belo horizonte,health_beauty,49.9,14.52,64.42,delivered,2017-03-10 21:46:27,2017-04-04 00:00:00,2017-03-21 16:43:47
f1bc4367547388bec3e4ecf266defc71,dd54dc717fbbcc67d92a15d8b2350249,RJ,niteroi,garden_tools,53.9,22.96,76.86,delivered,2018-03-13 09:39:41,2018-04-03 00:00:00,2018-04-19 17:49:39
2ebedf24a4ee36078226242023978247,31cfe4886266d67b1797af6638875034,BA,salvador,watches_gifts,108.0,19.3,127.3,delivered,2017-12-05 10:40:02,2018-01-03 00:00:00,2018-01-10 22:58:58
fd571ab12e8d263eaf309774eedfcfeb,a2913c14f49022ef2ddfd436dcd5be89,RS,pelotas,bed_bath_table,296.9,11.6,308.5,delivered,2017-08-02 17:13:38,2017-08-28 00:00:00,2017-08-11 18:35:44
cee0d3db23e58081262faf1ee22ded6d,c9d11f3215f225629b72ea8fab4fbb9e,SP,sao jose dos campos,health_beauty,89.99,11.24,101.22999999999999,delivered,2017-03-17 20:34:53,2017-04-07 00:00:00,2017-03-28 13:16:07
ea0ea2ab3f42182e8f428012daf9834b,62776a862c6cabc77dd4ee453a664a28,MG,sao joao batista do gloria,computers_accessories,149.9,39.1,189.0,delivered,2018-06-08 20:05:15,2018-07-16 00:00:00,2018-06-19 14:29:32
8337da5abde9a018a9ab51bf20aee333,0aa64cf7ee29d5313f2987c05e4b09ba,SP,bauru,market_place,184.9,12.79,197.69,delivered,2017-12-18 10:44:33,2018-01-11 00:00:00,2017-12-27 18:59:03
9251da16758bc1fad7142e2c6b9bf4eb,7a05e5b6613bc3bf1952a7aa8542a05b,SP,araras,watches_gifts,165.0,18.4,183.4,delivered,2017-11-29 11:13:29,2017-12-22 00:00:00,2017-12-06 18:58:48
e0f7f2941ad3a817c0cdb8f90b13f0f3,aee04189e16b482698853335ae6ba11f,RJ,rio de janeiro,sports_leisure,39.9,2.83,42.73,delivered,2017-11-23 09:57:47,2017-12-26 00:00:00,2017-12-04 17:58:04
090c0cc3d47ff02fedac32aa0a7cab97,b5f029222bbc62ba62a6bc324be6a721,BA,feira de santana,garden_tools,59.9,19.66,79.56,delivered,2017-11-22 09:17:04,2017-12-15 00:00:00,2017-12-07 16:28:06
e5454c2facaa42d8fcf1a1c5ab585666,9f4d01541a4f4810af5622a067a9b873,MT,canarana,musical_instruments,88.9,27.35,116.25,delivered,2018-03-13 18:49:26,2018-04-10 00:00:00,2018-04-06 17:19:05
5de15a383f870cf7dc2873ca8f7d9f9c,59de4e1345cf717bc1b05757f8ff2c6e,BA,ilheus,auto,39.9,11.95,51.849999999999994,delivered,2018-03-14 17:30:52,2018-04-30 00:00:00,2018-04-18 22:37:44
d09a3206dedbbbf1b638fce8d0a27e85,d6192c4071e1808d3966ddd2dec5f601,RS,pouso novo,luggage_accessories,54.9,26.92,81.82,delivered,2017-06-14 09:44:17,2017-07-17 00:00:00,2017-07-03 07:05:38
fa356dd17c7288d555da28bc4c43d269,d434f0501c5bfbf21a5542885936f711,SP,sao paulo,consoles_games,19.9,19.46,39.36,delivered,2017-08-27 14:11:40,2017-09-14 00:00:00,2017-08-30 17:42:33
5b72a0a59eaf0de6502b2959810e3dd5,80afb728b839222d372e52f2ad23f731,SP,sao paulo,fashion_shoes,29.9,12.87,42.769999999999996,delivered,2018-08-13 18:09:28,2018-08-24 00:00:00,2018-08-20 16:03:55
d18941a914e7a203e714a20432c05a35,ae34c047daead32e39200cad49c76ac6,SP,itatiba,auto,27.9,8.27,36.17,delivered,2018-03-05 09:46:44,2018-03-15 00:00:00,2018-03-07 09:32:33
d2ebecd13598667c0e664cf7c3eace01,dbe1f72423b35ecd39ebd4170bed945c,RJ,rio de janeiro,furniture_decor,39.0,15.86,54.86,delivered,2018-02-02 09:45:56,2018-02-26 00:00:00,2018-02-24 14:48:54
54e6829fe81bc86cf88b12e6d07ea298,d701dc1ce088b6d4f3b7c6913e53af21,SP,mairipora,furniture_decor,179.0,20.74,199.74,delivered,2017-05-19 16:02:15,2017-06-12 00:00:00,2017-06-07 08:33:06
b7afd3ff20d28b3d5ebb3b0f1d4c2ffb,1b77043d0d00564da870f4a61b484289,ES,aracruz,air_conditioning,187.9,23.61,211.51,delivered,2017-02-18 21:54:46,2017-04-06 00:00:00,2017-03-04 08:32:45
dcc97daebf3b61efe164a8e507c677d1,345817899c325d8b41c9e88011a8ab43,RJ,rio de janeiro,health_beauty,35.9,18.23,54.129999999999995,delivered,2018-03-14 21:15:35,2018-04-17 00:00:00,2018-04-19 23:21:46
cf851a3ce6ce940823fdfb5b0a8eb337,377d8593b10cf81522073bf1501a5d28,RJ,rio de janeiro,housewares,144.98,26.53,171.51,delivered,2018-07-16 13:15:57,2018-08-21 00:00:00,2018-07-28 21:04:26
3e77cb3c65a1bac64d0516085c2dda55,be1944d3930fcb7a08411b62f8b06f72,PE,olinda,health_beauty,49.99,17.63,67.62,delivered,2017-07-28 22:38:52,2017-09-01 00:00:00,2017-09-12 22:27:23
11bfb5214a47c5a12e3dab8cac01c304,fb8038205a1b4f9a90cb981e074e9be2,RJ,rio de janeiro,computers_accessories,23.48,20.93,44.41,delivered,2018-02-19 12:09:02,2018-03-12 00:00:00,2018-03-17 02:22:03
e1bc1083cd7acd30d0576335373b907d,a66315c850c3712707754c1eca7a8069,SP,sao paulo,bed_bath_table,69.9,13.85,83.75,delivered,2018-03-15 12:56:35,2018-04-03 00:00:00,2018-03-22 20:58:34
f3cde82f7a131aa2747f919aebb3cc95,79475ef805155b6d784d4ceee5d0c32d,SP,votorantim,sports_leisure,29.9,7.78,37.68,delivered,2018-01-15 17:51:24,2018-01-30 00:00:00,2018-01-23 14:51:25
1a0c96a409c1c324fd17fde3f76833cb,04e5a8efc73cc750a235284e801a2d28,SP,sorocaba,electronics,14.0,10.96,24.96,delivered,2017-04-27 21:30:31,2017-06-02 00:00:00,2017-05-12 15:03:54
39ca4fbb87367cf7440fc32125b86202,bf878410ba17b72e544f5a350bad4bf5,SP,bebedouro,sports_leisure,28.0,10.96,38.96,delivered,2017-04-24 20:32:15,2017-05-11 00:00:00,2017-05-02 13:11:43
508d8fa044fdaa4d8faff57a4e72e64a,f129ee560484c2c2f35abe2ea5c3e166,RJ,rio de janeiro,bed_bath_table,68.0,5.4,73.4,delivered,2017-08-02 15:34:56,2017-08-24 00:00:00,2017-08-14 16:59:56
b084d12a7e70bcabb8998f113f04e601,36cbfc807689e6396e4b115c72f976a3,RJ,rio de janeiro,watches_gifts,190.83,16.09,206.92000000000002,delivered,2017-11-23 00:09:51,2017-12-14 00:00:00,2017-12-16 18:15:56
96c833757e09a989bb5c13d0470d7f2a,5b540c6a8886384d1772215e6a189804,MS,tres lagoas,home_construction,65.9,18.34,84.24000000000001,delivered,2018-04-06 09:25:10,2018-05-04 00:00:00,2018-05-02 20:38:50
de727a3ecd5c174c519d64573cc0064b,99d0d6b77f343be4a009eba1f5b75591,RS,soledade,garden_tools,59.9,17.67,77.57,delivered,2017-08-19 19:02:06,2017-09-22 00:00:00,2017-09-06 20:16:09
4a6779a79e8397160e34e7e005321200,ebbcd2a9e626bb63de5ae9bb3357d2b1,RJ,rio de janeiro,watches_gifts,115.0,0.0,115.0,delivered,2018-05-10 12:46:02,2018-06-14 00:00:00,2018-05-22 11:38:33
0dcbdac8c6463d75e774a3ba98d11561,0be35bdbca431cbd320ad12d7ecfd211,SP,sao vicente,housewares,76.1,13.09,89.19,delivered,2017-10-09 17:34:15,2017-10-20 00:00:00,2017-10-16 21:02:49
29baa2288a6c833c165b32b46e4ffcce,ab86d0ea77cf9d0aaf098bf20d5bcb19,PA,altamira,cine_photo,99.95,23.0,122.95,delivered,2018-03-12 15:13:45,2018-05-11 00:00:00,2018-04-10 17:31:47
aafd191085488777c9d6b1aa8335ddd7,560a6e0ef8a24a50cd83690e297827ca,ES,colatina,sports_leisure,99.7,14.87,114.57000000000001,delivered,2017-05-02 21:33:57,2017-06-01 00:00:00,2017-05-15 13:21:50
58f43661df7f4ebc6182ed467729a405,4b06970bf3132cb4456b75269c592e1a,RS,santa cruz do sul,fashion_bags_accessories,429.0,19.44,448.44,delivered,2017-12-27 16:52:05,2018-01-24 00:00:00,2018-01-29 22:22:29
2373908388bcaa9a225c34e33d9e9f0d,3906f8113531d94413a0b6b7cbe11bef,SP,campinas,office_furniture,112.99,17.57,130.56,delivered,2017-11-05 15:52:26,2017-11-27 00:00:00,2017-11-22 21:14:39
9cac3ad2924225c89642ac6a44f5e62e,868b06b609beeaf4ca5b8a8a292ffcd5,PR,palmas,toys,38.25,16.11,54.36,delivered,2017-10-08 11:39:56,2017-11-06 00:00:00,2017-10-20 18:23:14
a6cc5e6ba2fb1b3d7fd4e73f7784f337,a447d5abb44c6a520e780863e0bc94c7,MG,nova lima,auto,345.0,20.29,365.29,delivered,2018-05-06 10:08:32,2018-06-01 00:00:00,2018-05-16 13:18:36
4ba72d2e0a210b56b5635bbc33599cf2,88450f30160dc120139ca2a54a1f1524,PR,francisco beltrao,stationery,193.0,16.1,209.1,delivered,2017-05-22 14:58:57,2017-06-13 00:00:00,2017-05-29 13:22:59
920a775204d54696910a3056ff090942,5415bdba1b36c4c8f91b82ebdf2fffb2,BA,tanhacu,fashion_shoes,199.7,28.13,227.82999999999998,delivered,2018-05-30 21:13:04,2018-07-23 00:00:00,2018-07-10 16:51:18
3a55ac3af25e4b295c861a2382e0afcf,bbc2d070e8a61d9d6238ad4512026528,MG,belo horizonte,garden_tools,49.0,17.67,66.67,delivered,2017-11-24 09:56:53,2017-12-15 00:00:00,2017-12-14 22:11:40
9ad7086ce39a4ffd4dd9b890f0578217,68fd72e4ce9bf89e8aa222a940e29d7f,PE,bom jardim,health_beauty,287.7,40.06,327.76,delivered,2018-05-07 09:17:34,2018-06-07 00:00:00,2018-05-17 17:37:25
ac3c62295b2d88214642ed7f7114d468,7a5a23b53277ee5e9d10a9d4b6a3b462,SP,sao paulo,computers_accessories,84.0,13.17,97.17,delivered,2018-02-14 11:08:40,2018-03-09 00:00:00,2018-02-24 00:08:33
6aeec0cf09e8cd90c75cdd0ece396867,190d1e49534d839d6db2880759d8e40f,DF,brasilia,sports_leisure,35.9,14.1,50.0,delivered,2017-10-08 22:49:59,2017-11-01 00:00:00,2017-10-24 16:47:57
d5cae76a3a1157f7947579bf8ae13f18,4d27bd8d0da996a6aeeea0d9f31afb99,SP,maua,electronics,12.9,15.1,28.0,delivered,2017-05-27 20:56:03,2017-06-21 00:00:00,2017-06-02 13:49:08
c924e1b4e4e8406a086385b5136d25a3,bd7120211029ff536fe18f17c35a17e6,MG,belo horizonte,telephony,70.89,7.12,78.01,delivered,2017-10-31 17:26:08,2017-11-21 00:00:00,2017-11-07 19:38:49
37cd892c7a6275aecbe6dfdcee8de6b7,c031ab1e08405306c145495528df30d8,GO,goiania,construction_tools_construction,132.98,14.05,147.03,delivered,2018-05-11 06:35:30,2018-06-01 00:00:00,2018-05-21 22:06:37
35a10c7737aa07bb2264cc0cabfbbfbd,e21393db40e3ab3e880958fa055b5fc9,SP,sao paulo,books_general_interest,104.5,15.49,119.99,delivered,2017-06-08 11:53:41,2017-07-03 00:00:00,2017-06-19 10:32:18
5a528ee290cb0fa6e22acf467ea33c09,b4c043504d96f3ec89b0d7b8f4b94945,MG,sao goncalo do sapucai,fashion_bags_accessories,49.0,14.52,63.519999999999996,delivered,2017-03-13 16:15:38,2017-04-04 00:00:00,2017-03-21 16:15:16
d3d4b84b9e497a1bcec277409c35176b,815cd281d34a0bfbea42d7a273398c44,SC,blumenau,health_beauty,169.76,16.95,186.70999999999998,delivered,2017-09-20 17:57:07,2017-10-16 00:00:00,2017-10-04 18:48:07
fff2e9e3aa8644e19710216b4ef53ab2,d104a1857bcb78c73dec2ac5a46ca210,RJ,bom jardim,bed_bath_table,69.9,16.25,86.15,delivered,2017-05-25 17:22:57,2017-06-19 00:00:00,2017-06-06 14:05:37
455a25fb79e199f6568a9965cc2ad66a,9f28edea600965dc405de3c23d9f7f9a,RS,guaiba,toys,85.0,14.34,99.34,delivered,2017-10-01 13:53:46,2017-10-31 00:00:00,2017-10-13 22:45:37
da0661322b03e6cc7ebe7e98961b9bac,80da67a4d1d6f824cc24731c437c8591,SP,tremembe,sports_leisure,69.9,16.12,86.02000000000001,delivered,2017-10-25 22:31:43,2017-11-22 00:00:00,2017-11-03 20:27:59
9a4548c22d6c0cd6f1c9786e656fe257,9bedaa421783554848ab968c22aa6dfe,MG,chacara,cool_stuff,89.8,21.58,111.38,delivered,2018-03-31 11:04:02,2018-04-23 00:00:00,2018-04-10 15:51:55
5a4fb5816ef33f8e7514eb2719b794ea,85eb73993c7eb1defbfbe1033435bf50,PA,belem,electronics,13.3,17.63,30.93,delivered,2018-01-15 20:07:42,2018-02-19 00:00:00,2018-01-26 23:48:59
1343e1f31a0f108d5102319b6624021b,ed8bf8f73a4c6a4d1e8b519c03c1c17b,RS,santa rosa,housewares,129.0,38.04,167.04,delivered,2018-01-25 15:11:11,2018-03-07 00:00:00,2018-02-20 16:58:13
dc3c5cc14cf6712c4e47880da72f341a,161a927c39ab276c394039d5f64c9c99,RS,passo fundo,health_beauty,27.9,18.3,46.2,delivered,2018-07-15 07:36:51,2018-08-07 00:00:00,2018-07-23 12:21:50
c0d98bbbc820c00ab877fbb053b1e517,5642d883f45725581f344df11906a2c9,RJ,volta redonda,baby,110.0,20.01,130.01,delivered,2017-12-24 21:03:35,2018-01-31 00:00:00,2018-01-31 13:58:59
eeb03ce693fcd06d0f6c65eb4411b9a6,64aa2986144af55eb30336cf4df8025b,SP,sao paulo,health_beauty,29.9,7.79,37.69,delivered,2018-07-08 22:40:27,2018-07-19 00:00:00,2018-07-13 21:54:49
591288ee2b6ee99477e22218020308ff,93604ac2c0212a0bb735a94d4d91a476,MA,sao luis,auto,159.0,27.88,186.88,delivered,2018-08-09 16:45:45,2018-09-04 00:00:00,2018-08-22 21:58:52
e94d7f11e3a990b65f46d2b02b1c23a2,d0a89a3601ed45679e53689fe39763de,RJ,rio de janeiro,watches_gifts,138.9,20.21,159.11,delivered,2017-11-05 18:36:40,2017-12-01 00:00:00,2017-11-18 00:28:39
0681ba84087325819dc1f41d4f79701d,f1da617b625121656cab1df3a1413bb4,SC,joinville,electronics,13.65,18.23,31.880000000000003,delivered,2018-03-26 12:36:24,2018-04-17 00:00:00,2018-04-10 15:46:58
abbd44be67f3cad08ffac14daf36af60,1b6c7548a2a1f9037c1fd3ddfed95f33,MG,ituiutaba,stationery,34.23,17.92,52.15,delivered,2017-11-13 16:44:41,2017-12-08 00:00:00,2017-11-24 19:57:00
c0e1cfdba23aaae17319b780a91978af,7784d05ea2ca9d8da18bfc63fcaa0820,SC,tubarao,computers_accessories,21.49,13.5,34.989999999999995,delivered,2017-11-24 17:28:24,2017-12-15 00:00:00,2017-12-04 20:23:14
8ac2a7536043523a10fb4d60487a7a4f,cbb5a275793c356886e6e74c0197cfff,SP,sao paulo,sports_leisure,65.99,11.48,77.47,delivered,2018-06-22 13:40:12,2018-07-05 00:00:00,2018-06-28 17:04:07
4bd80487e45eb96ed277f47d7b9dca63,aea1294c6b907b03c670cc2ddef0e056,SP,embu das artes,health_beauty,494.99,14.67,509.66,delivered,2017-11-25 08:05:08,2017-12-11 00:00:00,2017-12-08 16:57:45
5bf0c7788e61420541921eb52120d901,2724b465df81779da92138686ca70818,MG,belo horizonte,housewares,58.9,10.62,69.52,delivered,2017-11-15 12:50:22,2017-12-06 00:00:00,2017-11-27 19:18:59
5a3bccb60104b1251c6a39e051c428ba,a72a2d4e19868dba726c0e6f49198c7e,GO,firminopolis,garden_tools,49.9,41.33,91.22999999999999,delivered,2018-08-14 09:43:24,2018-09-03 00:00:00,2018-08-23 02:58:46
3c67df5e19638f8fa4fcd2658347b622,ef64a53bcd0bdebae1d80e977ce62988,SP,lorena,garden_tools,59.0,13.43,72.43,delivered,2017-12-10 22:17:46,2018-01-04 00:00:00,2017-12-26 13:18:12
c26b658f524a034377074e4bbf6cc236,35db55585fcbe791032c24fbb9d09c18,GO,orizona,pet_shop,17.99,16.11,34.099999999999994,delivered,2017-06-08 12:39:39,2017-07-07 00:00:00,2017-06-19 15:04:20
eec4cdb15e74c35073cc163bfd9fa2b2,176918c59610d93ef519e359a0f3316e,RS,gravatai,baby,29.99,8.11,38.099999999999994,delivered,2017-08-20 22:04:21,2017-09-01 00:00:00,2017-08-24 18:49:59
ebfb1b4991e29d9c1ed373ee9aac10ac,23780c7f5a15fcb349868006a13d7d8a,MG,contagem,stationery,79.0,29.9,108.9,delivered,2017-11-28 14:01:46,2017-12-21 00:00:00,2017-12-13 15:21:50
f25c779f3e424ad932e6ce1e984e2247,b5f9746c29e70609cfb144a344f41a4a,MA,guimaraes,watches_gifts,199.99,52.12,252.11,delivered,2018-07-15 07:56:27,2018-08-08 00:00:00,2018-08-01 22:26:39
ace64c0c1402369a3073d086ec6ee306,3db3885c251fead1659574f04032d844,RJ,paraty,office_furniture,349.9,67.26,417.15999999999997,delivered,2018-02-09 20:33:26,2018-03-08 00:00:00,2018-03-02 22:21:41
245547d35a6f1c94c1e2546ab3322e0f,86abea0b1511d2e6b8a256580fb49c83,MG,tres coracoes,furniture_decor,54.0,3.19,57.19,delivered,2017-11-03 17:01:40,2017-11-29 00:00:00,2017-11-21 20:17:10
c1fccaa7401a0afd72cf89d7c2f806df,b5c8676946232d41b82710974344a0c1,SP,sao paulo,office_furniture,69.99,23.2,93.19,delivered,2018-07-16 10:16:36,2018-08-09 00:00:00,2018-08-03 18:06:44
faa068942b581bc31538abdea52e6f35,b214ca9116559efbcc4f3ad9870d174f,SP,sao paulo,health_beauty,99.0,12.85,111.85,delivered,2018-04-23 12:19:15,2018-05-17 00:00:00,2018-05-07 21:47:29
1ecf7a9583c0f92f07515fcd970004f2,f5f0a44fa78dfe218749a60aef972d1c,SP,ubatuba,bed_bath_table,29.99,9.85,39.839999999999996,delivered,2018-07-30 12:40:45,2018-08-13 00:00:00,2018-08-03 13:12:33
82abb29aa619c2fd597a4267ea7069d3,9863c758a10c8d938f054fb48c464738,SP,ribeirao preto,health_beauty,189.99,12.83,202.82000000000002,delivered,2017-07-05 09:15:25,2017-07-25 00:00:00,2017-07-11 19:49:34
88cc318193d85451e28059b4b52b7477,c17e63af5f15bbc11b8e9387e71bba9b,SP,campinas,health_beauty,66.99,27.75,94.74,delivered,2018-08-13 13:33:06,2018-09-11 00:00:00,2018-08-20 13:32:02
6a2726fdb7d200560870b229000f73db,b3393eca96cd098382248663504da521,BA,formosa do rio preto,office_furniture,79.99,42.41,122.39999999999999,delivered,2018-01-26 20:03:07,2018-03-19 00:00:00,2018-04-02 15:04:15
4941da6e1a4eef723674c7148152c4f6,7a380cb5434e6b6b5b37d45bb99dbe8a,SP,sao bernardo do campo,bed_bath_table,159.9,16.88,176.78,delivered,2018-06-11 16:49:47,2018-06-26 00:00:00,2018-06-13 18:39:37
d821b5e67b0018013d207479dfdfccd6,9912f49baede3c786db172a7251e93c2,SP,paraguacu paulista,auto,59.0,13.07,72.07,delivered,2018-07-26 16:57:05,2018-08-09 00:00:00,2018-08-01 13:46:48
e80857672c0e282974edfbb1540c4193,feedc42d8c47fd3c611675735b094c54,PR,roncador,telephony,28.99,15.1,44.089999999999996,delivered,2017-11-13 08:08:12,2017-12-07 00:00:00,2017-11-28 22:38:56
e0ffd1287f544946a6a6a2dca083e37f,ed526515060fdd64cf35698e321386df,RJ,rio de janeiro,home_confort,219.0,40.46,259.46,delivered,2018-02-08 19:45:42,2018-03-02 00:00:00,2018-02-23 00:08:58
02905bba6aafd777542dacbfa8f4bc2d,e865ae0dea85c964888c8f117cc6b054,SP,candido mota,small_appliances,48.9,17.6,66.5,delivered,2017-12-09 18:24:30,2018-01-11 00:00:00,2017-12-26 22:24:45
c68f8933bfde7861455fab77ea35596b,fc9c5c08c0b25d26b16b049530b62e5f,SP,laranjal paulista,health_beauty,369.9,51.12,421.02,delivered,2017-11-27 18:00:13,2017-12-22 00:00:00,2017-12-13 14:45:02
636b730a85bdd05024f5570316c55597,a37ee9764986cbff29ee8cad80dc08bf,SP,sao paulo,housewares,19.9,8.3,28.2,delivered,2018-08-14 13:22:24,2018-08-17 00:00:00,2018-08-16 20:20:47
a657f4281fa25af13388496f1075850d,075a5615f6bb67b7a4704a98e15d9c5c,SP,lencois paulista,toys,13.9,12.79,26.689999999999998,delivered,2018-08-06 17:46:41,2018-08-15 00:00:00,2018-08-13 17:18:45
ebe2d3846c34a8a3acd056896bf32b17,730a79a0ce8ea60bc99b2f20de3254de,RJ,belford roxo,cool_stuff,129.99,17.65,147.64000000000001,delivered,2017-03-19 22:36:44,2017-04-10 00:00:00,2017-03-29 12:10:58
c64320125b49bb4797d5ee3def14d58b,6689e9f9ce799fb048f33674671a6390,DF,brasilia,electronics,23.7,14.1,37.8,delivered,2018-03-01 11:53:10,2018-03-20 00:00:00,2018-03-16 01:52:32
8a30e60c68df3fd5ca4cd1070083c3f8,95deaf97fc4caf2b145b531ed35e01d3,GO,valparaiso de goias,furniture_decor,35.0,16.32,51.32,delivered,2018-06-06 18:03:53,2018-07-17 00:00:00,2018-06-21 21:26:38
a0718048b8aff866bc9372ef2e3c961e,c53a41ca3f1f8285d8ab5712f9e29da9,RJ,mage,computers_accessories,149.9,21.1,171.0,delivered,2018-03-08 20:56:24,2018-04-09 00:00:00,2018-03-19 15:18:59
eeb395f21c0508f1593722cd5058462b,b6b1da1ef61aceafc708a1f8f54d9e1c,SC,fraiburgo,fashion_bags_accessories,49.0,15.1,64.1,delivered,2017-07-30 21:20:32,2017-08-22 00:00:00,2017-08-08 20:23:54
fe393d2abc096e78011cdc0bb5b3e776,a1a0841d89f84138975671f3d0c5842e,SP,indaiatuba,furniture_decor,88.34,16.25,104.59,delivered,2018-02-17 16:59:08,2018-03-09 00:00:00,2018-03-02 01:15:05
886554d6a49f10154eb12b81a6c4ef4b,071cabf48b9a52a0138a68d3600c3cf5,SP,itanhaem,sports_leisure,40.5,18.23,58.730000000000004,delivered,2018-03-15 13:11:13,2018-04-23 00:00:00,2018-03-24 10:33:10
1c08a89405de0c81093b9eff6caf3dbf,da5db265e788276b465d4c5cac2b0021,SP,sao paulo,pet_shop,29.9,9.44,39.339999999999996,delivered,2018-05-26 20:09:53,2018-06-20 00:00:00,2018-06-05 00:07:30
10182342fa0f202363ba83f9a4fad999,bd4921913ad497847f113328a746efcf,SP,guariba,health_beauty,73.97,12.86,86.83,delivered,2018-01-04 22:20:44,2018-01-29 00:00:00,2018-01-13 01:16:14
473618b3ff644f4879900c4bc552cd0a,5cc34337f24fd6e17593326dd7ed5d53,SP,aracatuba,furniture_decor,102.0,14.07,116.07,delivered,2018-05-02 15:19:14,2018-05-18 00:00:00,2018-05-11 22:30:00
5fae8446818acd6c452f8dead61ba683,7e13c5b52f3f0e1979723ff4b9051904,SP,mogi das cruzes,consoles_games,19.9,11.85,31.75,delivered,2017-10-15 14:56:08,2017-11-01 00:00:00,2017-10-23 20:48:38
0181409c6498f79e161dde79c2a7dc59,747c1b1b035efbd0ccfc9e704382f6a1,RJ,rio de janeiro,sports_leisure,43.9,18.41,62.31,delivered,2018-08-01 15:05:14,2018-08-14 00:00:00,2018-08-09 20:03:13
b8722b30ef2c3090b0f15cc03481049d,cd0ee18792288fc1035d4c572b978d87,SP,cajamar,toys,44.9,7.78,52.68,delivered,2017-07-19 12:44:05,2017-08-01 00:00:00,2017-07-22 13:11:57
1b73fc583f45c471c55fd8d81945db74,bba1b5c3343aa2955ecd4e53874021c8,PR,toledo,computers_accessories,49.9,17.09,66.99,delivered,2017-02-16 20:02:19,2017-03-21 00:00:00,2017-03-14 11:25:47
70d9761fe23def5bb4a068aaeafd7e82,4f99c339d669d50ab3d87009990197d8,CE,fortaleza,computers_accessories,149.9,17.02,166.92000000000002,delivered,2018-04-27 11:07:33,2018-05-24 00:00:00,2018-05-03 20:57:35
fcd82be3d717a53a9227f19ba3dfe2bb,97f9e8ae9eb0d4ef5dd7c2513f7598ec,MG,conquista,bed_bath_table,53.5,19.56,73.06,delivered,2018-06-21 16:28:08,2018-07-19 00:00:00,2018-07-03 02:18:30
cdde449c1dcdc9aad3adc07b6de6659f,a67a9b9782f80f708535927a808797c2,SP,sao paulo,health_beauty,67.9,11.15,79.05000000000001,delivered,2018-04-23 17:32:00,2018-05-10 00:00:00,2018-04-26 22:14:46
12c66c45d332a69f08f11ceecf3dd8d4,87c193ec1213c678cbfdc2cce91fd7e8,SC,petrolandia,housewares,5.0,14.52,19.52,delivered,2017-03-29 10:41:46,2017-04-20 00:00:00,2017-04-13 16:05:13
766e7d95f42217e02fa7c85a8c97a862,320a00e3ad8ecf1ca896a4e642a5c24d,PA,belem,computers_accessories,39.0,19.18,58.18,delivered,2018-08-02 15:02:10,2018-08-30 00:00:00,2018-08-14 23:32:52
2c2a19b5703863c908512d135aa6accc,ce9f8b9c31d83341764708396ac7e38b,MG,juiz de fora,housewares,20.7,16.11,36.81,delivered,2017-10-09 20:45:45,2017-10-27 00:00:00,2017-10-18 16:19:17
dd0e00343af091774fc1399707418777,d560d1cf7e7bbe2d45a9101e0e2edf87,RJ,rio de janeiro,toys,89.9,15.84,105.74000000000001,shipped,2017-03-06 19:54:12,2017-03-29 00:00:00,
257a0d5445d4ae131816384009fbb954,a626420a40f09529d6dc67cc76e1b213,RS,porto alegre,garden_tools,345.95,37.65,383.59999999999997,delivered,2018-07-25 10:24:29,2018-08-14 00:00:00,2018-08-07 00:41:31
5ef51d70e6249c4a8c9fa866ebf3146a,3f063d0a00c390265a45f0055472e72d,SP,igarapava,pet_shop,100.0,21.19,121.19,delivered,2017-10-01 12:44:38,2017-10-27 00:00:00,2017-10-10 22:43:31
6cf24cdeeb913dc50be3b7f30ffc3e89,98ca5729c243f72913261f937cf5dca1,MG,paracatu,sports_leisure,9.9,15.1,25.0,delivered,2017-09-19 17:08:35,2017-10-10 00:00:00,2017-10-02 19:23:57
1f88dfdb109093f6b629f1e6d75af30c,82a30c3a0cda2a7c36585ee82de291fc,PR,londrina,baby,213.0,24.07,237.07,delivered,2018-03-26 08:35:03,2018-04-16 00:00:00,2018-04-09 15:06:51
82ddf38783ac58b33eb4a6e617f85a22,940a6d4dabbb99c70905981432242887,SP,sorocaba,perfumery,56.9,15.15,72.05,delivered,2017-07-05 13:08:23,2017-07-27 00:00:00,2017-07-13 23:41:18
9dbb47a816e64c6e76b057bbc95fe52d,0e74bd7c786672a0bc560877923b3a2f,SC,itajai,musical_instruments,41.0,8.27,49.269999999999996,delivered,2018-01-28 02:33:05,2018-02-14 00:00:00,2018-01-31 19:51:22
aa84b2cd6335cfdd4a56d7a15917d026,d1588e9ace87e26a010ceb25775113e8,SP,sao paulo,toys,59.9,13.44,73.34,delivered,2018-02-16 14:57:41,2018-03-08 00:00:00,2018-02-24 17:29:21
9aeb1e41ad6d0b90e6342fc5bf592276,c9d7e6e0c6eaa74de5ba8d684240260b,SP,sao paulo,perfumery,34.9,7.78,42.68,delivered,2018-02-12 17:06:30,2018-02-26 00:00:00,2018-02-16 16:17:25
3e1932d12fea3c82f976273812475645,66bf567cb0c92335b9df1ec2b17106bd,SP,sao paulo,perfumery,13.99,7.78,21.77,delivered,2017-10-02 14:18:49,2017-10-18 00:00:00,2017-10-06 21:24:43
aca2704c3ed5037a3b1c73eeea1ec038,738a17042c83a30297ca6ed2972ad921,RJ,mage,sports_leisure,148.0,18.29,166.29,delivered,2018-01-27 10:44:37,2018-03-02 00:00:00,2018-02-19 19:51:22
92a9ef7f0a0d392c9ad0d5f44e86b4ba,c375736396906dff8414217e02c45661,SP,campinas,cool_stuff,11.87,7.39,19.259999999999998,delivered,2018-03-25 16:43:56,2018-04-06 00:00:00,2018-03-29 16:19:02
d7c88efc86371e81d37eb2cff1c61020,57676a65c7de0eef9c74222d306f8fdb,SP,sao paulo,bed_bath_table,109.9,12.27,122.17,delivered,2017-05-23 08:51:27,2017-06-13 00:00:00,2017-05-29 10:37:40
457cb961f89e32569e2d9a737a65b3bb,b118d6ef1262db7e0bf20ccff0b32432,SP,barueri,baby,14.98,11.85,26.83,canceled,2018-02-08 17:02:46,2018-03-16 00:00:00,
8aa9f9fb8d016c8abd90a65dcd7f2ab6,d059a0ec4c911c7abb10602099670325,SP,cotia,bed_bath_table,20.0,10.96,30.96,delivered,2017-01-24 21:16:24,2017-03-01 00:00:00,2017-01-30 12:24:40
5124343628b2cd43d0980ccc67353226,86df00dc5fd68f4dd5d5945ca19f3ed6,RS,porto alegre,computers_accessories,199.0,17.15,216.15,delivered,2017-06-08 10:49:42,2017-07-05 00:00:00,2017-06-23 10:51:23
03a09960f3b0d2b2565271fec21a8c94,fa777df2200b8edc92b4bcb11561724b,SP,sao paulo,sports_leisure,159.0,13.67,172.67,delivered,2017-12-28 11:45:47,2018-01-17 00:00:00,2017-12-29 17:19:10
0b7ca56dc6b9eb97c8a0c7b19341b025,a3c7ff0f0ea89336b1c0f0587bdb3a38,SP,santa branca,housewares,30.0,14.44,44.44,delivered,2018-04-29 17:34:35,2018-05-18 00:00:00,2018-05-04 18:44:40
d889a8ab0342b0b548b78963f15aa195,270d33edea98d1d8908260bc4b2f4bd2,SP,sao paulo,home_appliances_2,698.9,45.28,744.18,shipped,2017-10-11 16:23:11,2017-11-07 00:00:00,
69600803432bcfbc3764354576c52306,325531ceaefe16b9a42f032c311f4e3a,SP,sao paulo,bed_bath_table,19.9,11.85,31.75,delivered,2017-05-17 22:01:53,2017-06-06 00:00:00,2017-06-02 08:05:56
6816ae2fd8e9a4a6674dc2eb053da35b,a83cc01cd09394ced3e8c97808d94d7d,SP,sao paulo,health_beauty,29.9,8.9,38.8,delivered,2018-04-07 12:10:27,2018-04-24 00:00:00,2018-04-11 23:04:37
8ae04dfbb6a99bc4d4871edc08bf8ee8,84361b81a9f8f82a4fca001001442302,SP,piracicaba,auto,37.9,7.78,45.68,delivered,2017-11-24 19:30:37,2017-12-08 00:00:00,2017-11-30 14:42:30
63ca01cc7002ee54c048868356eaffec,f3eaa4bbb8a5fd3df7f56d04eb72a9af,PR,curitiba,bed_bath_table,163.99,21.64,185.63,delivered,2017-08-04 21:09:44,2017-08-28 00:00:00,2017-08-11 18:30:08
ca7dc685e1c6b20f8404d4f28acd96f8,d8e99fb3436ba8df32bb469189420fc0,TO,carmolandia,furniture_decor,129.0,38.45,167.45,delivered,2017-09-26 11:16:02,2017-10-30 00:00:00,2017-10-16 22:04:59
b2953fe5cb836908b29ad9147658d6c0,df204b6638c6e4c4471da0d3201573e6,PR,curitiba,consoles_games,5.99,16.79,22.78,delivered,2017-09-29 20:50:01,2017-10-26 00:00:00,2017-10-13 20:53:50
1eb51a538c51ad5612a8be5cf27d6b5d,e47338229ceacfff1fbd40d01104b39d,ES,divino de sao lourenco,furniture_living_room,103.97,45.19,149.16,delivered,2017-06-09 23:20:27,2017-07-06 00:00:00,2017-06-26 10:43:46
10a6476d4339a6b5f323db3d2357de52,ef5bd3381e0ecb0f15d87a166819489e,RS,canoas,bed_bath_table,69.9,24.83,94.73,delivered,2017-02-05 21:43:48,2017-03-23 00:00:00,2017-02-22 11:14:06
7d9648a2cdd2164cead7a7f126262c0c,a286aeced7b21e444987a4ff818452a9,BA,salvador,watches_gifts,129.0,16.34,145.34,delivered,2017-12-22 13:57:43,2018-01-23 00:00:00,2018-01-13 02:13:33
615a83726a65bcb641fcffb5a4b792ef,a6e56ce065f297714559452de03a2ca6,MG,ituiutaba,health_beauty,79.99,18.66,98.64999999999999,delivered,2018-07-14 11:38:58,2018-08-02 00:00:00,2018-07-20 19:54:31
26c8454aafb0fe89ed0c10eb509ad574,182dc559769d037062eb6f6434121f13,RJ,nova iguacu,health_beauty,51.9,8.47,60.37,delivered,2018-05-19 16:26:50,2018-06-01 00:00:00,2018-05-28 20:19:34
c4292eea4a836266d4a601e1de343eec,73bba9ed29bc0a8863652807643ea724,DF,brasilia,housewares,32.0,16.41,48.41,delivered,2018-08-22 10:25:48,2018-09-10 00:00:00,2018-08-27 19:56:46
ca7adf1201471598788f746ed74c825b,15a3524cd2406dccbecb1273c407165b,SP,sao paulo,health_beauty,97.49,12.64,110.13,delivered,2018-01-24 12:34:55,2018-02-08 00:00:00,2018-01-31 19:22:09
52076105d0ca4133091c2c1db1d4bb9c,fa9986e67d08ebc23479b10da8edb977,SP,tatui,health_beauty,49.99,12.79,62.78,delivered,2018-05-02 11:12:39,2018-05-24 00:00:00,2018-05-09 21:58:31
5e1c7d900683c3752dcb5908d72eed78,785b7c11923e39571465146924a3bc9e,SP,sao paulo,perfumery,53.99,7.78,61.77,delivered,2018-01-22 21:07:55,2018-02-07 00:00:00,2018-01-29 23:54:53
4affd1928d3900a415e9886a179d5124,7bfe938f525a12153b94937fbda166bc,RJ,rio de janeiro,bed_bath_table,19.9,18.23,38.129999999999995,delivered,2018-04-13 16:01:34,2018-05-23 00:00:00,2018-04-30 12:27:48
4d6ff00ff70bc8add58ab6f275c2b61d,4106b7bd682b25f72abc9f46e7e73ed0,BA,lauro de freitas,toys,66.99,19.71,86.69999999999999,delivered,2017-09-18 20:06:21,2017-10-09 00:00:00,2017-10-09 11:28:55
8f93df4da4cf61d8677c0d0913735f0a,358973fb9d5b4a20ef8306eaff96285e,MG,cataguases,sports_leisure,34.9,12.48,47.379999999999995,delivered,2017-11-30 17:03:35,2017-12-22 00:00:00,2017-12-07 17:31:51
aaa01262ebed3a3f92e3f65995b83fe2,2533c08e536d5bb805fcac72ccb36345,SC,criciuma,fashion_bags_accessories,60.0,15.17,75.17,delivered,2018-02-05 20:57:35,2018-03-07 00:00:00,2018-02-15 15:23:58
adc2f0c9fd838d820339f8220c1adf08,fb920961e4d8e55fd9c357976a611765,SP,mongagua,bed_bath_table,17.9,12.79,30.689999999999998,delivered,2018-06-24 10:09:52,2018-07-20 00:00:00,2018-07-02 17:12:52
ad3dafe2480678851b0a52f6d5ac00a3,f5b8b538be876b72eed481df8b75ec42,MG,pouso alegre,housewares,67.9,13.5,81.4,delivered,2017-07-22 11:50:29,2017-08-17 00:00:00,2017-08-02 15:35:51
c157dbddbf8cf9a086acf9ef8eb8cf92,f5dc277198269046768e02dda2f5e4a7,MG,teofilo otoni,electronics,19.9,16.79,36.69,delivered,2017-10-03 12:13:15,2017-11-01 00:00:00,2017-10-16 23:19:55
b98b6a399680185770871d01209d3f7a,33f92c3d64fe0986abe1c5f40baf0165,RS,rio grande,baby,49.99,13.37,63.36,delivered,2017-12-12 22:34:44,2018-01-05 00:00:00,2017-12-17 16:47:06
fd3dec101097b7fd62ae62c0e627f70a,e75299e7341399b1d5f990c7d13b2773,SP,santos,health_beauty,599.65,18.95,618.6,delivered,2017-11-25 14:25:29,2017-12-18 00:00:00,2017-12-14 22:52:00
ea9f636a11e6bf8cfdfc6acf40590c66,f9d2915378a9e9c4fd47edf5717c4949,SP,santos,bed_bath_table,122.9,13.2,136.1,delivered,2018-02-07 20:28:55,2018-03-05 00:00:00,2018-03-07 03:33:48
7a189472050d185af07c5550a7dfc5ad,edbdd3649ed92048f7585873507282be,BA,salvador,home_construction,160.0,86.34,246.34,delivered,2017-12-05 21:45:56,2018-01-08 00:00:00,2017-12-21 16:52:06
de37b7488e95fba972323b74d3a0f68e,9f65c8a8d1e26e4c16d16e6c3c4606ef,SP,santana de parnaiba,housewares,109.18,9.12,118.30000000000001,delivered,2018-06-04 07:51:02,2018-06-28 00:00:00,2018-06-06 20:38:25
adf4112330df6649bdfd1fb027d98e09,17ad9c69606c8330172cf399e993af43,ES,cachoeiro de itapemirim,perfumery,369.9,16.76,386.65999999999997,delivered,2017-04-06 23:18:50,2017-05-02 00:00:00,2017-04-13 15:29:46
ed20b1dad0625f2d7d577cba09798687,56139a11fd758105e9df4db3a0fed099,SP,araraquara,perfumery,56.0,14.55,70.55,delivered,2018-07-31 17:07:16,2018-08-14 00:00:00,2018-08-06 22:51:41
51f5cd4115244a4860823a80bea0307e,511b738da13de3ab1c8a4dc8fe442acb,SP,mogi das cruzes,computers_accessories,79.9,7.42,87.32000000000001,delivered,2018-05-16 15:03:51,2018-06-04 00:00:00,2018-05-23 02:04:43
a29d7508838071b10532d46b952a1318,5ec298eebe73373cb565666554959950,SC,jaragua do sul,auto,28.5,15.1,43.6,delivered,2018-02-13 17:15:37,2018-03-12 00:00:00,2018-02-26 19:14:10
149eea3120f4f8ecee7a81fcd48f6d44,d4012b60353a88a25a866f83e5201686,MT,juina,telephony,18.49,16.79,35.28,delivered,2018-01-08 22:39:14,2018-02-06 00:00:00,2018-01-24 16:26:50
1a9eb3bcc740324dc4c07ee364ef837d,1ddc70a84bb828317331d50c739b0b86,SP,sao paulo,bed_bath_table,39.0,12.79,51.79,shipped,2018-03-13 13:39:57,2018-03-29 00:00:00,
d37e5fd46260d155c82da890cb64e7c9,2ea636f2cc4a323cdcb8807356e39356,RJ,marica,bed_bath_table,114.9,23.38,138.28,delivered,2018-04-17 19:40:59,2018-05-16 00:00:00,2018-05-08 20:58:25
0161962c6c561d3acfaa3e2db9a14f96,966a694c2313fe31e910adc3369f9dd5,SP,birigui,furniture_decor,99.9,25.54,125.44,delivered,2017-09-12 13:29:37,2017-10-02 00:00:00,2017-09-20 17:14:11
c7756342d355d13eea40a754b6602da6,e0836a97eaae86ac4adc26fbb334a527,SP,campinas,drinks,34.0,9.55,43.55,delivered,2018-08-27 09:54:35,2018-09-03 00:00:00,2018-08-29 22:38:45
ed24759a0ae96582e88fdca0c0997d22,4bd3154555b2d1d19fed1ccf31aa33f7,SP,sao caetano do sul,office_furniture,79.98,22.87,102.85000000000001,delivered,2018-03-24 11:58:06,2018-04-23 00:00:00,2018-04-23 14:57:48
6e35ff13275ac852d4ba9a446ae8cf1b,4c2901048e61af2c43811d47287dc1eb,RJ,iguaba grande,bed_bath_table,55.9,20.88,76.78,delivered,2018-02-04 15:11:52,2018-03-06 00:00:00,2018-03-03 19:22:58
d1c433d85b26e0171d6f80a9356ae7bf,1812ebb549a5b5f71bd34675faa60214,SP,guarulhos,fashion_shoes,84.9,13.61,98.51,delivered,2017-11-24 10:33:49,2017-12-26 00:00:00,2017-12-05 16:22:53
916c26a4b35875fa3e5237c9abb44c2c,e6201b5a6b3a2e42a4d3c295e7cb1d5b,SP,sao paulo,fashion_bags_accessories,79.9,7.42,87.32000000000001,delivered,2018-04-15 19:15:18,2018-04-27 00:00:00,2018-04-25 00:59:33
f4f6ca3a1a95c3f5db08489c2ec2ef1c,64bf965a6a1615cd440970859d0c11e0,MG,montes claros,furniture_decor,17.75,23.28,41.03,delivered,2018-07-04 10:38:10,2018-08-01 00:00:00,2018-07-09 09:31:24
80662cbd7cfe054d30ee5fb8f89c5d6e,b78c5d7a0b1744ec7b45066bcadb2846,SP,laranjal paulista,health_beauty,49.99,12.79,62.78,delivered,2018-04-23 10:47:18,2018-05-11 00:00:00,2018-05-02 22:12:44
8373f5d7df6d9249999fd38f8513e6d7,5925dfa8cd87ab4d852383f7039c8bc2,SP,sao paulo,baby,115.0,15.69,130.69,delivered,2018-03-29 12:00:11,2018-04-17 00:00:00,2018-04-09 19:26:42
1fad09d0fdfb8f4f8cdfc1d5be566893,85e80b64242ae28f803b4b1151f0f209,SP,sao paulo,sports_leisure,37.9,9.27,47.17,delivered,2018-02-18 19:48:26,2018-03-05 00:00:00,2018-02-24 00:08:31
ba254174e8ca271319fbd168acd8684d,5a794d8426fff5c898fada607ca62c1d,SP,garca,watches_gifts,109.9,16.4,126.30000000000001,delivered,2018-02-20 22:19:35,2018-03-14 00:00:00,2018-03-13 21:12:15
c7a54ce7b7ea4ea4ef38fbcfd8dc7ddc,0b3e3a71aeb99ddc90bedd863b16b6f0,SP,sao paulo,furniture_decor,24.99,7.78,32.769999999999996,delivered,2017-07-01 15:09:54,2017-07-14 00:00:00,2017-07-05 14:58:02
baa821bd1dbd5c6d31c9b1c68f760b8b,d18bffb883d8a0dfaa36528f0e2e5168,SP,sao paulo,housewares,3.98,7.87,11.85,delivered,2018-08-24 13:23:32,2018-08-31 00:00:00,2018-08-30 22:38:52
2861bde48c258a06a5ded52e540dc6be,cda79a984cb522389ddedda934fd03aa,RS,sapiranga,garden_tools,49.9,17.6,67.5,delivered,2018-02-14 01:42:20,2018-03-14 00:00:00,2018-02-28 16:24:01
ffc1fd8337b12fe96a4c39a0c2991296,65440681171bf517a0da7198eeb814f5,SP,osasco,health_beauty,14.9,10.96,25.86,delivered,2017-05-03 16:51:47,2017-06-02 00:00:00,2017-05-08 11:03:14
ae270175ffc265c84f5ce6a63c3a56aa,cc27b552c1d0c33dc74ab4e926b7006c,MG,tres pontas,pet_shop,168.0,16.39,184.39,delivered,2017-04-26 15:50:54,2017-05-17 00:00:00,2017-05-05 17:06:32
88111d2aacb94d5ba269e178f1994a2c,8b31f4c6fef5d63eae39ff3928b36d1b,SP,garca,computers_accessories,29.35,12.69,42.04,delivered,2017-09-04 18:58:03,2017-09-26 00:00:00,2017-09-13 23:12:00
c9d67cf174e14fc88f32b39a0201230f,9dd10d285fcd99dcd56a053b94730014,RS,porto alegre,furniture_decor,75.0,20.02,95.02,delivered,2017-12-29 17:42:12,2018-02-02 00:00:00,2018-01-21 19:22:56
0c50644a967084c645a3bfdf0cc47545,736f5dd51ba596512ab19214081058a6,SP,dracena,baby,16.77,10.96,27.73,delivered,2017-02-18 15:29:37,2017-03-23 00:00:00,2017-03-02 15:52:02
6e98c6485a5b20c9644e1dd3125e40ed,06056712884d6dcbce31c2e54e3c4f67,BA,botupora,furniture_decor,325.0,21.51,346.51,delivered,2017-12-19 14:34:23,2018-01-23 00:00:00,2018-01-22 10:51:41
ec3352dd1b10d126a76972b35d676210,6eaf641f747b759f77ee6ccf0d97c81c,SP,sao paulo,health_beauty,299.99,10.91,310.90000000000003,delivered,2017-06-12 09:43:41,2017-06-28 00:00:00,2017-06-19 14:07:49
14c7b3e2e0b5fd7ca0c342658c37347b,333f5ee86f365383a2b6155132a4a0c5,MG,itabira,housewares,52.11,15.11,67.22,delivered,2018-02-28 13:25:38,2018-03-20 00:00:00,2018-03-07 17:39:30
f2a3d556c40ae141f8633033d5589bc5,a692b5553b231afddf4b278854dc2870,SP,piracicaba,sports_leisure,28.89,18.3,47.19,delivered,2018-07-15 18:02:57,2018-07-31 00:00:00,2018-07-20 18:47:37
3b510aa86c6884da9a0f2d9960b2d9c1,462f8d38d1ca830befd60355240fbe39,RJ,queimados,watches_gifts,249.0,16.84,265.84,delivered,2018-08-07 10:48:59,2018-08-29 00:00:00,2018-08-16 00:12:40
db456679d015d774c82f5a26c503a7b0,bb713b58da78bee9279883ed814ad2e2,GO,goiania,toys,94.99,17.23,112.22,delivered,2017-10-11 11:09:12,2017-11-03 00:00:00,2017-10-25 23:42:05
5e34d391098747231b726e35a9ef3e5f,70be06cb5569d9a52f8f4fc13068477c,MG,belo horizonte,health_beauty,177.97,17.5,195.47,delivered,2017-11-20 20:52:34,2017-12-08 00:00:00,2017-11-27 17:28:37
20960ecf3d6ac0b19f3818f15c8e3fc5,5d335fd42a9c034be9220578ccc41d51,SP,sao paulo,furniture_decor,46.9,11.74,58.64,delivered,2017-01-20 00:52:29,2017-02-28 00:00:00,2017-01-24 14:07:51
6fdd6ca7bdcce986b6a442588af840a3,532155a7e1214ecd05d6c445e3354bc2,RS,panambi,housewares,54.9,18.26,73.16,delivered,2018-03-10 11:59:28,2018-04-10 00:00:00,2018-04-06 21:08:41
502b576f4d6a7091842c83677e13013d,45a14ecc90e7085ad2e1f1fb4e5479a8,PB,joao pessoa,computers_accessories,129.0,23.62,152.62,delivered,2018-06-21 15:45:52,2018-07-20 00:00:00,2018-06-30 15:09:43
f5139e1e815c2c43601a4525c4716188,c2f5d355bf122dba8aaf0c428073aa85,SC,palhoca,perfumery,56.99,14.57,71.56,delivered,2017-04-17 20:22:59,2017-05-11 00:00:00,2017-05-28 08:21:46
3a8fa2133fb96a04512604d9c32dc7c3,2d07c5651faf08b9f6536a2bbf74adce,RJ,rio de janeiro,computers_accessories,120.0,14.6,134.6,delivered,2017-02-09 14:29:29,2017-03-14 00:00:00,2017-02-22 13:46:33
0e748699edd544eb244d173a5658b7a8,9c7bc34fa4b2fd8e3f132a6337ba8828,SP,taubate,garden_tools,59.9,6.72,66.62,delivered,2017-11-15 11:41:07,2017-12-05 00:00:00,2017-11-27 18:42:48
8d41e13abb5f09190f8323201b806210,8d128975c6d9f3cc67640ef55cdf266b,PE,saloa,sports_leisure,317.0,39.36,356.36,delivered,2017-10-10 08:27:25,2017-11-09 00:00:00,2017-10-23 20:25:44
bd751ddcab3b8972d79a87e9cb5df8f4,14b752df6dd62c4afcafedeee4b8cffb,MT,primavera do leste,pet_shop,809.9,26.12,836.02,delivered,2017-04-06 11:53:43,2017-05-10 00:00:00,2017-05-02 11:47:48
eb5265687d8744ff9d5147004298fb36,db634985638ec4b6abf8734d7adde1ab,PR,curitiba,toys,129.0,15.66,144.66,delivered,2017-06-23 10:55:02,2017-07-19 00:00:00,2017-07-03 17:14:56
79740c687f8732e1b4e5464d41457103,8746cb518044ba60d9ab698522a04405,SP,sao paulo,telephony,12.97,8.72,21.69,delivered,2017-04-26 16:09:32,2017-05-15 00:00:00,2017-05-08 16:54:37
ec6323fa839b3c031b3bd782ddc15d6b,03459ab284a12b6d17eaf5b9c1c5b357,MG,carmopolis de minas,health_beauty,485.9,25.33,511.22999999999996,delivered,2018-07-17 23:01:37,2018-08-16 00:00:00,2018-07-24 16:58:50
560eff479b0937dd58f303cf1bbb14cf,2d40b4adfbb28854cb48ffe9e1ad0111,SP,sao paulo,fixed_telephony,19.99,7.78,27.77,delivered,2017-08-18 15:05:23,2017-09-15 00:00:00,2017-08-23 20:19:53
86d0407492e51a6150dfa8883cbe4094,cc7b98560e2b39f473911caf75f0bb2f,SP,brodowski,electronics,13.65,11.85,25.5,delivered,2018-02-23 09:59:22,2018-03-15 00:00:00,2018-03-08 19:18:34
9de95f56e518ba9bed6604438d1503eb,ba7e510938ce1546511bd31efb4d5335,SP,campinas,luggage_accessories,89.9,8.98,98.88000000000001,delivered,2018-04-11 14:47:14,2018-04-26 00:00:00,2018-04-18 15:41:04
13e3d20c254d6f982d8a1a1f57d74268,85b3ae9df63745fe6974a148da9e2191,SP,sao paulo,housewares,32.0,7.78,39.78,delivered,2017-08-01 13:43:33,2017-08-14 00:00:00,2017-08-05 13:24:26
4eecbfcab9ec27fad7e24ac94f9a032b,d10c2e48cffe876a6c1e7bf8427ed884,MG,congonhas,cool_stuff,179.99,16.82,196.81,delivered,2017-12-03 18:28:40,2017-12-28 00:00:00,2017-12-18 23:28:53
e10784ce2ff19f0a34f8b748efac518a,9a8b090e79f7b1e06088a608d69c2111,BA,coaraci,cool_stuff,149.99,20.29,170.28,delivered,2017-09-11 22:02:23,2017-10-05 00:00:00,2017-09-28 19:55:21
1be3fcdefdc438ab6f01a8547b31aa5b,27ae487d57f4443eb080d2f2c737bff7,MG,belo horizonte,bed_bath_table,19.9,18.23,38.129999999999995,delivered,2018-03-11 22:23:38,2018-04-02 00:00:00,2018-03-27 21:38:51
17a4db677e57484f24eb68217b8de4c1,9f93044b0156639ec44b7ecfca3b9c31,DF,brasilia,computers_accessories,180.0,15.01,195.01,canceled,2017-11-10 14:03:51,2017-12-05 00:00:00,
4cb51127f19f7254b320efe1718477dd,3904ade0c6610a7c4fb9ec34259528f6,RS,caxias do sul,furniture_decor,31.0,7.55,38.55,delivered,2017-11-15 20:58:24,2017-12-13 00:00:00,2017-11-27 19:24:17
face169115c6f2110b6324868ae397ff,0623f038035c3a191a8c19d01965611e,SC,rio do campo,housewares,120.0,23.38,143.38,delivered,2018-05-09 10:12:25,2018-06-04 00:00:00,2018-05-18 22:27:36
8f705decc6b7168523d676183f61b950,469ae55265c78502c1ce6fc929459615,SP,sao paulo,electronics,26.9,8.29,35.19,delivered,2018-05-13 23:35:58,2018-05-22 00:00:00,2018-05-16 01:46:39
0508768342a863478ca21854a6ac2869,15830d6d8272abd0a4f7496507e9e83d,RJ,petropolis,luggage_accessories,99.9,16.46,116.36000000000001,delivered,2018-01-07 17:48:05,2018-02-06 00:00:00,2018-01-22 22:23:07
3b096d44d833b0bc4714a1ab1ba9d563,57c629d615251024098b1d42d08347e1,SP,viradouro,electronics,27.9,15.1,43.0,delivered,2017-09-10 14:22:02,2017-10-03 00:00:00,2017-09-18 19:24:43
b79f65268e7e3353a2841e622ccbe4c7,64c839b1101b7ae0f26629b81b9be752,SP,aracatuba,pet_shop,530.0,24.1,554.1,delivered,2018-03-19 14:13:39,2018-04-20 00:00:00,2018-03-28 00:12:23
20efd9f000215e0bbefcf087e8cf3d61,ae52fa61f27bd494a25bc4c101fa29d0,MG,betim,health_beauty,59.99,14.2,74.19,delivered,2017-06-06 23:09:17,2017-06-30 00:00:00,2017-06-16 14:09:49
0cda834be88c6e549a9895efe5e0b49f,9df0c554a0b37fc0c8d3ca2f4a47ef7e,SP,guarulhos,home_appliances_2,149.0,51.12,200.12,delivered,2017-09-10 00:14:56,2017-10-05 00:00:00,2017-09-25 15:56:19
850a1a50b15538e71f05dab30ce0099d,59cfc67e9678b2bd98ad267b9b6d73bd,PR,curitiba,bed_bath_table,115.0,15.57,130.57,delivered,2017-10-20 09:46:43,2017-11-09 00:00:00,2017-11-10 14:32:37
3d0bb712c6a8ebe6bda01b3bdf6f331b,b8b59f2f9eb5fef9d081df532265ef1a,SP,campinas,sports_leisure,39.0,13.61,52.61,delivered,2018-08-09 08:36:09,2018-08-24 00:00:00,2018-08-17 18:53:33
63252ac9fcf4c3668aba4240e5f3b9b2,58161046e45e93cc8a30db711d553266,SP,santos,housewares,138.0,25.81,163.81,delivered,2017-11-13 14:32:16,2017-12-06 00:00:00,2017-11-27 22:19:02
767ed97fc7b0133058b858a89951972a,3deb4a6474e67d18f2a230a98fbf2f0d,RJ,seropedica,watches_gifts,99.9,0.0,99.9,delivered,2018-05-09 09:59:33,2018-06-04 00:00:00,2018-06-02 15:22:03
1d46325dfd950feac6d805fe8a5bb44c,bbf476c6d07609db8e82faf8d9b03557,SP,guarulhos,perfumery,149.0,13.7,162.7,delivered,2018-08-12 21:07:27,2018-08-27 00:00:00,2018-08-16 19:57:35
88a01a140aa9a9b29927d71752e9b7cd,3fdf793a17d8931a76a0aab637ca318a,PR,ponta grossa,office_furniture,274.0,31.51,305.51,delivered,2018-02-27 07:37:02,2018-03-13 00:00:00,2018-03-02 17:12:21
6982e573fae66449ecdcb3381c5c75f9,98fc5953df36cdfa978a40098b8589e3,RS,espumoso,luggage_accessories,249.99,79.48,329.47,delivered,2017-03-21 21:40:41,2017-04-13 00:00:00,2017-04-06 07:12:46
5ef8f0f9c9d95604cd61fd97ab176835,c143eafe10719dcc7dc0a855b2e3554d,RJ,rio de janeiro,computers_accessories,149.91,31.8,181.71,delivered,2017-10-24 18:07:14,2017-11-10 00:00:00,2017-10-31 20:43:31
f8d8215245fbbc9a2d8a4b94ec2ba540,472d6dfafda3c91c8712ebf3699537f8,SP,ribeirao preto,watches_gifts,168.0,13.84,181.84,delivered,2018-07-21 10:14:11,2018-08-07 00:00:00,2018-07-26 18:14:41
b7dccfff8a209f34ea09e32b844a0c4e,086f24c6c07040ab6a6383e1f4c37376,SP,maua,drinks,11.0,7.87,18.87,delivered,2018-05-11 16:10:14,2018-05-24 00:00:00,2018-05-16 14:08:01
7f5dfed48e701a5377de885c64a99aff,4d160824ea5977aa52fef32596211a93,RJ,valenca,housewares,6.0,14.52,20.52,delivered,2017-03-07 16:02:19,2017-03-28 00:00:00,2017-03-20 14:49:31
744dddb0362cbcb141adaed27f19cb3a,2454d481eb521ebf016dd2ef39314a73,RO,porto velho,bed_bath_table,69.9,26.3,96.2,delivered,2017-03-08 19:30:26,2017-04-18 00:00:00,2017-03-18 09:21:56
766c99ec475fbe5700815bd8d452d107,f0f9c9ea7c846f3ce709d08a440e71a5,RJ,nova friburgo,office_furniture,112.99,34.27,147.26,delivered,2017-11-24 16:28:54,2017-12-26 00:00:00,2017-12-21 23:09:11
8c81e36bea73764b1c079c3920f6879f,a110d2382b23e36d3a9534e5dfafe5e3,PI,picos,electronics,19.9,42.38,62.28,delivered,2018-02-05 14:28:30,2018-03-12 00:00:00,2018-03-01 14:23:04
e64e0f28c8abfe6f9a018e383c11c428,95a4373b6e6b7b5c3ae6e69a19519f5a,MG,ouro branco,computers_accessories,67.99,35.61,103.6,delivered,2018-03-26 07:51:24,2018-04-17 00:00:00,2018-05-09 21:24:36
3a04af7ae8cc442a2dad55dec73fb2e6,d3a9179d0ae5adb03b33dd5b994bcbfa,SC,pomerode,computers_accessories,173.9,15.97,189.87,delivered,2017-09-27 08:25:17,2017-10-24 00:00:00,2017-10-05 18:21:57
a7d73128b7dc2644c342e7495ebe8e3f,311b7759da40d8d24724a882f0641308,GO,goiania,watches_gifts,600.0,22.08,622.08,delivered,2018-04-05 15:59:54,2018-05-02 00:00:00,2018-04-30 16:59:24
b67f6518481ab5413b3ef3c6790bd80a,507feb960058acbf7bb1a961d3bce079,PA,belem,sports_leisure,75.0,17.81,92.81,delivered,2018-02-08 19:56:39,2018-03-14 00:00:00,2018-03-07 23:54:50
d91ebca111fb89e1ebbf4725da3120ea,7832c9a8eb62270795cbb72cc9b0be41,SP,sao caetano do sul,sports_leisure,35.99,7.78,43.77,delivered,2017-11-20 11:44:44,2017-12-01 00:00:00,2017-11-25 12:14:52
c5f9505b4bf9db0433b371002f7be6ff,c177749709d397d0804955f17d05f494,SP,sao jose do rio preto,cool_stuff,119.9,11.45,131.35,delivered,2017-04-23 18:02:49,2017-05-11 00:00:00,2017-04-27 12:30:21
12dc316f04369335263005a3f304d101,5bc16731c2179c57970e9ce0dbfae892,SP,tapiratiba,computers_accessories,38.9,18.37,57.269999999999996,delivered,2018-08-01 19:39:24,2018-08-29 00:00:00,2018-08-14 23:36:53
fd0bf90d8165b278520062ea17733c9d,8066741f85db0d4fd39d0e085f9db5ef,SP,rio claro,toys,94.9,12.16,107.06,delivered,2017-06-05 16:41:11,2017-06-26 00:00:00,2017-06-16 06:37:48
48e86fac091ccf24da8a7ebc63ec3111,9dcd3d06dd06a98c6a13a9f8260d6172,SC,florianopolis,cool_stuff,49.95,15.1,65.05,delivered,2017-06-12 11:34:57,2017-07-12 00:00:00,2017-06-26 16:39:50
a1ef4df483e27aab8cfdb7841f0fe317,7060e43af707b9e0b1c47015abd862f1,SP,itai,baby,63.99,14.03,78.02,delivered,2018-06-22 14:21:50,2018-07-16 00:00:00,2018-06-28 15:38:53
b68c121f5fc81ef3aedc751e4f53987c,3ac9c01f8a484bed9a2c023ce5b4a2d6,MG,belo horizonte,signaling_and_security,116.0,15.56,131.56,delivered,2017-09-15 14:48:02,2017-10-05 00:00:00,2017-09-28 20:27:01
9f3b6091dcf528b56e66db5dc51bd00f,9ab7f444e69908582090900bf8515b68,SE,aracaju,computers_accessories,129.9,25.04,154.94,delivered,2018-03-19 21:51:41,2018-04-10 00:00:00,2018-03-29 19:57:37
c5a6b3f14e7ccc01bd3cec98d73b7c42,d509dd3d1a5f5bc8448d71dfab057078,SP,sao bernardo do campo,housewares,159.0,13.24,172.24,invoiced,2017-11-20 18:19:04,2017-12-12 00:00:00,
00e1426d4c79f2e022570012c1ff57ed,e82abf2ce2e1afa26bf47670df5a04b5,MG,ribeirao das neves,health_beauty,61.99,24.56,86.55,delivered,2018-03-22 18:48:36,2018-04-17 00:00:00,2018-04-05 14:06:32
03c7d8b2c13e98ae77a8167d1a8be2bf,1bad1014607abb1ef00a39613bc6734c,SP,santo andre,sports_leisure,349.9,16.95,366.84999999999997,delivered,2018-01-18 19:34:36,2018-02-02 00:00:00,2018-01-22 20:35:49
a3a579880b2150c79c81e0c5b75beb79,8e0555f8dc7199e4170bf06d17b32dfe,RJ,macae,food,49.0,2.97,51.97,delivered,2018-05-04 13:13:49,2018-05-28 00:00:00,2018-05-15 15:21:48
afc5e76e5cc169a08cec884d98173efb,bfca7a9e3e07df51447510ede80822ec,RJ,rio de janeiro,bed_bath_table,113.57,18.04,131.60999999999999,delivered,2017-10-01 20:48:40,2017-10-27 00:00:00,2017-10-14 12:33:34
3282385c44e7b281c20ad4af6871097c,712a776c4198f16d721f17131111c49b,GO,anapolis,christmas_supplies,79.9,26.88,106.78,delivered,2018-02-01 12:37:05,2018-03-05 00:00:00,2018-02-19 20:06:38
0917636d789ce3b3eac37895935af5c2,4829d76fd44a6f080411fdd7d81df23e,ES,serra,tablets_printing_image,69.9,15.24,85.14,delivered,2017-11-24 22:09:42,2017-12-15 00:00:00,2017-12-06 17:37:11
07b9e5abd7254b1a85eb14ad3a1117e5,1b7f6f9b99184256cc36994b531453fd,SP,sorocaba,housewares,135.0,58.9,193.9,delivered,2017-10-09 08:10:30,2017-10-25 00:00:00,2017-10-19 21:26:57
799934ebdaf707f09223f71cb9e34305,c1133ec81daffffd4871e9353a3c8fb3,MG,pouso alegre,auto,84.55,16.22,100.77,delivered,2018-03-01 12:57:44,2018-03-21 00:00:00,2018-04-06 18:56:26
4cc275a83d9eace28626f30559570ba0,60f594984043fd2f99b024e41f029145,SP,sao paulo,furniture_decor,89.18,9.61,98.79,delivered,2017-03-08 12:44:23,2017-04-10 00:00:00,2017-04-03 08:36:03
f5ac2f2da6f2f8228a83d6ee71909439,6aeb93411f1e315cb0ce3ba83184a6fb,RJ,rio de janeiro,bed_bath_table,85.9,17.85,103.75,delivered,2018-02-01 17:53:21,2018-02-26 00:00:00,2018-02-15 19:16:48
b6d950bbbac28a711a71455adc829a5d,aa0ffb0310259ea699a5f5c8e72273de,SP,cajati,consoles_games,102.0,17.15,119.15,delivered,2017-10-04 11:38:53,2017-11-03 00:00:00,2017-10-16 21:42:08
b37fc42b9b16ca9e092edcf0c06bd1f5,d6b2a67c98eb8644a1d3b8c74be35001,RJ,rio de janeiro,kitchen_dining_laundry_garden_furniture,145.0,35.53,180.53,delivered,2017-10-25 16:55:15,2017-11-24 00:00:00,2017-12-07 16:29:32
6e90d9d1208b1fd1a03e262aa7d54115,7bfa212c3943753ed8307180edd5fe89,MG,sao jose da lapa,furniture_decor,50.9,16.12,67.02,delivered,2017-11-03 10:22:00,2017-11-28 00:00:00,2017-11-14 17:05:17
25497446fdd1ad63461e82dd59f92cf4,b26078bf2c2b4295ce9534d066d3427d,RS,porto alegre,office_furniture,119.99,40.19,160.18,delivered,2018-04-21 15:16:52,2018-05-25 00:00:00,2018-05-04 18:38:54
91a4048535e7c3a499d28e56430d7c6a,74cd2924d881a678aaf2481796c975b4,SP,jacarei,bed_bath_table,149.0,44.84,193.84,delivered,2018-08-05 20:00:21,2018-08-23 00:00:00,2018-08-14 00:36:26
721384cf1e817313c1e0403bb08235ec,e12941e501c78f88e7de3971418cecf3,RJ,rio de janeiro,watches_gifts,169.9,15.36,185.26,delivered,2017-03-23 01:01:01,2017-04-13 00:00:00,2017-03-28 17:05:01
1711f625690d080211f8c55bab2e12cc,a7ee34e7515c34aac2ec1f799e77fb42,MG,belo horizonte,cool_stuff,299.0,22.14,321.14,delivered,2018-03-18 17:56:07,2018-04-11 00:00:00,2018-04-05 21:18:55
d13bd0cdf8acb0062b969df660e560e1,f4d29fabe2a1639d5ddabbc4c32617c8,SC,papanduva,computers_accessories,62.9,25.72,88.62,delivered,2018-02-23 09:41:17,2018-03-22 00:00:00,2018-03-14 18:08:18
c0b7aa955b674c70e833720661fa765f,b8f01be895ce1861948a28a2663d8a9f,SP,pirapora do bom jesus,housewares,265.9,18.99,284.89,delivered,2018-08-16 20:56:16,2018-08-29 00:00:00,2018-08-24 19:58:31
1c45c55e5f8cc9e68b699930b8a4d8dc,599eb0241d7ab7d4224cab8faa166a65,MA,sao luis,health_beauty,19.9,21.15,41.05,delivered,2017-05-28 19:28:25,2017-07-03 00:00:00,2017-06-12 17:20:02
3b605dc5eb6e1c1bc6d88b500772567d,eab79251f142f75cac90d0fab01c9b56,MG,mariana,stationery,129.0,18.15,147.15,delivered,2018-01-14 20:03:58,2018-02-19 00:00:00,2018-01-25 13:13:46
0d9046ee305e5a360380ac6598561380,c12f98357c7b7e5adbb473e8522512f9,MG,joao monlevade,fashion_shoes,84.9,17.84,102.74000000000001,delivered,2017-10-19 16:18:26,2017-11-23 00:00:00,2017-11-06 20:09:32
6146a7dc414dd1510ac54aa29c2311ed,152a803f01c1cf2f04a0ffc8b42a6fa1,SP,sao paulo,garden_tools,39.9,10.96,50.86,delivered,2017-02-12 14:23:31,2017-03-15 00:00:00,2017-02-20 14:03:17
8fd54efdf2102a4ffc45a0738ed2c80d,0a5b4d068379435598396dccb6463a62,SP,sao paulo,telephony,29.99,8.4,38.39,delivered,2018-03-06 19:04:37,2018-03-16 00:00:00,2018-03-14 17:13:00
2d7d78a1457c3765a5ee5dcae46046fd,c450d45f5d533d91e3dd695b08b55a36,SP,marilia,cool_stuff,243.89,14.05,257.94,delivered,2017-12-01 09:21:34,2017-12-27 00:00:00,2017-12-07 16:59:11
3023efa2840e41b0609d1879b171cba7,34797923acc0e38289e16cbd95fd4ff4,RJ,rio de janeiro,housewares,45.5,16.32,61.82,delivered,2018-05-09 16:35:05,2018-06-08 00:00:00,2018-05-15 19:18:48
dba140d12592fdc150bbeed0f7f1a32e,7d928f93629614adf7a2ef548cd69622,RJ,niteroi,computers_accessories,49.0,16.11,65.11,delivered,2018-01-06 09:39:48,2018-02-09 00:00:00,2018-01-29 21:48:48
da39b7bb959252bc4980dd9bc21d3415,7c8045164dc10809e26581a0e7230497,RS,guapore,telephony,12.97,15.1,28.07,delivered,2017-09-12 13:54:19,2017-10-09 00:00:00,2017-10-03 15:58:30
4f7efc5c210804c2178266d4e12d6968,38121bfd7fcbae0b33ef1940ee91dcaf,SP,osasco,health_beauty,46.49,8.72,55.21,delivered,2017-10-18 23:21:27,2017-10-30 00:00:00,2017-10-26 19:38:59
0e2aae39225d075cc7fdfda12ef5434f,ef3aa901ca7f8bc099be6fd33f8daba6,BA,salvador,auto,39.9,18.28,58.18,delivered,2018-05-29 19:36:23,2018-07-05 00:00:00,2018-06-12 18:14:43
8139c6ba17098ce29be01da362849540,c9b7041184e570070de0d53ec79500f9,DF,brasilia,housewares,285.0,54.52,339.52,delivered,2018-05-04 19:43:13,2018-05-25 00:00:00,2018-05-10 22:27:22
c36ef1e1846fbb375cfa1e035bc646ca,12e63ceef00512761969b2f43ea7be8c,MG,teofilo otoni,auto,59.9,23.0,82.9,delivered,2018-04-26 17:19:33,2018-05-18 00:00:00,2018-05-04 19:34:59
51d837b72cf24883a9a18f061f382c2a,3fc63a1cff1beeaf62fff26f695de143,SP,maua,toys,69.99,9.34,79.33,delivered,2018-01-16 00:19:11,2018-02-07 00:00:00,2018-01-17 20:14:55
107836df203f233ea55a11b5b96aebec,d42b44d4b90b92ada0e5b117b189473f,PR,curitiba,health_beauty,118.9,14.56,133.46,delivered,2017-12-07 21:00:11,2018-01-02 00:00:00,2017-12-15 02:28:56
6f4f578dc1619bddcbc6c56c9502eb74,3dc3016006cefe3f43b3e0fbf60fbd7f,RS,porto alegre,sports_leisure,249.99,16.5,266.49,delivered,2018-01-23 11:58:33,2018-02-16 00:00:00,2018-03-03 19:29:11
6a30ecf6e27a0c6c8373a4ffc57cb353,ed04da2a9e4d7cb3eae84074a2822567,SP,ribeirao preto,sports_leisure,249.99,1.52,251.51000000000002,delivered,2018-03-25 14:29:45,2018-04-20 00:00:00,2018-03-30 19:28:53
e7fe3e8da4d6c39f4216d00309b965ba,c0dbd98158e7f30aecac98b3b0d78c18,CE,frecheirinha,food,15.32,10.96,26.28,delivered,2017-04-19 19:34:51,2017-05-09 00:00:00,2017-04-27 14:46:33
5226003c0580585a8fe4e9b6d2935c2a,a98127f5902b8118fd702de874f1287c,MS,tres lagoas,computers_accessories,155.0,16.85,171.85,delivered,2017-07-19 10:28:38,2017-08-14 00:00:00,2017-08-08 18:23:52
bd086ca155971e41011456e63e94f36e,91d0504cf52d3f76b154c42d78979f39,MG,itajuba,bed_bath_table,72.9,19.7,92.60000000000001,delivered,2018-06-12 16:26:37,2018-07-17 00:00:00,2018-06-19 17:18:33
b41e372c4fbebabe98c8f611039981f3,1b6e96ed99cb8d135efe220d761bbd67,SP,monte mor,housewares,24.9,10.96,35.86,delivered,2017-03-22 07:58:24,2017-04-10 00:00:00,2017-04-05 06:13:11
2a4e9cc2c53dd020a94fb56a25e0be57,a69d31a5f6011df99d415808d6d640b9,CE,limoeiro do norte,baby,59.99,25.7,85.69,delivered,2018-02-22 08:25:27,2018-03-26 00:00:00,2018-03-14 20:41:06
ac86dd3679ae1b9b02aa9d04b6e5dea2,b0afeb156c23614c6d6e5c382b494c18,SP,osasco,housewares,136.9,15.05,151.95000000000002,delivered,2018-05-10 21:38:31,2018-05-29 00:00:00,2018-06-02 13:46:46
ed0b1b983f9bd6988b9865f7e774b885,715e295d8e0bf31c06df39a9b01c25e2,RJ,rio de janeiro,health_beauty,9.8,7.94,17.740000000000002,delivered,2018-01-21 17:11:05,2018-02-06 00:00:00,2018-01-30 22:04:32
214580954d7ba593f5d402590c80d49c,e19d2823a5489529fea91a66466455f3,SP,osasco,furniture_decor,229.9,12.23,242.13,delivered,2018-06-02 21:26:38,2018-06-28 00:00:00,2018-06-05 19:38:49
cb43135710027c5812dd0fe65691c636,abe24bdb42358f26fb23b65fde785cfd,SP,santo andre,auto,19.9,7.39,27.29,delivered,2018-04-22 22:28:24,2018-05-07 00:00:00,2018-04-28 15:37:25
7ac617c6f13e6890a30d029b0bc3e904,ec5dd9e9e23235dfe130946883cdc82e,SP,itapetininga,perfumery,69.9,11.1,81.0,delivered,2017-05-05 14:04:37,2017-05-26 00:00:00,2017-05-16 14:37:09
250587cf0cafce7892b56a47a1697833,ea963389a3d0298f11f13b19de11dc37,SP,sao paulo,housewares,79.0,30.86,109.86,delivered,2018-02-15 17:42:18,2018-03-08 00:00:00,2018-02-22 23:36:37
792295382332f1170f1edc45dfade051,bb0c181b34b3c55ac9019fdcf9933e4c,SP,guarulhos,auto,199.9,19.68,219.58,delivered,2017-02-08 13:05:17,2017-03-09 00:00:00,2017-02-14 13:13:41
a11939cea79c6fc04707f96491a5e577,220c1e6683112e6fdc33ecf766135118,DF,brasilia,sports_leisure,49.99,17.63,67.62,delivered,2017-08-10 11:21:53,2017-09-08 00:00:00,2017-08-29 21:47:37
0e3815fe1ff3637c9870015d43097b07,61343129b5a84f2e32a878927ccdff88,SP,irapuru,sports_leisure,49.9,12.79,62.69,delivered,2018-03-16 11:23:10,2018-04-04 00:00:00,2018-03-27 12:37:19
e6a7754d776e95d1a2b8e6d6f2d7ac9d,77109035aef26917b4c23dc142a55bde,PR,curitiba,cool_stuff,156.99,25.95,182.94,delivered,2017-04-25 19:35:54,2017-05-23 00:00:00,2017-05-04 12:49:50
ea4286567e0283e5437a80dafadc9a4d,946716dcaf2e98bfc86bf248a90bb43b,PR,curitiba,housewares,63.6,12.96,76.56,delivered,2018-04-17 19:19:04,2018-05-02 00:00:00,2018-04-25 19:11:16
ba13f88bc48228019bdb212741534045,f5c7000754524f8b1814f13c62f38373,PB,joao pessoa,telephony,39.99,22.85,62.84,delivered,2018-04-12 23:10:44,2018-05-15 00:00:00,2018-05-08 21:26:32
ad267363f417fe1945d534f8df659562,74b91fb33070df7709adad417fd214ec,MG,contagem,food_drink,34.99,16.11,51.1,delivered,2017-08-16 11:32:22,2017-09-08 00:00:00,2017-08-24 21:53:56
c054ae148086d8edf0f55f1dad0987e7,a557cc88133443b89bb49d01e7c89644,BA,salvador,health_beauty,85.0,19.83,104.83,delivered,2017-12-17 20:43:23,2018-01-18 00:00:00,2018-01-03 21:38:55
e8fdf80510b65c9abdaf0ae2446bd55a,598ef1f13aba15f2b88387184f6c25ec,SC,brusque,bed_bath_table,96.9,23.26,120.16000000000001,delivered,2018-03-24 15:44:59,2018-04-18 00:00:00,2018-04-05 19:24:48
d4c6aa2277352d92106b387b2ee13839,e4d18909afd252a0289765acc614d3e0,SP,sao paulo,bed_bath_table,129.9,11.93,141.83,delivered,2018-07-09 18:30:46,2018-07-23 00:00:00,2018-07-13 21:33:48
fe185068c0d733ffb18fe6636ac8e498,13a3742f6e3430a2c403ea9b301270d1,SP,sao paulo,signaling_and_security,54.28,11.73,66.01,shipped,2017-07-16 12:39:50,2017-07-28 00:00:00,
bd5c96897aa0d348c89df8ebc8f13c3d,90c329efbf418634b40f4a2a75d9331e,RJ,volta redonda,unknown,104.9,15.48,120.38000000000001,delivered,2017-08-15 15:41:57,2017-09-06 00:00:00,2017-08-31 19:27:43
c425022a55c05232ef90584ea3a169c7,f5859580b427853d3230f857fd8c1439,SP,sao paulo,perfumery,13.99,7.78,21.77,delivered,2017-09-26 16:22:02,2017-10-11 00:00:00,2017-10-04 18:34:00
eb366fe32c33e3b4037e9c3290b3ecec,e139bc5274d13c4f54854f48b0dd25db,DF,brasilia,baby,129.99,15.67,145.66,delivered,2017-11-20 16:35:55,2017-12-11 00:00:00,2017-12-02 21:08:47
c5976da90bd31c7f760891b7db4e0c9b,3157466613dad6ff9a7a98af3ba288f2,SP,taboao da serra,sports_leisure,59.9,7.78,67.67999999999999,delivered,2018-02-22 19:13:33,2018-03-08 00:00:00,2018-03-02 18:07:12
3dc2e037b872ca03f5b91028710abae5,a9f2ee3ac6f8aeb670c23effec238de2,SP,sao paulo,housewares,128.9,26.27,155.17000000000002,delivered,2018-06-18 16:23:56,2018-07-17 00:00:00,2018-06-22 14:34:35
8bff3c1c4e7be54ba2c6e96173af9cbd,0f934eee5883e89afa40170db7f3efe7,SP,paulinia,home_appliances,149.99,21.02,171.01000000000002,delivered,2017-12-04 11:02:18,2017-12-27 00:00:00,2017-12-20 18:32:44
1db3715533e603dd564cc484cdcf99fd,691324dbe08df1efabf60764e485a7ce,SP,sao paulo,baby,134.9,9.69,144.59,delivered,2018-08-12 09:28:01,2018-08-22 00:00:00,2018-08-17 17:54:34
87993df58718ae05426e9b6fb1d838ab,df995347fba825851392d8f597fbb7f5,SC,florianopolis,health_beauty,109.0,25.31,134.31,delivered,2017-12-03 20:24:03,2018-01-04 00:00:00,2017-12-18 11:48:41
7a8642ee90484b296acc07b910c2c44d,1ab743a11d1bf7d2cec4e91697f076f9,SP,praia grande,watches_gifts,29.0,8.87,37.87,delivered,2018-05-08 09:53:28,2018-05-22 00:00:00,2018-05-10 21:06:36
3722900224c18ef2bfb634a635cdbc72,64d08a95f4cb29bee9c7517967e880a2,SP,leme,computers_accessories,180.0,12.76,192.76,delivered,2018-02-25 10:29:45,2018-03-21 00:00:00,2018-04-04 13:26:45
170080bcc0fb2580b853e32c5c579d5f,2dbb01742ba9013519934d18d7f3890a,BA,salvador,furniture_decor,38.5,17.92,56.42,delivered,2017-05-24 10:12:26,2017-06-22 00:00:00,2017-06-30 16:32:46
431fe12f4d24d8f61a0947c0bc842a04,5b09c620db60411b0be6f1817c6cbe71,RJ,arraial do cabo,furniture_decor,46.99,16.11,63.1,delivered,2017-08-22 16:50:11,2017-09-14 00:00:00,2017-09-08 21:33:17
7ecfa19903fa2693cf01e180885b6235,ccc9b20de34d924b23584f1b7fbc70f5,SP,campinas,home_confort,599.0,20.93,619.93,delivered,2017-06-05 22:38:53,2017-06-26 00:00:00,2017-06-19 21:25:53
6007efb03b652fb947155d0dd1001098,e35b2a3c980b6e0fc66c66b8e1122e93,SP,franca,computers_accessories,299.9,16.95,316.84999999999997,delivered,2018-03-07 16:32:41,2018-04-10 00:00:00,2018-03-26 23:32:38
428b4bc63167af6b36e40101b3633dff,08780ee11c90bbf2d4065b32c6addb33,MG,uberlandia,cool_stuff,139.93,17.42,157.35000000000002,delivered,2017-11-10 01:19:54,2017-12-08 00:00:00,2017-11-21 18:58:45
ed9ddf13b205161d8ca32de15a50a5c7,94093e4a8945e283282180e6aaae4fc3,MG,contagem,toys,139.99,15.74,155.73000000000002,delivered,2017-12-03 19:38:53,2017-12-27 00:00:00,2017-12-19 20:38:23
4f19c6b4e6eec789ace7daa84889dd37,6a88124470b2dfdcd14d76a86778eb1a,SP,santo andre,sports_leisure,11.7,15.1,26.799999999999997,delivered,2017-05-26 01:57:45,2017-06-29 00:00:00,2017-06-19 18:33:40
470ae997eff151effb3503add146880b,cf95b0b5fae3a5db750d9b28c816e818,GO,cristalina,baby,889.0,28.8,917.8,delivered,2018-05-16 19:09:00,2018-06-12 00:00:00,2018-06-06 21:12:08
b602e9018426fcb5d4f616503de8057d,518c8b5df47f0d56eedba8e7c918f8f9,SP,bauru,fashion_bags_accessories,40.0,11.85,51.85,delivered,2017-08-21 10:44:46,2017-09-11 00:00:00,2017-08-28 20:05:11
44ca3a6e88412fa58bacabe95656aa63,66687f241e65be2fc37e4213aebd2d76,MG,belo oriente,pet_shop,60.0,22.35,82.35,delivered,2018-06-18 20:51:49,2018-07-24 00:00:00,2018-06-27 15:04:50
300449403bc51b74937be794d4999da9,faa7be73dc33b7fba318507355db3f2a,SP,sao paulo,electronics,19.9,12.48,32.379999999999995,delivered,2018-01-09 17:37:24,2018-02-05 00:00:00,2018-01-20 14:32:38
fc2f86d56413e4c2e64ffd50117f6a6b,e303e5adf60bd9eb2024949b653571db,SP,sao paulo,furniture_decor,158.0,9.46,167.46,delivered,2018-03-21 18:52:37,2018-04-03 00:00:00,2018-03-23 14:51:21
fbff77db5421bb7e1da292db45d07e75,6ee4fdb7edab032aaa8392bab5446546,SP,santo andre,books_technical,45.0,10.96,55.96,delivered,2017-03-15 11:41:46,2017-04-03 00:00:00,2017-03-20 10:34:54
ca8eaa7367f04ef547edaa942ad53386,8ad7b8a0718ec3b848f73a9406b8cc7f,RJ,nova iguacu,fashion_bags_accessories,79.0,14.72,93.72,delivered,2017-03-03 14:24:08,2017-03-27 00:00:00,2017-03-13 14:38:04
ec6fad60162a199dc5aa0cbb021b26a8,0718a12f2357ad8587a8378e379480f6,RJ,nova iguacu,watches_gifts,240.0,19.78,259.78,delivered,2018-08-04 16:03:59,2018-08-22 00:00:00,2018-08-10 19:32:52
0c4c42e7e040dc423699b1d019b684e1,cb047863e4daa09d7dc29e8f99effaa7,ES,linhares,food,63.49,16.2,79.69,delivered,2017-11-30 20:18:49,2017-12-29 00:00:00,2017-12-22 22:48:38
e47a63ad65b54953702eae37cb14632b,dd3b43978ac68412d41f09c8354bdf7c,RJ,barra mansa,sports_leisure,72.9,19.7,92.60000000000001,delivered,2018-07-13 13:10:25,2018-08-03 00:00:00,2018-07-24 20:48:42
f38becfd5e80f3d9d988ecab0b0a8d41,b077b77adf79331dcfd0c85379e4d5b3,PR,francisco beltrao,watches_gifts,44.0,15.1,59.1,delivered,2017-06-06 20:36:40,2017-06-29 00:00:00,2017-06-16 16:49:47
9b60f439beee2ca1fceaefc864222934,bc587014ab07d03222179cad9d1d3feb,SP,marilia,sports_leisure,110.0,16.4,126.4,delivered,2017-08-18 03:25:34,2017-09-08 00:00:00,2017-08-25 18:05:03
a4c0c3903b0f57f415ce5dc9d3bae784,d6c8aa9d59c3d33c00586afbc9558a8f,SP,barueri,small_appliances,16.9,9.34,26.24,delivered,2017-08-05 13:44:23,2017-08-18 00:00:00,2017-08-09 19:28:12
03ee63602079004d0098fecfc1d4cfe7,754f0aa37a9a58685e42e70973bc511c,RS,novo hamburgo,sports_leisure,65.0,15.2,80.2,delivered,2017-08-15 17:08:00,2017-09-08 00:00:00,2017-08-24 15:40:18
8ac8caf128f503ff9cf86d1838fcd2ec,6f0988e0106f1c58952c50b7ad68e036,MG,belo horizonte,telephony,235.9,18.93,254.83,delivered,2017-11-28 22:00:53,2017-12-21 00:00:00,2017-12-11 20:51:43
5ba2971983dbd7066539c01bcaad029d,f93fa04812acec5c7cca35346684c216,SP,sao paulo,computers_accessories,25.0,11.85,36.85,delivered,2017-08-23 12:17:57,2017-09-14 00:00:00,2017-08-29 15:58:57
2bec039adcca39ad3a2d76a949e6c99d,f251fa47f92c30e90adad31062a96a86,SP,bauru,computers_accessories,119.99,44.64,164.63,delivered,2018-07-26 13:03:46,2018-08-16 00:00:00,2018-08-03 15:18:37
3e50ccb3e4c2558e4235db553f8dc2b1,5363a5cf51015b74dc3fdac330f8af9f,SP,santo andre,garden_tools,99.0,12.6,111.6,delivered,2018-06-09 21:38:58,2018-06-20 00:00:00,2018-06-15 01:26:37
f4894d53b6be36cd0c12a1e648e35758,8092414d9e685a6d762729fccdd4af93,DF,brasilia,housewares,15.0,7.71,22.71,delivered,2018-07-13 20:36:21,2018-07-25 00:00:00,2018-07-20 21:43:30
84be7c64b278c1dc955e62970dea11c7,d1e06d1ad381bfd9e03fe4a51f22c1c9,RJ,rio de janeiro,unknown,258.0,15.56,273.56,delivered,2017-05-19 16:09:06,2017-06-14 00:00:00,2017-06-01 17:22:14
a958c63d82402d33056428ad710622d0,35abb7c13ce5b7575fc6cf70bc6c93e8,MG,ouro fino,toys,99.9,25.54,125.44,delivered,2017-12-11 16:54:58,2018-01-09 00:00:00,2017-12-19 16:35:05
bb4bfc8351c7a9340b9fadd09e26be8d,2e4fbd9d1d988bd69581e1e52b9bf606,SP,poa,housewares,34.9,9.55,44.45,delivered,2018-07-12 10:15:19,2018-07-20 00:00:00,2018-07-14 15:29:41
334bdd786e5d50231aac545ecdc7e291,aee3ba1f1556734cc5f1fdd8ff225054,MG,uberaba,stationery,59.9,18.04,77.94,delivered,2017-09-11 12:41:27,2017-09-27 00:00:00,2017-09-14 23:22:33
a079628ac8002126e75f86b0f87332e4,369cf098450e6de108ffa64f68b713a1,PA,capanema,health_beauty,99.99,52.83,152.82,delivered,2018-04-24 10:19:45,2018-05-29 00:00:00,2018-05-14 19:12:50
9644729cf104f7870436481d24456834,5bf730cf1219395b0dd14b2f6d6c1657,SP,mogi das cruzes,telephony,24.99,7.78,32.769999999999996,delivered,2017-08-25 16:40:54,2017-09-08 00:00:00,2017-08-30 13:37:33
a8d0b508b8328e380a5bf1ddc810b911,f27c05c74dfcba909a9b8c31e0fe4eb9,MT,comodoro,computers_accessories,352.57,40.02,392.59,delivered,2017-10-24 11:17:01,2017-11-29 00:00:00,2017-11-10 12:55:32
cd4e24fcdcb30525260f987517272999,8f01f92134cafd494c6ac7ace2951f4f,SP,taboao da serra,cool_stuff,99.99,12.09,112.08,delivered,2017-04-10 20:33:44,2017-05-02 00:00:00,2017-04-13 11:42:43
c9235f8ee527574b6e127f65f016fa73,3dc2cc07a33edae5d8588063b1c85438,MG,belo horizonte,health_beauty,6.0,14.1,20.1,invoiced,2017-12-01 16:01:18,2017-12-28 00:00:00,
4bacb60c9bdaab084b0354a3f7063af4,97a015bf4ecc8c13760c7128ca879c8a,RS,osorio,baby,179.99,23.84,203.83,delivered,2018-05-27 21:12:29,2018-07-16 00:00:00,2018-06-13 16:56:30
371144639291ca32d97aa87af7ef134e,61b1cf555fffb6c8845d81e8aa44f7e5,SP,sao paulo,bed_bath_table,39.99,8.95,48.94,delivered,2018-05-01 21:18:44,2018-05-30 00:00:00,2018-05-07 19:38:38
c71668ecb00ef95a73c7aedef1332d54,2933b9220ee0a0fa27f0dae046d4aff4,MG,itapecerica,health_beauty,88.9,13.74,102.64,delivered,2018-03-09 12:19:56,2018-03-27 00:00:00,2018-03-15 21:38:40
4acae38053fac34d667306b2de1445ee,e06c6e8044a306c2d1eac42777b8c626,SP,sao paulo,bed_bath_table,79.9,11.76,91.66000000000001,invoiced,2017-11-23 11:46:27,2017-12-05 00:00:00,
987430b7ddb6c5c4a9a83505e40a5f4c,12c2a65dbe592d90ddd6f3fa27ff24d4,MG,bom despacho,computers_accessories,69.0,15.23,84.23,delivered,2017-05-14 18:07:50,2017-06-07 00:00:00,2017-05-29 13:12:15
48b30a476f1500e10dcf059b5adf750d,cd7f83d9aac4d5d0a2998d237a0adaa3,DF,brasilia,toys,149.0,18.29,167.29,delivered,2017-06-23 15:05:19,2017-07-19 00:00:00,2017-07-05 14:05:57
5c0623ce8050c2cddeec3575bfbe0a53,c6abdb335cf117fb7fe0bb9bc1365586,ES,linhares,construction_tools_construction,109.9,7.03,116.93,delivered,2018-07-25 06:56:57,2018-08-21 00:00:00,2018-08-03 18:13:39
7d960d3f481b040257655876b44e79bc,ec5e34e8372bc2a8e58b10937bd6034b,SP,cajobi,unknown,449.99,13.76,463.75,delivered,2017-02-06 21:11:50,2017-03-01 00:00:00,2017-02-16 04:14:54
d85e7bfbf3642aa30c49c490a914d140,5777781eee24b7df08f8b6519917bfca,SP,barueri,housewares,35.0,11.15,46.15,delivered,2018-04-26 11:29:36,2018-05-15 00:00:00,2018-04-30 21:22:17
9f738fc8b806bc3d86ccf78855e82eeb,b6108acc674ae5c99e29adc1047d1049,RN,acu,garden_tools,174.8,24.84,199.64000000000001,delivered,2017-05-05 19:08:38,2017-06-09 00:00:00,2017-05-24 10:37:32
bfb319221f8164f860374cd0cf9f9859,6b7fff4bc92df4932c55a519702b0d9e,MA,sao joao dos patos,unknown,722.5,47.09,769.59,delivered,2017-10-04 17:20:15,2017-11-07 00:00:00,2017-10-23 20:34:43
e658e8dc29fc5581482829dbcc127aac,ffa652b0cdf8bba29664149a9e579134,MT,varzea grande,fashion_underwear_beach,79.9,18.8,98.7,shipped,2017-09-11 22:57:29,2017-10-03 00:00:00,
ce08f40b106df255b226e0cf2df6a11f,4e7e89793391a649404570e8186bd839,SP,sao paulo,housewares,62.0,11.73,73.73,delivered,2017-11-20 11:46:00,2017-12-01 00:00:00,2017-11-24 23:57:43
63f6e76a9eda18784ab77b51eb55d816,e76a742ecbb8201a0d3ad6f9f7587788,PR,curitiba,sports_leisure,74.99,12.67,87.66,delivered,2018-04-24 10:40:06,2018-05-22 00:00:00,2018-05-04 12:04:19
b42139457824c80f921388a5655296d0,e1aa29733dfe56846a5f92ac3e4b1cd7,PE,recife,baby,49.9,17.63,67.53,delivered,2017-11-20 12:47:45,2017-12-15 00:00:00,2017-12-03 19:07:04
d2c0ceb948cf7025d520cbd2c88ba435,93329158de633885e924a0c207c5bd6c,RS,sao leopoldo,health_beauty,116.0,16.51,132.51,delivered,2017-02-04 21:39:14,2017-03-10 00:00:00,2017-02-14 12:45:32
800deb240c0633d6f980c1274f122c6e,8b2b84458b97dd90b26a906ce666cf27,SC,imbituba,books_general_interest,22.9,18.23,41.129999999999995,delivered,2018-05-11 16:59:56,2018-06-06 00:00:00,2018-06-05 20:44:46
3208081336d844f7752b1e939dd1bbac,7018a5e068b8fd0912fed2d02952df23,MG,belo horizonte,furniture_decor,84.65,8.18,92.83000000000001,delivered,2018-02-28 23:48:09,2018-03-13 00:00:00,2018-03-06 22:28:59
fb1ddf834a88bd14684fbc3242c4a46c,8d434defc893fd9ac17fabd1462cbce3,PR,curitiba,small_appliances_home_oven_and_coffee,1799.0,31.99,1830.99,delivered,2018-05-16 16:58:47,2018-06-26 00:00:00,2018-05-21 19:50:58
73c0fc13039b78072f6504565ebe2693,2f6eabdd9cca65c0be3bda6a537ce2c3,DF,brasilia,bed_bath_table,54.99,15.13,70.12,delivered,2017-07-26 11:41:17,2017-08-21 00:00:00,2017-08-07 18:51:54
0ee0c320d2ceda401e28f8bc01e2fde2,e49d8761ddd1aac4214a2beae275e6d1,BA,serrinha,garden_tools,289.0,40.65,329.65,delivered,2017-03-26 11:36:32,2017-04-28 00:00:00,2017-04-18 12:38:13
21f09ddab3452c7541fdd8b251645918,b660a6a9613a3cb9acca26f5de5b720a,BA,catu,computers_accessories,59.0,22.12,81.12,delivered,2018-03-16 09:25:33,2018-04-12 00:00:00,2018-04-13 00:28:35
ee24b5ab6e72c956f37630115a3c5cc5,cc83f7e6be1e9696e04b60f00417799e,SP,sao paulo,bed_bath_table,27.5,9.44,36.94,delivered,2018-04-04 17:20:44,2018-04-19 00:00:00,2018-04-09 23:38:34
4a8e88b3aeb9aa051f967f7f551213ab,b2c59485a6c797464a23de924cb1a490,GO,divinopolis de goias,fashion_bags_accessories,79.0,15.3,94.3,delivered,2017-05-10 10:25:20,2017-06-05 00:00:00,2017-05-25 14:15:37
c962c201a85de03ef0e3680ab20d2102,6c24363a631b5b08a9ece392fa118f97,DF,brasilia,sports_leisure,136.0,15.7,151.7,delivered,2017-05-25 11:55:14,2017-06-21 00:00:00,2017-06-02 15:13:58
270405232941d7da4e2b02fb8580f571,cfc4fac78a42d7473d302f45a3cc2531,AP,macapa,furniture_decor,75.0,44.45,119.45,delivered,2018-07-06 16:02:38,2018-08-22 00:00:00,2018-08-02 19:11:44
9da777e6977f9a0ed47c0a36c439a100,c727a5b74bcd7e15a8fc4ce28c145dd6,ES,vitoria,computers_accessories,19.99,15.23,35.22,delivered,2018-04-22 21:48:49,2018-05-16 00:00:00,2018-05-08 20:28:42
2a289c7b780d648ef3ff20d647ea1a16,65c03273e96d017abdda1885fc6e443f,SP,sao paulo,computers_accessories,149.0,12.53,161.53,delivered,2018-03-27 21:44:00,2018-04-16 00:00:00,2018-04-06 23:09:32
92067448c4d19cbdc8e0f8dd683e63b8,229eb22d6cd2e70148026fe758adf054,SP,itarare,furniture_decor,35.0,9.6,44.6,delivered,2018-05-03 22:41:07,2018-05-23 00:00:00,2018-05-10 20:42:42
283548b206a96af4094495858774befe,c667c7454243251d3210c6c54a97c482,MG,janauba,furniture_decor,115.0,18.69,133.69,delivered,2018-04-02 20:31:32,2018-04-23 00:00:00,2018-04-09 18:29:49
5cba90f4426ae8c12848639992997edf,a0f619ac6cd2d9cc9194f265dac97d9e,PA,belem,health_beauty,14.9,25.63,40.53,delivered,2017-12-01 15:18:25,2018-01-10 00:00:00,2017-12-22 15:54:34
6101a3cad652012312ccd9284733ac2b,9039fa4063ed33243494da180bf71b42,CE,fortaleza,cool_stuff,88.9,34.0,122.9,delivered,2018-07-23 11:15:29,2018-08-23 00:00:00,2018-08-02 19:38:48
81fff738e05d97b97be744936e7535a7,904d27a97e6551227ff4cd1be288226c,CE,hidrolandia,cool_stuff,129.99,29.84,159.83,delivered,2017-05-02 21:14:49,2017-06-06 00:00:00,2017-05-24 11:16:33
5f416901ed4850dea2341b0c8cf6fde7,3d20f9eb3b573ac7c42e3888c339467f,SP,piratininga,sports_leisure,865.9,32.61,898.51,canceled,2017-11-05 17:40:04,2017-11-24 00:00:00,
57be20dc5f786ed372add8e3f28be447,12e92c0f870fc6941c2bfafae6357c4b,AC,rio branco,furniture_decor,79.9,27.84,107.74000000000001,delivered,2018-07-26 13:13:19,2018-08-30 00:00:00,2018-08-09 13:59:42
a69ec1a52a9dc2098fa6fbe6a47545a7,26d56e2bb6e04f6178fe73493986dff5,RJ,rio de janeiro,auto,39.9,21.08,60.98,delivered,2017-12-11 01:05:34,2018-01-08 00:00:00,2017-12-29 14:42:13
5b649740381032adc79831802d8d221a,f38e382731af9143e1321a49534c395d,DF,brasilia,health_beauty,200.0,31.2,231.2,delivered,2017-11-04 11:11:51,2017-11-30 00:00:00,2017-11-13 16:52:04
be9c47a423439fee2d195e6acc9b0253,8836d14207a8ef975dda378b41e9ba98,SP,sao paulo,furniture_decor,118.75,16.46,135.21,delivered,2018-03-03 14:04:59,2018-03-21 00:00:00,2018-03-12 14:56:31
7950da660ed653b5a9b6ee668da63857,b02a5df6d2bc1bfed97344b56b7f218a,SP,sao paulo,furniture_decor,89.9,9.44,99.34,delivered,2017-10-02 14:16:46,2017-10-18 00:00:00,2017-10-09 23:44:06
c0a7132617f6d55916e28d0478296b2f,2811bce3b9fabf7447f2e1485a7f1126,SP,sorocaba,garden_tools,39.9,11.85,51.75,delivered,2017-06-22 17:19:09,2017-07-12 00:00:00,2017-06-30 10:47:43
7d3636e9d015024df69d61abc7bab409,de9c15c18724c6b8b335fe5ff485e01f,SP,santos,sports_leisure,59.9,18.52,78.42,delivered,2018-07-28 02:36:12,2018-08-16 00:00:00,2018-08-03 20:41:49
d49cc0e98373ebdf3a080d3bad016283,f16af2054d47d6b587676a790b5c0f3a,SC,sao miguel do oeste,health_beauty,59.9,16.18,76.08,processing,2017-11-24 10:37:12,2017-12-21 00:00:00,
e734d2946014016191c36d3bacb36508,e2afec6f292f6700f485ca479e92e13b,SC,fraiburgo,cool_stuff,209.99,36.82,246.81,delivered,2018-06-16 14:34:24,2018-07-17 00:00:00,2018-06-25 21:07:37
77749ba00bdd3c6d19363c493a38bea5,6ed5269a8360486d45bab22d695b1760,SP,santos,furniture_decor,118.0,12.73,130.73,delivered,2018-05-15 16:37:39,2018-05-24 00:00:00,2018-05-21 22:16:35
24040647efd179bd506acacbbbabd838,4a1256ba59833d19d91b2139da81c1b1,SC,itajai,perfumery,23.9,3.6,27.5,delivered,2017-01-29 19:59:20,2017-03-16 00:00:00,2017-02-13 05:58:56
b545ba7b0bd67a3128185c7214704319,55020cb68ae358a51969695657a54e9c,SP,valentim gentil,home_construction,316.05,24.03,340.08000000000004,delivered,2018-06-11 14:59:24,2018-07-04 00:00:00,2018-06-18 16:41:04
63ac66255bb4562cd506681eb19c5be4,d1ab24ff7d73637cd27b282b4ac5ace5,SP,sao paulo,electronics,82.88,27.56,110.44,delivered,2018-08-06 17:44:32,2018-08-24 00:00:00,2018-08-10 14:06:17
ac81fb6face0af1b93e2a059ad7b9f23,ce8ce3162583cdab8d9cbfb43e215217,MG,paraisopolis,baby,243.0,20.89,263.89,delivered,2018-07-04 21:54:37,2018-08-03 00:00:00,2018-07-11 13:03:36
7fdb63849c1ce634d770fbf407dbca1a,d78113394d16563b6cc3cb54ecc2db79,MG,sete lagoas,computers_accessories,149.9,21.1,171.0,delivered,2018-04-27 19:01:01,2018-05-25 00:00:00,2018-05-14 14:46:56
f9697e263e9eec082f1ced4fa81d2faa,59ad0211f363428b2d44b121725e87b2,MS,dourados,bed_bath_table,87.0,16.58,103.58,delivered,2017-07-24 09:26:03,2017-08-17 00:00:00,2017-07-31 20:37:39
d2927bf34d3adc3b878e226b7af91519,69768afd389429f6ec48199e5fb8e61a,SP,sao paulo,bed_bath_table,160.0,9.52,169.52,delivered,2017-12-16 17:33:23,2018-01-12 00:00:00,2017-12-21 14:53:16
9f2c6714edee90964b0b631c22a22448,4af8183e991931155d9315609e41e2ab,GO,goiania,unknown,165.0,38.7,203.7,delivered,2018-02-06 01:03:08,2018-03-13 00:00:00,2018-02-20 18:15:09
5f482802d2cfd506df0097347965687c,87dbe9c62c041832305e9ad226d86ab7,SP,guarulhos,furniture_decor,69.9,12.43,82.33000000000001,delivered,2018-04-02 11:51:50,2018-04-12 00:00:00,2018-04-06 22:07:41
46241543fb0948c859ab3d20fa55f06c,f874c8b9f72ba7c01305313c3f8edd9c,MG,mirai,cool_stuff,49.0,15.1,64.1,delivered,2018-01-25 10:59:44,2018-03-01 00:00:00,2018-02-15 14:44:41
b8a0ea35d4a5efa22c003976eb138ebc,63a5d1be2682f35c9a9ae974dc9a293f,SP,sao paulo,watches_gifts,78.0,7.81,85.81,delivered,2018-08-06 14:10:47,2018-08-09 00:00:00,2018-08-08 13:59:33
1181b3a643dfdf013bd399adcc3bed11,378e62787b57eea9b2c037a12c6b8f59,RJ,marica,housewares,189.0,27.4,216.4,delivered,2018-05-20 15:46:48,2018-06-13 00:00:00,2018-06-08 20:45:55
2eadaf71d4f29fd92a626c6a068ff74d,b0c5293ef398d678e68671488c8b87bf,SP,sao paulo,health_beauty,61.99,28.64,90.63,delivered,2018-03-08 17:11:03,2018-03-27 00:00:00,2018-03-21 12:28:24
da76e3c8bc4ce67a5b382cfdeb67edde,dc1bf16a84985a395cee96f5b0f5e8cb,SP,sorocaba,pet_shop,28.9,11.85,40.75,delivered,2017-05-29 20:47:13,2017-06-26 00:00:00,2017-06-11 08:12:23
7a53fed7f9006ef9325efa365e6a1992,95df81c7a10fd30caa61bcd7d0ea4e4d,MT,tangara da serra,pet_shop,299.9,146.3,446.2,delivered,2018-06-10 14:03:38,2018-07-13 00:00:00,2018-08-09 19:40:47
e7e97097190c7e6de76b0a975220e133,f9d3fcf05ea9436ffe8f80386eac7bf4,RJ,petropolis,health_beauty,32.0,18.32,50.32,delivered,2018-07-15 21:21:58,2018-08-02 00:00:00,2018-07-24 23:14:36
084ba79e5ae4e7d7ff0221c538c38832,d31790258fc53dda5866ca2e755b06a0,RJ,rio de janeiro,electronics,24.89,17.06,41.95,delivered,2018-04-26 16:56:49,2018-06-05 00:00:00,2018-05-03 20:47:37
9d85f63ebf2543ff0cb9d3a3bdd7ead8,0986bdec8293648f1187c4d08116d3d6,RJ,rio de janeiro,watches_gifts,168.0,19.28,187.28,delivered,2018-07-25 12:14:45,2018-08-28 00:00:00,2018-07-30 15:08:45
9af31d2f7ebb4bcb16fafffa4236f888,e3260fa8e032791819785af06bb26369,RS,porto alegre,housewares,49.0,20.0,69.0,delivered,2018-02-15 06:54:26,2018-03-23 00:00:00,2018-03-06 19:13:17
7b186487147f406839316cb0a719d4b1,70af4c53ef8785a916deae4611f1ad24,SC,herval d'oeste,auto,42.01,19.48,61.489999999999995,delivered,2018-08-04 13:18:33,2018-08-28 00:00:00,2018-08-16 09:56:47
413a22d2dbe22795ff56d989a9ad09c8,65db6dcd7ff3b3930cef912ad7d9c900,SP,mairinque,cool_stuff,99.99,13.04,113.03,delivered,2017-05-16 00:46:45,2017-06-05 00:00:00,2017-05-19 15:27:33
77af255581f9105559c089f67f770dc3,1fc8630d25cd738b571a0acc08c2eff7,SP,socorro,home_construction,39.95,13.44,53.39,delivered,2018-07-23 22:18:51,2018-08-14 00:00:00,2018-07-30 17:21:44
1242aa8414485384e381bb984d896ebf,f1fec367875f7aba0cc0264f7834a125,MS,campo grande,computers_accessories,149.0,45.12,194.12,delivered,2018-02-26 09:30:19,2018-03-22 00:00:00,2018-03-12 12:03:45
04ac505fe152a153d8b6013eccb4086b,9bb2aefabf7d7dee2dcc022bd1277ecf,SP,sao jose dos campos,housewares,39.9,7.39,47.29,delivered,2018-04-04 00:22:07,2018-04-16 00:00:00,2018-04-06 19:28:43
02aeeaf3075593045bf2f59a7109e2c1,75c59d47392e43f3b9bb311e92874cec,SP,sao paulo,housewares,52.39,19.56,71.95,delivered,2018-07-22 16:16:38,2018-08-14 00:00:00,2018-07-30 14:52:52
e6f96e33b5d31862c79ab7b0eea58d25,f8bcc33767b010cbed31c0eccaac1e3d,MG,belo horizonte,sports_leisure,109.95,14.85,124.8,delivered,2018-03-11 15:03:02,2018-03-28 00:00:00,2018-03-20 02:42:04
ef0bfeea98c53b5b6fc4d39a7eeae081,56e484b0c50cc7e21b082b9d4ebe4ef7,SP,sao paulo,telephony,24.99,7.39,32.379999999999995,delivered,2018-03-21 20:09:14,2018-04-03 00:00:00,2018-03-26 18:48:36
17028de7d02a1fca7c1d08221b859b77,1f82a45bfd1d8e50793443de86f20df2,RS,pejucara,office_furniture,169.99,43.6,213.59,delivered,2017-02-08 21:06:37,2017-03-27 00:00:00,2017-03-08 08:44:02
5528a3c9850e07ac5eeea39f275d6c5e,455021c1d511b64eab0b98e017b258d0,RJ,rio de janeiro,bed_bath_table,76.5,15.69,92.19,delivered,2017-11-07 22:55:01,2017-11-28 00:00:00,2017-11-22 23:08:59
5a872b37ac143343156a0dc43f1a19fc,4282c18c99da50681a4be25df51c5c3c,MG,lavras,toys,69.9,19.73,89.63000000000001,delivered,2017-10-10 10:24:59,2017-11-03 00:00:00,2017-10-20 22:43:30
696b70b07c6fd1bed3a148051e31c42d,d3d9b779cb32b626d618b4a3f9011c7e,MG,belo horizonte,computers_accessories,22.32,7.74,30.060000000000002,delivered,2018-08-18 23:41:03,2018-09-03 00:00:00,2018-08-29 00:17:24
b621235d09fbfbe88d897969dd240b59,8c532c86e424b28e85997dd891e26d5d,RJ,rio de janeiro,fashion_bags_accessories,49.9,14.1,64.0,delivered,2017-11-03 18:43:16,2017-11-23 00:00:00,2017-11-21 21:09:26
b989c3785c2432d0617d9e494703c478,195abc208e67b0b558e46b5614f385b9,MG,uberlandia,housewares,49.9,23.15,73.05,delivered,2018-07-28 13:11:06,2018-08-17 00:00:00,2018-08-09 20:18:20
0ed61f5ab3280ff43b157a6e91942538,5cc22576ed6032e9dab0501f28f0c33f,PE,santa cruz do capibaribe,auto,366.5,37.19,403.69,canceled,2017-03-29 19:56:47,2017-05-12 00:00:00,
33585683a8a47f86b6183a75c974b2df,40fd8d5f0c187320e1b5790b924cfec9,SP,sao paulo,bed_bath_table,259.9,13.32,273.21999999999997,delivered,2017-08-19 14:08:34,2017-09-11 00:00:00,2017-08-28 11:57:55
63fd927963e60a8c2f1baa83431cfedc,63c21441e3cb9c9796f03cbb22060132,RJ,rio de janeiro,health_beauty,195.9,17.56,213.46,delivered,2018-07-24 18:31:01,2018-08-29 00:00:00,2018-08-06 17:52:32
48972775375677a6b44d8733e4f8c812,ad8d8c44f34222cf276abf6e905441d7,SP,sao paulo,telephony,24.99,7.44,32.43,delivered,2018-08-19 12:36:35,2018-08-24 00:00:00,2018-08-22 23:42:55
54dd1a0a63644a70b3a1ad75cbdbcede,59a17dcfcbfb81e6426ba122a8bbf5cb,MG,sete lagoas,bed_bath_table,21.99,18.25,40.239999999999995,delivered,2018-06-24 07:54:55,2018-07-20 00:00:00,2018-07-03 22:52:56
949042a6b24b4ba4b1376ee35f46e56c,59db2660a96eaad61dc5d9787ba6886c,MG,belo horizonte,bed_bath_table,69.9,15.7,85.60000000000001,delivered,2017-03-16 12:39:35,2017-04-06 00:00:00,2017-04-03 06:06:32
9743ae99d7c809d4fe6e83fe7c72cd54,e77535f614df4b48210f6288f8cea161,MG,pirapora,cool_stuff,219.99,22.03,242.02,delivered,2017-07-06 15:47:48,2017-07-28 00:00:00,2017-07-18 21:14:02
c44a0e141b356b764ccf469f82c3544d,d7381970033691cee4a1dcbe8eb52ffc,SP,sao paulo,kitchen_dining_laundry_garden_furniture,379.0,71.53,450.53,delivered,2017-12-25 15:59:53,2018-01-30 00:00:00,2018-01-04 21:48:58
7b7e3ed4365b8e1e3f9ad98617b4b64f,0e06af8004ffd01a3461e768f9f659aa,MS,bodoquena,construction_tools_construction,299.0,47.39,346.39,delivered,2017-09-04 18:07:35,2017-09-27 00:00:00,2017-09-20 12:10:48
61a6a9d66675969c4d37daae6bb0e30c,0ba1780d39b46c2249fce4123cd11f27,SP,jose bonifacio,sports_leisure,189.9,18.58,208.48000000000002,delivered,2018-02-17 01:23:02,2018-03-22 00:00:00,2018-02-28 00:26:57
1f2715f75ad527f2090c7824de573b9a,b39a84ce277d7ca095b2072bfc2dedc0,BA,salvador,health_beauty,370.47,37.11,407.58000000000004,delivered,2018-02-20 09:13:27,2018-03-16 00:00:00,2018-03-09 21:51:40
0345ba423eed2b009e0e407b19c422e4,494e875bef93610d10c951763389f74e,RJ,ipiabas,housewares,60.08,17.67,77.75,delivered,2017-05-15 12:55:13,2017-06-13 00:00:00,2017-05-22 10:29:39
8282d5532e3d6bc650960861965714ee,62c6261a49af301b1b6238960090ff4d,RJ,campos dos goytacazes,stationery,48.9,15.1,64.0,delivered,2017-06-06 10:56:13,2017-07-05 00:00:00,2017-06-16 14:18:05
115a21a6b20efa52b4f92b81bfe0ef62,115f7fd250191a21336b54489f868552,MG,goiabeira,garden_tools,179.99,26.88,206.87,delivered,2017-11-25 21:44:49,2017-12-18 00:00:00,2017-12-13 19:47:21
c3038ab3b07ac682ba60729b1d74b24b,8d5b0f019c3795f5639224a05ef3a4c5,PE,recife,bed_bath_table,89.9,25.91,115.81,delivered,2017-05-07 22:49:19,2017-06-13 00:00:00,2017-05-22 07:02:49
462972b78b68d10c722c8ba3f5ba4cfd,ecfe549039ca14574c34d8e5f2e2bce8,PA,belem,garden_tools,49.9,28.75,78.65,delivered,2018-01-14 16:03:51,2018-02-20 00:00:00,2018-02-07 18:23:05
c9af6b168a81fd8a714317ee3d7daca1,2b82b0425a030d4dfbb222cbdf5ea631,SC,sao bento do sul,construction_tools_lights,169.99,13.54,183.53,delivered,2018-05-14 15:04:28,2018-06-05 00:00:00,2018-06-01 22:17:43
0bb9b595a2eb418ccff2dc89ff7cc58f,606895478a52866c50804a43c243383f,SP,atibaia,unknown,122.99,9.06,132.04999999999998,delivered,2018-03-02 11:06:45,2018-03-14 00:00:00,2018-03-09 14:40:28
fa2de0086db43d394d58f69a111f8f69,9b97ef812444a46c3eb4d21ade18bd94,MG,juiz de fora,computers_accessories,79.99,19.53,99.52,delivered,2018-06-05 21:32:16,2018-07-16 00:00:00,2018-06-12 18:32:35
433998f702486cfc7c5431db579a4d8f,35fa3223d01260e93f370bb237cffae8,SP,laranjal paulista,home_appliances,238.4,58.75,297.15,delivered,2018-06-12 23:21:26,2018-07-04 00:00:00,2018-06-26 09:26:20
51b30435208f155396e7732009443833,cb63cb03a7c4bc9edcdd6e3ea0918ce5,RJ,rio de janeiro,watches_gifts,669.0,19.44,688.44,shipped,2017-05-14 06:20:25,2017-06-02 00:00:00,
e1d588525687728bd046a5808e6556b8,15e66c95b11a26a7f51e75c9be2dbbf1,GO,inhumas,home_construction,245.9,18.97,264.87,delivered,2017-11-24 09:03:40,2017-12-20 00:00:00,2017-12-20 17:22:18
ba0d5e0e81059283cf50ae9d9d43e4d5,9d9b2bcb6155c920fa1c3f132f2755f5,RJ,rio de janeiro,auto,69.9,25.33,95.23,delivered,2018-02-22 03:14:54,2018-03-15 00:00:00,2018-03-13 17:58:50
e40d016b1ae85a70208463f0969fcfce,bedeb8c6861b84e5b603ba28e78b78e1,SP,sao paulo,bed_bath_table,48.0,12.79,60.79,shipped,2018-03-10 21:45:45,2018-03-28 00:00:00,
35c3a3bbf1845fc95254bf7f2eba916f,733ded559c53387c72f8c64bb36ad447,RJ,silva jardim,furniture_decor,44.9,14.52,59.42,delivered,2017-02-16 14:22:25,2017-03-17 00:00:00,2017-02-24 10:43:36
e60856926b11f52676a5408033e204de,481666869b5bac1090000f8600e42b69,SP,sao carlos,watches_gifts,849.9,18.29,868.1899999999999,delivered,2017-07-09 16:17:20,2017-07-28 00:00:00,2017-07-17 19:22:33
236c5c6711eb7864803f0f0c739e5c05,36c034eca79dee8e369009094ae56cb6,SP,varzea paulista,construction_tools_safety,136.9,15.05,151.95000000000002,delivered,2018-05-23 16:20:54,2018-06-19 00:00:00,2018-06-07 19:54:50
697797bc98580e59013e58bdd5cdd1ba,6e46d472c691147917d485c533476bdf,AL,arapiraca,bed_bath_table,160.99,43.54,204.53,delivered,2018-01-24 20:35:34,2018-03-02 00:00:00,2018-02-09 20:42:36
b945375051aa88d28c30fb42485897d6,4a7d0c3dd4e2ee7ce8066d880f132b19,SP,sao paulo,baby,28.99,7.46,36.449999999999996,delivered,2018-06-13 13:35:02,2018-06-25 00:00:00,2018-06-15 19:07:39
2d5adcccaa6ce21103988fcb96940e78,6367e14c6745a59bbda1939dec7ff914,MG,belo horizonte,bed_bath_table,21.99,18.23,40.22,delivered,2018-04-04 13:11:58,2018-04-24 00:00:00,2018-04-18 22:46:48
908fe1b8b7e5ef073fc701112c902111,156283b6ca35ef976a0265903145fd5e,BA,salvador,stationery,23.9,17.1,41.0,delivered,2018-07-24 18:13:35,2018-08-13 00:00:00,2018-08-11 16:49:37
20368ff725d0f3b5adf1ab319ccecb62,962c6b5225cdd53c41509bc38d3a8217,SP,sao paulo,auto,179.49,9.45,188.94,delivered,2018-01-13 12:53:33,2018-02-01 00:00:00,2018-01-17 20:37:39
31b39339d93a6949e2f2addf798d8904,153d4db4f82182c6bfe1d1bd73b9e647,SP,sao paulo,computers_accessories,105.0,9.49,114.49,delivered,2018-07-29 13:07:11,2018-08-02 00:00:00,2018-07-31 14:56:30
a77c9550c32e540e8798334f832b522a,b2dcabd21651edcda7049a8a2aa52a75,SP,guaruja,toys,49.9,7.78,57.68,delivered,2017-05-26 10:02:25,2017-06-08 00:00:00,2017-06-02 15:02:36
eef6b4895c4293f0b17e5fff1bac3c2d,5b196e7bd861e25a459aa12437e6dc55,RJ,sao pedro da aldeia,computers_accessories,179.9,39.31,219.21,delivered,2018-04-12 09:47:47,2018-05-15 00:00:00,2018-04-25 14:56:35
72221bc9de65dc6a45b9156909d2b6c9,5a61458586c926813840fbc48a62112f,RS,porto alegre,baby,35.9,14.1,50.0,delivered,2017-07-22 18:37:52,2017-08-15 00:00:00,2017-07-31 19:19:59
b97261e09029ca3b6fd85fe869259449,324ba75d05474e0c1cbef8c0ad257a2b,SP,aracatuba,telephony,18.99,10.96,29.95,delivered,2017-04-18 16:57:39,2017-05-09 00:00:00,2017-05-10 09:08:46
36b8ca63eb9822b5f68630749ff70e32,13efb012003483c7c63f07855c5b7605,MG,sao lourenco,furniture_decor,34.9,19.43,54.33,delivered,2018-08-17 09:07:53,2018-09-11 00:00:00,2018-08-27 15:55:51
21a8ffca665bc7a1087d31751a7b7cbc,92776276a13b6d52820b4014aa07250d,SP,sao paulo,furniture_decor,49.9,8.72,58.62,delivered,2017-05-31 12:00:35,2017-06-13 00:00:00,2017-06-01 10:28:24
33f85a7c0485cf4a504f78608c5d57c7,7febaab74c4fbf9f3241f62ad0c3368a,SP,palmeira d oeste,fashion_bags_accessories,49.9,14.52,64.42,delivered,2017-02-05 05:19:23,2017-03-15 00:00:00,2017-02-13 15:35:47
60058e743955ad0595c97a485d1737f8,c924ad2632439caaedb00c269ac95bc5,MA,sao luis,office_furniture,289.0,98.7,387.7,delivered,2018-05-31 09:55:00,2018-07-13 00:00:00,2018-06-28 13:37:49
7a1fb83313fbf2953563842fa9345dea,cb9f4e12d2c4531a1b65423c75364c31,PE,jaboatao dos guararapes,auto,121.99,20.9,142.89,delivered,2018-04-02 09:17:34,2018-04-26 00:00:00,2018-04-18 13:21:50
8bc4e989df64f2d8c2381c9718a0f963,9ab7e264a4fe8551657555d5bbdc6258,SP,sao paulo,home_appliances,79.9,19.75,99.65,delivered,2018-07-05 23:46:37,2018-07-27 00:00:00,2018-07-23 16:39:06
2cee7217cf66ac4e8027f60d3b105524,bb8e3ce30f15dd4cc886c0a1952090ff,PA,belem,fashion_bags_accessories,39.9,24.84,64.74,delivered,2017-04-02 16:09:55,2017-05-09 00:00:00,2017-04-20 17:34:11
a523356c905fa032d024c70affee0897,8355ffaf81d1796a851153ae6804fdde,SP,osvaldo cruz,health_beauty,19.63,16.11,35.739999999999995,delivered,2017-10-22 22:25:18,2017-11-14 00:00:00,2017-10-27 17:41:57
d95df03babee2bdc78de99d217ee867a,b9ebf48de73507069861a04b7bb61cfd,SP,sao paulo,furniture_decor,37.9,15.23,53.129999999999995,delivered,2018-04-30 01:00:22,2018-05-22 00:00:00,2018-05-07 19:08:40
e0e7a5ed15876cb23ebbdbf2879c76d1,8888ad445bb60fd701d5e20238bffba8,MG,muriae,baby,38.0,15.1,53.1,delivered,2017-11-14 16:23:41,2017-12-05 00:00:00,2017-11-25 16:19:00
4442d1fdf454197e9e141f0d83a9031e,9aed28a7d5e85a3f48fd4a23647dc8c4,RS,santana do livramento,toys,1299.0,24.79,1323.79,delivered,2017-02-03 18:08:16,2017-03-06 00:00:00,2017-03-01 11:24:45
0916594b6973230f69379f83d3bac036,4c34d2ee146ada6cab4004100f065fd7,MG,ipatinga,unknown,13.99,15.1,29.09,delivered,2017-05-21 19:07:46,2017-06-13 00:00:00,2017-05-30 09:38:32
452df40bad490f0cf38ce75e50211a1b,47a086f04c6f1c6a3197d8dab44fa037,SP,catanduva,telephony,44.99,11.85,56.84,delivered,2017-12-29 13:09:14,2018-01-24 00:00:00,2018-01-05 17:32:53
1bf8b5f1e3bc76dcaa6414b170ef3ae0,69824f9bc3a284a4b34dd68a3cedbad2,SP,sao carlos,housewares,99.0,44.27,143.27,delivered,2018-06-05 14:55:28,2018-07-11 00:00:00,2018-06-11 23:02:14
b6d9338eee161115391cb4c93bb1a0fc,44818fa3dcd6d8a6942103f91706dbc1,SP,sertaozinho,cool_stuff,199.0,20.63,219.63,delivered,2017-07-15 19:19:47,2017-08-17 00:00:00,2017-07-31 20:12:20
c40251d941c82933d4c4645793793577,5340f5bd348f19d58f217d76d42c5f86,SP,tremembe,auto,1097.8,28.1,1125.8999999999999,delivered,2018-04-16 22:36:26,2018-05-09 00:00:00,2018-04-27 00:32:42
a00afe395584af6a6a6fcddd256c8c7f,91a74261e8ac51fc4fe3c1614a02e998,SP,sao paulo,furniture_decor,69.9,13.08,82.98,delivered,2018-01-06 23:28:20,2018-01-26 00:00:00,2018-01-11 18:28:55
8575bcda52558e232a65a448dd7deb5d,0cad1c6c08ef74b3ae7818514c158258,SP,embu-guacu,bed_bath_table,99.9,12.19,112.09,delivered,2018-06-19 14:21:32,2018-07-03 00:00:00,2018-06-25 17:05:42
7d2260eb32d8ffa02b4f4d6cad00d3e9,12ae4f66ac85512bd5120d46c6ec18a3,RJ,duque de caxias,bed_bath_table,138.0,28.35,166.35,delivered,2018-01-14 19:32:28,2018-02-08 00:00:00,2018-02-04 18:08:53
3164a0591e7349349b8f57437a76133a,721cd98006f87bb6fb104f620fc0979c,SP,rio claro,fashion_bags_accessories,29.99,1.37,31.36,delivered,2017-11-26 11:43:52,2017-12-26 00:00:00,2017-12-01 17:38:44
0a2f51f07c7b99722f843490cd20ec09,ce43cf7952256dc47c836ce3e8117331,SP,piracaia,furniture_decor,69.9,0.0,69.9,delivered,2018-05-23 23:51:50,2018-06-14 00:00:00,2018-05-28 19:32:40
2fe14af1d4563c0e76f382bc63c9a245,97b7080bf7d888f8cc595ec7b5c282be,MG,guaxupe,sports_leisure,59.9,28.82,88.72,delivered,2017-06-22 22:53:54,2017-07-20 00:00:00,2017-07-10 23:02:50
ad1c31ec035e55a4187e536234b28e38,4923b8ab746ce20a1fd5e6cb567a948b,RS,capao da canoa,bed_bath_table,135.0,26.86,161.86,delivered,2018-08-17 10:04:12,2018-09-05 00:00:00,2018-08-29 17:48:42
47689e1278494cce8946914ea3a7ccab,85c09cea40b9f4c4ea8e5c5bd3659fe9,SP,sao caetano do sul,sports_leisure,99.0,9.51,108.51,delivered,2018-02-03 23:57:51,2018-02-23 00:00:00,2018-02-14 20:41:26
f3429c1257804b1332184727aed3f28b,cbdb628c2e1c19163ac698795f83f91a,MG,belo horizonte,health_beauty,179.99,17.45,197.44,delivered,2018-07-19 10:36:26,2018-08-07 00:00:00,2018-07-24 18:26:39
771596702a2e0245fb67b093182acb03,79fba5cd52d2eb5acbe36a15993840fe,SP,sao paulo,garden_tools,238.9,15.28,254.18,delivered,2017-11-27 15:47:46,2017-12-20 00:00:00,2017-12-14 17:36:42
993fdd67bb09daf3cfa570484782ae5e,024cf57b6da1f225b8b130dcd9093af9,SP,santo andre,bed_bath_table,59.9,17.16,77.06,delivered,2017-05-05 09:01:37,2017-05-30 00:00:00,2017-05-16 22:52:53
8f730a0eecbb6db8ee92ebb91e8f38b1,6baee3008124f2fd07c61fc8169ad485,RS,dois irmaos,sports_leisure,79.9,15.31,95.21000000000001,delivered,2018-02-28 12:17:22,2018-03-23 00:00:00,2018-03-08 18:36:53
a52e6fa2d7c6ecaf73ff5f7f10438339,3d8b5f7499ecd5b1d995bb18d9ef69fe,RJ,rio de janeiro,air_conditioning,189.0,18.0,207.0,delivered,2017-01-28 20:09:18,2017-03-07 00:00:00,2017-02-08 12:31:55
7f9418ca35e76d5071b5906780d62874,acab73a17e98e17fd1b3af30b6d77ec6,SP,sao paulo,housewares,47.01,11.73,58.739999999999995,delivered,2018-01-23 22:06:31,2018-02-16 00:00:00,2018-02-01 22:39:38
15dd36b746e48dfec9824dcebef22b7f,5c00e849b56a56ea31560d5d66f933e9,RJ,rio de janeiro,home_appliances,26.19,18.28,44.47,delivered,2018-07-04 09:53:34,2018-08-08 00:00:00,2018-07-11 01:10:47
b3930c1f3ba41004ea17303295d1fb86,e6a1301f4dae77d4d17ad19cdaf513a7,SP,sao paulo,bed_bath_table,99.9,12.4,112.30000000000001,delivered,2017-12-15 11:44:29,2018-01-04 00:00:00,2017-12-22 18:09:14
41aaef897083574b4390bb24fbb25dd7,133c1a11944c3c8f0174c08c4f0d24db,RS,silveira martins,garden_tools,59.9,17.67,77.57,delivered,2017-10-24 13:47:39,2017-11-24 00:00:00,2017-11-10 17:11:39
2609fb7696dacdc9451b31ba1bb513eb,05faacb341f559326429dc9a3a07b5f2,RJ,rio de janeiro,furniture_decor,59.9,15.63,75.53,delivered,2017-05-03 21:12:58,2017-05-26 00:00:00,2017-05-16 15:44:51
bda372c8f4f99cac883f9f8462f5fdfd,1372bab98f9966bcd4a6fa3e6df6dde8,SP,sao paulo,furniture_decor,99.9,16.46,116.36000000000001,delivered,2018-01-15 20:19:56,2018-02-07 00:00:00,2018-01-29 17:42:45
68a001baa8dbd45ba5096b470f57a498,4387c856607a91376446da32e4a2012d,SP,santo andre,telephony,45.0,14.1,59.1,delivered,2017-10-16 18:26:48,2017-11-10 00:00:00,2017-10-27 21:44:26
17ee1f77fa871fa2d26b8095816fc2eb,06dcd943e3a874082fc85cc7c4cbc27a,SP,sao jose dos campos,cool_stuff,95.99,17.92,113.91,delivered,2017-09-07 23:02:56,2017-09-28 00:00:00,2017-09-19 16:57:16
8298dcc2f7a6cfcc788481bc06d227e0,fd6eb716d0311b7a80e1256a0cf1804d,TO,peixe,computers_accessories,89.99,27.17,117.16,delivered,2017-09-26 15:51:35,2017-10-26 00:00:00,2017-10-16 19:23:10
9399731dd679003e21c7f24ad39ffa32,22745c06a87ddc1142c22ce98c5bf8d1,SP,bauru,books_general_interest,53.9,16.14,70.03999999999999,delivered,2017-09-07 20:12:30,2017-09-28 00:00:00,2017-09-21 17:54:38
6b2cfda97c8ef916043547d84658ba6f,5f80e1b868be57e4d50ae6bbeae78d77,SP,sao paulo,health_beauty,80.0,12.9,92.9,delivered,2018-02-27 13:25:14,2018-03-19 00:00:00,2018-03-07 20:38:47
a3881d763588c17dc4e258628e6951fb,87f837fc9fca6070996f6eb4be555b15,SP,suzano,auto,299.9,21.44,321.34,delivered,2018-03-22 13:53:57,2018-04-10 00:00:00,2018-04-12 16:27:56
c618d3f25c239068c153e78f7d9edcf6,894382535eef1ce243ec19088626be0e,RJ,rio de janeiro,auto,110.0,16.53,126.53,delivered,2017-10-26 15:03:54,2017-11-21 00:00:00,2017-11-06 17:41:29
7e95c60b8d79f6442ff63f84f8abf85b,5f82c9a4be2791eb40fde8bfc52293e4,SP,osasco,drinks,8.49,7.87,16.36,delivered,2018-05-03 17:29:45,2018-05-15 00:00:00,2018-05-08 21:56:40
40235388677ff26c877371597c5fd116,9b6f9ad3c080ba8a1b78434783b92ea3,RJ,natividade,perfumery,8.9,10.96,19.86,delivered,2017-03-09 23:18:02,2017-03-28 00:00:00,2017-03-14 07:47:33
6f85fa051c6abbc96216b2dfb6af04b4,3de473dafcdf00614810c9eb37ee2cd7,PR,cascavel,health_beauty,99.9,14.43,114.33000000000001,delivered,2018-03-02 14:21:59,2018-03-20 00:00:00,2018-03-12 18:12:39
e006d85a5a918d5695190c08c923eadb,4ea8b230f8a3483ba563358b381d641f,BA,salvador,sports_leisure,217.56,19.45,237.01,delivered,2018-03-06 14:15:52,2018-03-27 00:00:00,2018-03-29 17:34:44
057bc88d7845bc736fbe1fb27f2932f2,5b6f7e886ed4a13a0a666740e4788729,SP,sao paulo,health_beauty,185.85,12.51,198.35999999999999,delivered,2018-01-26 17:00:10,2018-02-09 00:00:00,2018-01-31 20:08:04
e5ee9ad6e9f3659c27ad0673151f467b,53983110f5d6c897e94a097209870108,RJ,rio de janeiro,office_furniture,219.9,66.35,286.25,delivered,2018-01-25 15:52:21,2018-02-20 00:00:00,2018-02-16 22:56:49
df9ad58c9ee5c31a5a9e19eea2acc369,5b783104911d26b448550275f926fefd,RJ,macae,bed_bath_table,39.99,16.95,56.94,delivered,2018-04-04 16:44:40,2018-05-07 00:00:00,2018-05-07 17:32:00
7a7d015aba4cb837644d24afa509ab3a,4e88baedfadd384da318d6230d8ae553,PE,recife,furniture_decor,34.9,22.4,57.3,delivered,2017-12-12 22:58:44,2018-01-09 00:00:00,2017-12-21 22:41:43
3146e5198dddba5ff4a7843339a58226,a1508102f4f0401b2b8119d836fc7a29,MG,paraguacu,auto,119.9,14.18,134.08,delivered,2018-07-01 11:21:24,2018-07-26 00:00:00,2018-07-13 15:28:46
7e25a1c58e68fa94300358caad65b944,438d7ae1cd80a1e00072251dbe3d8208,MG,sete lagoas,garden_tools,59.9,17.67,77.57,delivered,2017-08-28 09:04:54,2017-09-25 00:00:00,2017-09-08 17:21:38
bfb7ce007bc3f08b946a9c620bbf344e,5cae4d2e1ad16f70f4659080c57af067,SC,correia pinto,sports_leisure,68.0,15.23,83.23,delivered,2017-07-13 14:07:48,2017-08-07 00:00:00,2017-07-26 18:59:48
5764ae851e6c27213dc25d7c7e4c713f,bf6541019197793ee3f6abac0e4c4710,RJ,cabo frio,computers_accessories,34.99,15.1,50.09,delivered,2017-08-03 15:24:18,2017-08-25 00:00:00,2017-08-16 22:12:43
915dc51399986dd386c9193f20cb54f5,9554d5a73d1ded2b9f7b8d5f38aac3c3,SC,capinzal,sports_leisure,74.9,18.09,92.99000000000001,delivered,2017-09-27 08:01:35,2017-10-27 00:00:00,2017-10-10 17:03:12
c082fba06abf4ecfda79646a32f64954,37a4bcd5a69907ec14e92b2472d1424e,RJ,rio de janeiro,computers_accessories,37.9,15.1,53.0,delivered,2018-03-02 09:34:05,2018-04-05 00:00:00,2018-04-05 21:33:21
d3793d54f38c9790d5db6329288bfc76,f5b897dc4f5070fd85e2bb3ac2050e57,SP,jacarei,baby,35.9,9.34,45.239999999999995,delivered,2017-11-29 14:59:39,2017-12-13 00:00:00,2017-12-28 15:29:02
0dd9baba59537d4782153775157d0a36,8dd1d31b061fab003621e4385f95a85c,MG,coronel fabriciano,perfumery,53.99,18.26,72.25,delivered,2018-03-17 08:55:25,2018-04-10 00:00:00,2018-03-23 17:56:41
5a0a4c1f366a0fcae698f3de1f03c0fd,7f57422760e12c56da14617802400fd2,RN,currais novos,bed_bath_table,34.76,24.84,59.599999999999994,delivered,2017-05-02 16:51:34,2017-06-08 00:00:00,2017-05-24 12:39:11
5d4641e1bc38e17f79478bb33fdfbb0e,1485ab027957cdb7d0efcf1487bf49a1,BA,salvador,furniture_decor,59.8,27.15,86.94999999999999,delivered,2018-04-03 21:05:30,2018-04-25 00:00:00,2018-04-13 20:12:53
b5f56117710e9df5dce93947115ad4c7,c6202449890808d8ec8f68e516ecae6e,SP,sao paulo,stationery,19.9,7.78,27.68,delivered,2017-11-15 17:32:32,2017-11-29 00:00:00,2017-11-21 15:44:59
96c46a67e142856457aed166609e8ce1,5e607fe6d2e4346aa301d9b1d0a4292f,RJ,cabo frio,sports_leisure,115.0,18.06,133.06,delivered,2017-07-26 19:10:49,2017-08-18 00:00:00,2017-08-09 19:44:51
a9de753e089dd4dadf7d3efa954e26c5,09a2a3befff4ee3680617f07d9b473ed,ES,cariacica,bed_bath_table,83.36,16.34,99.7,delivered,2017-05-27 03:23:02,2017-06-27 00:00:00,2017-06-07 13:51:06
cccc552d302f1b03c5e33e753811c173,6ebfcfde1a1c8acc2dced89c345dfb58,GO,bom jardim de goias,sports_leisure,10.0,15.1,25.1,delivered,2017-12-08 10:04:03,2018-01-09 00:00:00,2018-01-04 22:12:56
cf91dadab9111371ef3973e8febe8d3e,f32ad8fd503a7697e3d1ad2b9d710e7a,RJ,rio de janeiro,computers_accessories,74.89,17.45,92.34,delivered,2018-07-13 14:28:26,2018-08-15 00:00:00,2018-07-23 14:50:55
2e10c534d5d49b8fcea5e034821a96e9,801c1d310fbdf6f92b937b8900ed7814,SP,sao paulo,housewares,58.9,15.17,74.07,delivered,2018-02-14 18:41:02,2018-03-07 00:00:00,2018-02-20 22:59:03
6a6aab31a11f630e4907ec3bb0ac8958,db898fbe949888ae7f95398cb9e4eb63,RS,erebango,cool_stuff,119.99,19.43,139.42,delivered,2017-03-27 10:02:36,2017-04-20 00:00:00,2017-04-12 15:14:31
5b9e437b9b8c217c1e35158aeafc2102,5a821a6e169359c29d05cdf715f4c3d4,SP,sao paulo,telephony,25.77,7.39,33.16,delivered,2018-04-20 00:23:34,2018-05-07 00:00:00,2018-04-24 15:32:18
2f987d84716580b1465f39247276a59c,968c15b4191d4ff00ee5e8dfe910ae67,SP,sao paulo,health_beauty,89.99,9.44,99.42999999999999,delivered,2018-01-15 16:19:51,2018-02-01 00:00:00,2018-01-19 21:39:10
2c49b1336713953c90ab5e1f16ce5012,4163b3db1318b7fd659e26595df94674,SP,sao paulo,baby,820.0,46.36,866.36,delivered,2018-04-11 10:48:14,2018-05-11 00:00:00,2018-04-18 20:31:55
cfc586211a3ab93809e258acf7eaf737,3ba9d4aa0432976e2ef966de73cd57bd,RS,porto alegre,furniture_decor,210.0,20.96,230.96,delivered,2017-12-12 12:10:31,2018-01-16 00:00:00,2018-01-03 15:32:53
dacd45999c3175778f90426dc0dfbebc,496dd627bbc643554f2c2a4df0173084,SC,blumenau,watches_gifts,146.0,15.77,161.77,delivered,2017-11-14 19:33:12,2017-12-11 00:00:00,2017-12-01 17:12:55
5c4e6dc9331f62136e1d51c2af608af9,f435be2fc1336c5bd3bf67a394388bfd,GO,goiania,bed_bath_table,99.0,13.99,112.99,delivered,2018-08-15 16:11:47,2018-09-24 00:00:00,2018-08-24 13:29:43
ef0353c6dc954fded9b6e979e89fe9ac,bb9552027602ccc6b1c8569d08ed9e5e,SP,orindiuva,auto,75.0,12.97,87.97,delivered,2018-05-07 14:47:47,2018-05-23 00:00:00,2018-05-14 23:51:06
b70c2a4797319570dbecddc366fb25c0,8838c65162661299e5e7baf5371a9bcd,SP,sao paulo,furniture_decor,70.0,40.46,110.46000000000001,delivered,2018-06-28 19:06:45,2018-07-18 00:00:00,2018-07-14 12:22:53
8fee0f490cce11cc2dc792974e21b3d6,9d0de98e6804a35e0827de58c2066702,SP,campinas,fashion_bags_accessories,49.0,7.39,56.39,delivered,2018-04-17 13:31:43,2018-05-04 00:00:00,2018-04-20 14:58:45
85fb2afed45145db40381a894fed8d1b,c29405183182ce277b873efcc3eefa7b,RS,porto alegre,health_beauty,249.9,19.18,269.08,delivered,2017-02-09 23:51:22,2017-03-16 00:00:00,2017-02-21 13:09:10
587e62e759875c966fc7e1508a542ab1,045188ef7ed5f34c7c96d78b630dba29,MG,palma,sports_leisure,51.9,18.24,70.14,delivered,2018-04-07 09:37:19,2018-05-07 00:00:00,2018-04-12 18:51:46
b457d7e47d6cdeb247295594ca600cb4,8d4d9bf7462701b2cfeae8f3b9f22f1e,SP,sao paulo,home_construction,54.4,8.88,63.28,delivered,2018-03-30 14:57:39,2018-04-12 00:00:00,2018-04-05 21:18:30
94fade3ce4aef6f9a24bb31e0ff03edf,aa75ba45baa3792324a215d92c965425,BA,barra da estiva,toys,29.9,22.06,51.959999999999994,delivered,2018-06-05 10:02:07,2018-07-25 00:00:00,2018-07-10 20:28:39
9fa4ce47e1ab92d83988552a89dc3ed8,55488f8b90d7ef22a2ef74042a94685a,BA,salvador,bed_bath_table,205.0,24.81,229.81,shipped,2017-07-17 17:39:21,2017-08-18 00:00:00,
916dc974baaa87d11f1f1c829694e6ac,e4795831756c7077ac43f0df9c41d655,SC,fraiburgo,watches_gifts,129.9,18.71,148.61,delivered,2017-10-16 20:37:06,2017-11-03 00:00:00,2017-10-23 18:56:06
9725871b2a067d972355980be11e7d1d,3c074185e3b7522767c519164ed0e143,SP,sao paulo,cool_stuff,119.99,12.04,132.03,delivered,2017-10-18 17:23:28,2017-10-30 00:00:00,2017-10-24 17:13:48
9dfd8f2ac479e34a16d68ff827759a23,9b05b38d7d9ef19a89815c217b30fd37,SP,sao paulo,computers_accessories,79.9,7.42,87.32000000000001,invoiced,2018-05-15 15:55:01,2018-06-01 00:00:00,
8aa5b35619d1aeb3068187d868c9aa41,101810d5a28d9391b52c5c2bc3dfab08,SP,ibira,bed_bath_table,173.0,14.23,187.23,delivered,2017-10-04 10:26:37,2017-10-26 00:00:00,2017-10-13 20:56:38
357faf30d677dbe3c31a345f7026a6bb,26f06401a5374fd3d26b6eed06af675f,MG,piranguinho,garden_tools,53.9,17.62,71.52,delivered,2018-03-08 22:19:41,2018-03-29 00:00:00,2018-03-20 11:07:31
f7cc237b35aef540d178cf5c41095769,cec1e2dc17f574987529f4db1a24fc9a,SP,sao roque,toys,89.99,7.49,97.47999999999999,delivered,2018-04-16 13:04:33,2018-04-26 00:00:00,2018-04-19 21:56:49
f562f8a4adf5a459176f7170d0da220d,1ec5ae3f379b00351536c77ac6ff6dd3,RS,caxias do sul,furniture_decor,59.9,16.18,76.08,delivered,2017-06-04 11:37:23,2017-06-30 00:00:00,2017-06-14 14:58:15
80c8d87f9b745f9d1a5480d9c936c4a6,5bfcc9fbed449ce4e70bfd19bfa7e71f,MT,campo verde,sports_leisure,34.9,37.15,72.05,delivered,2018-06-20 15:41:20,2018-07-26 00:00:00,2018-07-03 18:57:53
758c8ff64cc233c51b12159bea040efc,5ba477d7c86256dbb02331d06dc79e03,PR,cambe,baby,279.9,22.45,302.34999999999997,delivered,2017-11-28 08:48:04,2017-12-22 00:00:00,2017-12-13 19:59:33
647e1ede683aa8684314076d4a3b4eff,7005c6a1f6693d223926c26e15bda5d2,SP,sao bernardo do campo,health_beauty,48.9,7.39,56.29,delivered,2018-05-05 14:39:18,2018-05-18 00:00:00,2018-05-08 14:57:44
02556030d826438ef986ab5fd723a9a5,74084969d4b912b9bd10439ebb79ce6b,BA,arembepe,garden_tools,49.9,19.59,69.49,delivered,2018-02-11 10:47:59,2018-03-14 00:00:00,2018-03-05 19:14:28
e1b0640460ef6ca7edd7c0039805e515,88eadf2680b66e0f2a5342383969a8c8,RJ,niteroi,home_confort,269.0,24.42,293.42,delivered,2018-03-12 20:59:48,2018-03-29 00:00:00,2018-04-16 13:31:30
997972977f4f622407b3d9125eeffd46,5106f6e78344034615d6d013df43bda8,SP,santo andre,stationery,49.9,14.1,64.0,delivered,2018-01-30 15:30:22,2018-02-21 00:00:00,2018-02-05 20:29:47
9f035a4126d6f9cf43447e9b8eb6abae,cf2d4b59551f1a621e1dd518d8025d3f,AL,maceio,sports_leisure,229.9,65.1,295.0,delivered,2017-09-20 11:35:09,2017-10-19 00:00:00,2017-10-18 19:32:17
f34fd6ac0a7e90bea64cb88ee0e475c8,49716b39483fe9b68aaf96c775549384,RJ,saquarema,bed_bath_table,149.0,51.33,200.32999999999998,delivered,2018-07-31 19:29:13,2018-08-23 00:00:00,2018-08-17 16:57:32
83a5f8854981c7b3edeb547ad11c5e04,fb22aca282bff5836a847b923eb6e5c0,SP,paulinia,cool_stuff,29.5,13.08,42.58,delivered,2018-01-23 15:35:06,2018-02-07 00:00:00,2018-01-26 16:52:00
401421318e1a3e70530f8c082b9fb8b2,1863934bfd26921dcc5c063d9d0e7ead,SP,sao bernardo do campo,cool_stuff,99.99,11.9,111.89,delivered,2017-05-14 15:25:00,2017-05-24 00:00:00,2017-05-18 08:35:38
d2ed05c6bf17b1e0dc17dde0cc4768a8,f1236fdb8932b2aa1cebcc082b8fef62,SP,sao paulo,perfumery,159.0,9.31,168.31,delivered,2018-02-01 11:42:23,2018-02-19 00:00:00,2018-02-05 19:14:48
f3ae56eac64675deaceadab284172cb6,8423f43e0049483163143ee6950c2cb7,RJ,rio de janeiro,watches_gifts,108.0,9.77,117.77,delivered,2017-11-24 10:35:46,2017-12-08 00:00:00,2017-11-29 18:22:45
90d4fd66e34f42131ae8035b8c32a862,65593545b40367a625e17a67376ebcec,RJ,rio de janeiro,electronics,17.99,15.23,33.22,delivered,2018-04-14 11:43:13,2018-05-23 00:00:00,2018-04-25 20:32:09
f5f8998eee8ec7bc513dc52847d64ce0,149164aee69ed656dedbbe68623157bc,SP,americana,furniture_decor,79.9,22.19,102.09,canceled,2018-03-01 11:42:23,2018-03-20 00:00:00,
4089dcf1cbb89bc02b04c143c7dab499,083744765db229cad6129488fb24a17c,MA,sao luis,computers_accessories,580.27,56.19,636.46,delivered,2018-04-30 14:13:49,2018-05-23 00:00:00,2018-05-14 18:22:47
8d177df0bc7f19cc605da776c8730ce8,f8db7d98a4d9b02c0140acc20f1d3eba,SP,sorocaba,baby,79.9,13.92,93.82000000000001,delivered,2018-05-28 17:01:26,2018-06-28 00:00:00,2018-06-05 19:32:37
5713bef560364e39ec1630ff62449492,2fca924c90ac599f416173f496dbdfa6,MG,pocos de caldas,auto,28.0,11.85,39.85,delivered,2018-02-16 20:16:34,2018-03-13 00:00:00,2018-03-12 23:56:17
5db63df16698f20500f49faaee15c3d0,38ce23c6238a2f9541efbd285c90320f,RJ,rio de janeiro,toys,81.0,15.33,96.33,delivered,2018-03-01 09:33:13,2018-03-21 00:00:00,2018-04-04 22:46:23
2ab4524fd521bfb8a8ffc95ef44dd5ae,cc54e222e60205230380bf94aa4d2005,MG,contagem,auto,373.9,14.5,388.4,delivered,2017-11-21 17:37:08,2017-12-01 00:00:00,2017-11-30 18:29:07
736e1922ae60d0d6a89247b851902527,763c8b1c9c68a0229c42c9fc6f662b93,ES,vila velha,fixed_telephony,1790.0,28.72,1818.72,delivered,2018-07-15 14:49:44,2018-08-02 00:00:00,2018-07-26 22:03:06
ea8d1e7bfa0a8f264082703401aafe11,4b007bdd91649f684a6140f6645bbbc7,SP,sao jose dos campos,sports_leisure,99.0,19.93,118.93,delivered,2017-09-11 17:20:38,2017-10-05 00:00:00,2017-09-18 20:22:27
24c2ea18beb03e17972ed33b519950c1,cd020f72b3994d3dda2f464efe9aa99b,SP,santos,construction_tools_construction,1890.0,25.13,1915.13,delivered,2018-05-11 09:49:31,2018-05-25 00:00:00,2018-05-16 23:57:51
640d4902b5f77f0c87caeb40fbf900ed,142bc754f328d189f41e50d47a7f972d,SC,sao jose,bed_bath_table,45.0,9.44,54.44,delivered,2018-06-09 00:19:14,2018-06-20 00:00:00,2018-06-13 19:06:44
9eedaa8643ebca26e894f58017d00970,8f1715d52df81959a3903fdc47b4b0e2,ES,serra,pet_shop,149.99,22.98,172.97,delivered,2018-08-11 17:13:25,2018-08-30 00:00:00,2018-08-17 14:03:59
24012690fe6562f4a154875f2f64ed93,790cc14129e4d076d124aafd2b9f7caa,SP,sao paulo,art,129.99,14.3,144.29000000000002,delivered,2018-01-07 11:11:03,2018-01-24 00:00:00,2018-01-11 23:18:27
ec0eba3b4fbad8fda2b94df042100196,fccb5e809edbbe3512ddb842e66274da,SP,itaporanga,sports_leisure,57.8,21.6,79.4,delivered,2017-11-26 13:20:03,2017-12-15 00:00:00,2017-12-05 16:42:48
92a507a7a3a1fa4b94cdeb6699913e0d,1bc8377a0e9d7dd8efa927e4ce2f2296,SP,guarulhos,bed_bath_table,39.0,12.79,51.79,delivered,2018-05-08 21:30:40,2018-05-28 00:00:00,2018-05-14 12:43:33
50b8644a6f58db94a0d3beb21e0e9a01,5a70ab969f59cf7a18480854c5aa68a8,RJ,angra dos reis,auto,700.0,114.42,814.42,delivered,2017-04-25 10:48:47,2017-05-23 00:00:00,2017-05-09 13:52:42
5d7c9ec4aa4d83e0b66b73e3ad2d7c06,daec9f67248b12c4a7766c16541ce32f,SP,balsamo,bed_bath_table,29.99,4.74,34.73,delivered,2018-08-23 13:19:20,2018-09-25 00:00:00,2018-08-28 18:19:38
4e906592ffe21666b515f88ec700cdeb,1ea65ddb35b66437e159550e6e239501,SP,piedade,bed_bath_table,40.0,17.6,57.6,delivered,2017-11-20 13:27:59,2017-12-20 00:00:00,2017-12-20 16:34:28
66994eeab784295199193619ce33b765,3757a77ec62fb507d2eb804bfabb857b,MG,monte siao,pet_shop,29.99,8.64,38.629999999999995,delivered,2018-04-05 08:07:55,2018-04-24 00:00:00,2018-04-11 01:18:34
9318f6ca4d567918c67845ec20774303,908d9b3ddf294228e1d651a4374aa322,ES,linhares,health_beauty,349.9,30.85,380.75,delivered,2018-02-27 15:18:42,2018-03-28 00:00:00,2018-04-10 13:35:21
621e9c63cf00647b721e1798a1690c74,eea96309dbd9ba58c66cf20804db08f4,RS,caxias do sul,dvds_blu_ray,109.9,34.57,144.47,delivered,2017-10-12 18:12:56,2017-11-10 00:00:00,2017-10-27 20:23:11
440b5d8129165b7e04b3c37e3a5e93d7,8597b390850fe72e108d53f42ca64846,RJ,queimados,market_place,189.99,20.82,210.81,delivered,2017-05-21 08:01:31,2017-08-23 00:00:00,2017-06-13 06:51:53
9d8a3b882eccfedffcd196e7d1e4cf20,0a38322966d62df297e832d7db9a2d9c,RJ,macae,furniture_decor,49.9,53.74,103.64,delivered,2018-06-30 22:43:00,2018-07-25 00:00:00,2018-07-11 18:08:59
afcda0566edd7333aa8184a5985a47ba,79012e6f4c5ec98843e88a974f6272e4,RJ,rio de janeiro,health_beauty,879.77,24.04,903.81,delivered,2018-05-31 21:40:54,2018-07-26 00:00:00,2018-06-05 20:24:37
7cf050fc6dd31909cb224bd88eaacff1,e3e39a09d1b8ba13831288a02a07f01e,MG,janauba,pet_shop,89.99,15.38,105.36999999999999,delivered,2018-01-26 19:51:16,2018-02-22 00:00:00,2018-02-19 11:07:14
ead44d01d54591915544516e05a8b76c,989128b65605aec0f2838cbde3a44057,RJ,nova iguacu,industry_commerce_and_business,104.0,24.86,128.86,delivered,2018-04-25 00:48:29,2018-05-21 00:00:00,2018-05-04 20:13:52
34a6104e0b5f529ec680406b6d8ba4ce,10101a131c76b6e2e28b5856cf1cf736,RJ,rio de janeiro,books_general_interest,26.0,15.79,41.79,delivered,2017-06-29 06:36:24,2017-07-25 00:00:00,2017-07-11 16:14:46
db974c12004fe92ab344e63e8e4b995f,167759c2d29d4c4214618ec52212d039,SP,piracicaba,bed_bath_table,86.7,17.86,104.56,delivered,2017-08-24 14:36:40,2017-09-18 00:00:00,2017-09-01 18:47:02
caec30ce615ea62d4c91df14a8df2e2b,16b50bfe8c443656bc195c92f7d56a61,SP,campinas,sports_leisure,128.9,23.48,152.38,delivered,2018-05-06 16:36:26,2018-05-30 00:00:00,2018-05-11 17:08:54
ee2cea01096c661886d068781c9dac9a,ad506f1fe6f802754350355982adb067,ES,alfredo chaves,telephony,76.0,15.28,91.28,delivered,2017-08-30 14:09:29,2017-09-21 00:00:00,2017-09-11 13:30:14
bb2e64c3040ceb9b7ca2bfc602adca08,45677f94e9a07652cc2eb351dd542476,SP,santos,bed_bath_table,62.0,2.34,64.34,delivered,2017-11-03 11:29:00,2017-11-16 00:00:00,2017-11-08 02:42:06
da205e39e5c9572ab09b0f2ee02e7c04,89cdd34014d498c99082db502fa7b405,PA,braganca,sports_leisure,169.0,37.87,206.87,delivered,2018-06-04 15:01:08,2018-07-26 00:00:00,2018-06-20 18:04:10
fab137488ea6654792ec4cac3000cee8,3a0aa905da1ce8ced9144570dd49fd18,SP,sao paulo,stationery,29.0,7.46,36.46,delivered,2018-08-04 12:13:15,2018-08-13 00:00:00,2018-08-21 21:21:35
e1dbf5fa2a0830e4f3464b2d7aeb1ed5,d91abce0ac51d3f11cdf76b3608f9539,SP,ibate,bed_bath_table,159.9,16.75,176.65,delivered,2018-01-11 21:04:26,2018-02-05 00:00:00,2018-01-19 14:27:45
7c7746634ce6a69ef54045fc818fd366,83471769a2055c338c03fb17e8ca300f,SP,terra roxa,computers_accessories,140.0,12.48,152.48,delivered,2017-12-20 20:40:55,2018-01-18 00:00:00,2018-01-04 19:37:58
fba464e2b8022e40e3a5e5fdb8e7f2b1,0e46794bf99ba5d4a3ccc8ab5ae45a60,RJ,rio de janeiro,telephony,14.9,14.11,29.009999999999998,delivered,2017-03-06 12:38:42,2017-04-06 00:00:00,2017-03-14 15:24:04
2e1934467537a71d1ef09726c4c27b11,ba7b009639425078e02b8948c958bd83,PR,japura,construction_tools_construction,80.0,18.66,98.66,delivered,2018-07-24 19:02:36,2018-08-13 00:00:00,2018-07-31 22:02:51
79d6b9fa1473b8296aa43123282588f4,992a5167aaf85f90018a274433d8d441,SP,jaguariuna,sports_leisure,55.13,27.54,82.67,delivered,2017-06-20 19:58:34,2017-07-10 00:00:00,2017-06-23 11:16:37
c7aa0d557dc01880717bbcce8c72640e,073667f98c8956621ffdacb34d7ab922,PE,ipubi,furniture_decor,10.9,3.48,14.38,delivered,2017-11-05 16:14:34,2017-12-06 00:00:00,2017-11-20 22:48:45
edc39c747837ab7258f382372e798824,a50832cd09553f9885834a7cb66e16ba,MA,urbano santos,auto,69.9,38.04,107.94,delivered,2018-02-26 09:24:33,2018-03-26 00:00:00,2018-04-23 15:17:35
ee2019ddac943d402d6c59d8c39d4465,637561615a7544f92bfe993006dde77b,GO,goiania,cool_stuff,195.9,16.12,212.02,delivered,2017-12-10 19:58:56,2018-01-10 00:00:00,2018-01-03 20:19:18
d350e7341937f0fa42f1714f59a91a78,5f42d0867d470772c54059dc2fad8f10,RS,santa maria,home_confort,159.99,33.57,193.56,delivered,2018-01-20 20:42:08,2018-03-01 00:00:00,2018-02-14 13:44:59
c445ae8645fae366842873c44919ae25,c5e6cb6de29d2a8814b0662355fd9455,SP,sao paulo,baby,115.0,15.69,130.69,delivered,2018-03-23 22:14:05,2018-04-11 00:00:00,2018-04-06 17:22:30
8019e5f3a23ce0342b60a67f3fda2c65,30ec1e42686b488e353712bcde544e5d,RJ,rio de janeiro,auto,49.9,15.1,65.0,delivered,2017-12-01 15:22:27,2017-12-27 00:00:00,2017-12-18 21:22:02
37d69379ae52462d505e0711aed2c296,ea7a6079b771fa5ee75312be8d7d831d,SP,sao paulo,garden_tools,24.99,8.72,33.71,delivered,2017-03-26 17:54:57,2017-04-13 00:00:00,2017-04-03 14:56:52
a7eddde56d5836e33a95adc2e8586cf6,4e3866d28fde7a3451d3b33ad2fa0b5e,SP,sao paulo,housewares,14.5,11.73,26.23,delivered,2018-02-19 19:58:34,2018-03-19 00:00:00,2018-03-01 00:42:18
43a23a9a05a87ff4d46b5b18829fe9ae,b6f2686c1fd471e313ef86b3fced0f21,SP,sao paulo,furniture_decor,46.84,13.71,60.550000000000004,delivered,2018-06-09 20:25:20,2018-07-03 00:00:00,2018-06-20 17:38:37
de310c00c4111ff98be9166aa6213e22,28647a2ca2b90d600993cd4156d602ef,BA,camacari,art,79.9,14.46,94.36000000000001,delivered,2018-05-12 23:07:22,2018-06-08 00:00:00,2018-05-19 18:44:40
843a1e7a744e7d107ee80b65be5394d2,9e1455507a18ac7faa9d49871124c4b5,BA,salvador,health_beauty,18.99,20.4,39.39,delivered,2017-03-20 19:57:40,2017-04-19 00:00:00,2017-03-30 13:30:07
59ff850287c170ca0c5844a659a456a0,25a757ef36095b5df60b620b7cead344,SP,salto,sports_leisure,29.9,11.85,41.75,delivered,2017-09-09 22:59:17,2017-09-27 00:00:00,2017-09-20 19:08:11
0f32b97a3ceaa816f0ffa6af3ca4e0d6,8f90c831457ba0cf3172a739494f5640,SP,sao paulo,musical_instruments,1175.0,17.04,1192.04,delivered,2017-11-20 16:14:24,2017-12-04 00:00:00,2017-11-28 00:42:49
f633fefe2dab012ecd550010242ccf0e,7e18c0844585b81aa93c9c00204a06a1,RJ,resende,furniture_decor,125.4,27.18,152.58,delivered,2018-07-19 18:52:21,2018-08-03 00:00:00,2018-07-27 16:02:08
c43947f61dd689e246ef64dfa3b8bcf8,99c0c1bc2d467ab56bbbdb7977f33289,SP,sao paulo,housewares,36.9,7.39,44.29,delivered,2018-03-19 00:00:58,2018-03-29 00:00:00,2018-03-20 20:06:49
299ad5e33a5f4fe1efcac35b99b0fad8,0e94f559658f6cb6836fc6df8a6bbf48,SP,itatiba,watches_gifts,289.99,10.22,300.21000000000004,delivered,2018-01-31 11:25:45,2018-02-16 00:00:00,2018-02-03 13:13:28
a4652eb1954cd0c3121a95ba49122673,b0b18bfffa6a1fb823a25a9167e6877c,DF,brasilia,home_construction,15.0,39.04,54.04,delivered,2018-08-19 21:37:17,2018-09-04 00:00:00,2018-08-30 09:24:55
0c3da4384feb21f0def324b1b7d6f082,a674f8c319c74292f388cde186585856,RJ,rio de janeiro,auto,399.0,16.54,415.54,delivered,2017-11-09 12:22:48,2017-12-01 00:00:00,2017-12-04 23:22:38
a4bea4b3e01b8dd36eaf6a9e27698404,fca644903b221487643912191848d289,MG,sao lourenco,unknown,122.99,15.61,138.6,delivered,2018-02-07 15:25:10,2018-03-08 00:00:00,2018-02-20 18:49:04
8ee92e454fa78d4960e68a1520891e9d,cf81f79e7d4c75a3f4ee67cb7995ea11,SP,jundiai,furniture_decor,38.4,9.34,47.739999999999995,delivered,2018-01-24 21:32:26,2018-02-09 00:00:00,2018-01-31 23:12:07
2560dad7258f094d3b637e3d65cf6a06,9714c9881bcd5c1c2c454d8769a3a66d,SP,santo antonio de posse,stationery,149.9,17.3,167.20000000000002,delivered,2018-01-14 18:08:10,2018-02-19 00:00:00,2018-01-25 19:08:55
231f58de0228723d0b6d6b562d352d90,3d9f7bdb0b7ba4c2373ecd9a8bcf5574,SC,maravilha,sports_leisure,99.9,26.78,126.68,delivered,2018-05-03 15:51:53,2018-06-01 00:00:00,2018-05-22 11:54:45
f469782148dc2783107dd5159be50b54,ba48fb2a1a18a927c201654e33f38e79,PR,dois vizinhos,health_beauty,12.0,15.1,27.1,delivered,2017-12-11 23:43:58,2018-01-10 00:00:00,2018-01-05 17:42:39
71b2f7e12c3ef6574e1deaddbef86465,2d86deb4b68b7d0b528c7163afad4f56,RJ,barra mansa,health_beauty,92.0,14.23,106.23,delivered,2018-01-04 22:19:40,2018-02-02 00:00:00,2018-01-17 21:23:41
5697c84d8f3e63f51bebf917fa2b72cf,f665885a918a283d25910db7e8cf94e3,SP,carapicuiba,watches_gifts,239.0,14.11,253.11,delivered,2018-04-07 22:57:59,2018-05-02 00:00:00,2018-04-13 18:12:34
5eea7c72a77d6f2129a92d2d82e79410,b98de9b9357dc16158a7d4f584574575,SP,diadema,furniture_decor,399.9,81.83,481.72999999999996,delivered,2018-07-02 10:03:47,2018-07-18 00:00:00,2018-07-09 15:36:41
33cb48a8f9d0e5bf683cda9881aae15e,7263bdaf8bd8ca9e023f521f8ae50970,SE,aracaju,garden_tools,21.9,20.8,42.7,delivered,2017-03-13 08:43:09,2017-04-12 00:00:00,2017-04-05 12:11:00
be82da060fda4b85c7fe6ea6512f67e8,bc82228a4f5fceba5b14a04cb7b4591b,SP,sao paulo,sports_leisure,45.0,36.75,81.75,delivered,2017-05-02 16:35:06,2017-05-25 00:00:00,2017-05-15 12:47:31
6b65667bbce24262a05f9272420c2dce,f3738f6f5687da7c7ae0623172be00bf,SC,florianopolis,electronics,80.5,16.81,97.31,delivered,2018-01-06 20:12:23,2018-02-02 00:00:00,2018-01-24 19:34:55
f23a721a16f4bf4439daf9d03ed9d1df,073d35c8464f7424060c41581bb922d5,SP,sao paulo,health_beauty,29.9,7.47,37.37,delivered,2018-07-18 17:14:41,2018-07-27 00:00:00,2018-07-20 19:38:30
72e57d0b326731ddd25d0d44212a42cb,a2b7ff1b78e90acd6810d2f646d38cb7,BA,itatim,health_beauty,58.9,22.9,81.8,delivered,2018-08-17 15:55:36,2018-09-14 00:00:00,2018-08-28 20:29:32
9dc032f4d0154877b3fdddff1324d5e8,819c65629034acc8a0e1c096c2c6715d,RJ,mage,housewares,130.0,18.49,148.49,delivered,2018-06-02 12:54:29,2018-07-16 00:00:00,2018-06-14 16:48:45
2591f6277be80b0c25627c745ec900c4,9f3a4f9a67346ae72d8edc3b766e664f,RJ,rio de janeiro,bed_bath_table,56.99,23.2,80.19,delivered,2018-08-04 16:55:24,2018-08-14 00:00:00,2018-09-03 15:24:34
55d4d9c0f7de603b836a906fa3dc4d91,e87657086fb303f8f2f829eccdc587ef,SP,sao paulo,housewares,38.0,16.6,54.6,delivered,2018-01-31 13:14:45,2018-02-23 00:00:00,2018-02-06 19:22:46
102dff93d9ff9180027b57feff2f34cc,7db2e770f207b919316e20d6a183ddd0,SP,paulinia,toys,39.9,7.78,47.68,delivered,2017-07-13 03:15:21,2017-07-26 00:00:00,2017-07-14 16:16:47
ff41c61254c0df3698b8689d9493ffb0,528dfcc777a4bc47bfef5fd7b189cb2a,RJ,rio de janeiro,bed_bath_table,49.95,15.1,65.05,delivered,2018-02-23 09:16:59,2018-03-21 00:00:00,2018-03-27 20:18:29
21af19181b59fd603fd2c40717d3897b,7c87e340df6050446ae8c8edce73db04,MG,botelhos,health_beauty,180.0,26.54,206.54,delivered,2017-09-18 11:45:11,2017-10-17 00:00:00,2017-10-03 21:11:19
6ba0683fc45576a6050dfba5f9c41bb1,96e147852028a3ce1d25c86f03032023,SP,cacapava,watches_gifts,199.99,19.5,219.49,delivered,2018-06-27 17:38:07,2018-07-31 00:00:00,2018-07-03 07:41:41
9ac2a680b00d51b787bc374700055ca7,3a8b736ad07392961e9858a659683c10,SP,sao paulo,computers_accessories,498.0,37.03,535.03,delivered,2018-03-27 09:21:48,2018-04-16 00:00:00,2018-04-09 11:42:20
35e6a07f069c2483b3e23c5bbb94a770,c9c948e700fa28a8838f290d54cdd2e9,SP,jundiai,housewares,59.9,14.13,74.03,shipped,2017-10-16 20:24:07,2017-10-26 00:00:00,
4d4c70fd93cbc8282de897a5bc68e7b6,e7121d8ee3e85dd6179d14a6066b1218,MG,eugenopolis,watches_gifts,579.9,18.81,598.7099999999999,delivered,2017-07-01 16:58:26,2017-07-25 00:00:00,2017-07-17 12:42:16
7cf0a0e1a5215dd653bcba7bece011d2,b8f2efd945f239559e5d0685045803e3,RJ,rio de janeiro,watches_gifts,178.0,17.69,195.69,delivered,2018-02-20 19:03:21,2018-03-19 00:00:00,2018-03-19 20:32:32
0647d9d193d898f2ff46c9e91a3c8c4b,c169c9937db997a267f749cdd64c161f,PR,curitiba,computers_accessories,188.9,20.56,209.46,delivered,2017-05-09 14:41:10,2017-06-09 00:00:00,2017-05-22 08:36:48
ac699d120c768095409c6a373ed364de,7477e92f762539b331ff9eb3e77c6bcb,PR,curitiba,unknown,29.9,14.08,43.98,delivered,2017-07-13 09:44:51,2017-08-09 00:00:00,2017-07-20 18:46:34
ef303518c213c484b45e3cd59f745bbd,020747bd836e23bc8e3692937ad85497,RJ,areal,sports_leisure,30.9,19.41,50.31,delivered,2018-06-19 19:58:06,2018-07-18 00:00:00,2018-06-29 16:57:46
91a333766463bf60b5dcb78750da0f51,67cb5df57124d5e5dde3a80e913667df,MG,belo horizonte,watches_gifts,49.0,14.1,63.1,delivered,2017-12-29 17:36:16,2018-01-24 00:00:00,2018-01-04 22:36:27
48a2f7e1d2c08321278f947050d5a1d4,e89fbd052753db1a68764b648fa5e0b8,MA,bacabal,toys,36.9,34.94,71.84,delivered,2017-12-27 16:56:51,2018-01-31 00:00:00,2018-01-19 18:39:42
ef9436d5d8ad55bb0f9dc670d8391ee8,77c66234038e6a6e1e683192898272a7,SP,sao paulo,computers_accessories,57.52,12.53,70.05,delivered,2017-11-28 18:39:39,2017-12-27 00:00:00,2017-12-09 14:08:58
55b8dc586cc360e553bf09d7f81ee36d,451dee688ac2dd6537e1f7d8da13d8f0,CE,limoeiro do norte,health_beauty,120.0,27.38,147.38,delivered,2017-11-16 19:11:10,2017-12-20 00:00:00,2017-12-15 00:16:52
22761d4348c7b25a9597938295f16fc2,ab1aa122b9560410e838121a90083f30,RJ,resende,office_furniture,139.99,38.82,178.81,delivered,2017-10-12 21:31:13,2017-11-09 00:00:00,2017-10-26 19:54:05
fd571ab12e8d263eaf309774eedfcfeb,a2913c14f49022ef2ddfd436dcd5be89,RS,pelotas,bed_bath_table,296.9,23.2,320.09999999999997,delivered,2017-08-02 17:13:38,2017-08-28 00:00:00,2017-08-11 18:35:44
c6a3d2b7b077946b1b0134dd45d28f98,b237774826133af5565c525947bc5d3b,SP,itanhaem,housewares,59.9,18.63,78.53,delivered,2017-05-05 20:59:15,2017-05-30 00:00:00,2017-05-11 08:24:48
4210d6c8e386746480631c5c8075e77e,22d06b0463d386772d188dca830cbada,SP,sao paulo,food,19.33,8.27,27.599999999999998,delivered,2017-09-23 13:01:13,2017-10-10 00:00:00,2017-09-27 18:09:54
430da9e882483760910bef24ad74494b,d8dae23478ae79d7fca03f52342e2854,RJ,niteroi,bed_bath_table,56.99,16.16,73.15,delivered,2017-11-22 15:25:44,2017-12-12 00:00:00,2017-12-06 14:18:53
4447244b60640d0067069c680995049d,495da79af2388e1609849b52d6d4a348,SC,orleans,toys,199.99,18.97,218.96,delivered,2017-10-26 23:05:22,2017-11-23 00:00:00,2017-11-07 22:12:58
cb33ba59f7f3b3d1f5caf3e8176551ea,11d07d8ffcdb81279bb38d710648ce6f,SC,xanxere,furniture_decor,16.9,15.1,32.0,delivered,2017-08-16 17:31:15,2017-09-08 00:00:00,2017-09-04 19:10:09
5558c376f5604bb25823f2be7d1bc82c,72f23703c5643b1ee93e42994e95a732,SP,sao paulo,computers_accessories,84.89,7.94,92.83,delivered,2018-04-09 14:21:15,2018-04-23 00:00:00,2018-04-13 20:32:24
32e76b791f3833aebe9064d2c09dc1c5,2ec7d93d9bffbbadcb5ac168bcd0963d,DF,brasilia,baby,159.9,21.96,181.86,delivered,2017-11-24 15:16:05,2017-12-18 00:00:00,2017-12-26 16:38:57
ed1907be7ed16822efc6ac9615b2deae,548414d4fae122dfdee2518e86d1e5e6,SP,cotia,cool_stuff,642.3,43.58,685.88,delivered,2018-08-15 09:57:51,2018-08-27 00:00:00,2018-08-20 19:32:40
6274d552e3824c848e192c6c6c9509cb,6d4f6714da11ea844c014c271668dabc,SP,santos,baby,120.99,18.73,139.72,delivered,2018-03-11 11:29:11,2018-03-27 00:00:00,2018-03-19 22:49:38
e035b961b5292eb21034e4462013fa66,2989d990cbaf75e60b262583cacda3d4,RS,alegrete,telephony,22.99,16.05,39.04,delivered,2017-05-04 16:36:27,2017-05-31 00:00:00,2017-05-11 13:59:59
9ba31b95aa2ad7ab24bcd9f64a89ea43,f6870d5b2e7b5bdfdeb70f873cf4ba19,MG,belo horizonte,sports_leisure,33.1,15.1,48.2,delivered,2017-10-04 15:51:35,2017-10-31 00:00:00,2017-10-11 17:00:24
394eefeb1d359eb230a22ba3bd68f072,6e075251966872e345c2a31c0e808664,SP,guarulhos,bed_bath_table,159.9,13.02,172.92000000000002,delivered,2018-04-23 21:03:00,2018-05-04 00:00:00,2018-04-25 20:14:38
f75e6a734202bffa09de11b88087fc9c,c7d6e2896234cfbbc5b3e51734e44169,PR,indianopolis,auto,16.0,16.11,32.11,delivered,2017-11-24 14:47:29,2017-12-20 00:00:00,2017-12-14 18:51:54
3d5f593a3675d379285142d8c932bb6e,95f9c485da51027740f0d60017c0f5d1,RJ,nova iguacu,telephony,59.0,11.91,70.91,delivered,2018-02-05 11:39:46,2018-03-02 00:00:00,2018-02-15 15:22:44
892fe89649cc60aa530437d9f856a7ad,4fc02b98d960de14b0f8bad5fd16a034,SP,santos,bed_bath_table,24.99,7.78,32.769999999999996,delivered,2017-12-11 22:40:54,2017-12-29 00:00:00,2017-12-16 18:47:05
cc65ff3459f07735c94663725a5ce22b,d3dcae39bc883928f24d6040c2a6c2d0,SP,indaiatuba,health_beauty,49.99,21.18,71.17,delivered,2017-10-07 21:13:02,2017-10-26 00:00:00,2017-10-13 19:00:12
e05b2ef0e6f68745846dba198590cb80,5373d3bd71b05d85cc1b76a125943527,SC,ita,perfumery,233.0,17.39,250.39,delivered,2017-12-11 09:28:15,2018-01-11 00:00:00,2017-12-18 19:55:44
82348f1b5f24ac795fa9320e02c49553,c6996ccf5d071fd9e214d1cef7fc8e7d,SP,itapevi,sports_leisure,12.0,7.39,19.39,delivered,2018-06-22 21:21:52,2018-07-05 00:00:00,2018-06-27 18:19:38
cdcdab9c657011a188471120c6c6accf,759cc1995ca016648b670d3cb5c0c999,SC,palhoca,stationery,259.9,16.58,276.47999999999996,canceled,2017-09-13 20:38:00,2017-10-11 00:00:00,
b938ac4d34d8d6e6cb9f8dbfa2042cc6,32577238d3b75592e45c026e57ce20eb,MG,campos altos,toys,36.9,14.52,51.42,delivered,2017-04-23 13:44:53,2017-05-15 00:00:00,2017-05-05 16:22:19
5b181a5480a2873bf4689add4630e731,cb57be427d5e8c06c10cdd1540df1e00,RJ,rio de janeiro,perfumery,179.9,15.01,194.91,delivered,2017-12-04 17:24:58,2017-12-27 00:00:00,2018-01-04 21:32:52
ec082d3ffd103096f9274b6247217ff9,61e55a4c5ac0890968648505e89a0dd5,SP,santos,toys,139.9,2.36,142.26000000000002,delivered,2018-08-15 18:26:53,2018-08-30 00:00:00,2018-08-18 02:44:37
ea7dfe9f928b33cb2e9d8bc99dd7e0f3,8b2a54c3899b858e9e080a422be4c56d,MG,ipatinga,toys,105.4,19.93,125.33000000000001,delivered,2018-07-04 12:28:32,2018-07-26 00:00:00,2018-07-11 00:31:54
185ff6b80b6fa8165bfb804f4f3b186e,4da44a87db9dbe7886446eadba5eec85,SP,indaiatuba,sports_leisure,156.0,8.35,164.35,delivered,2017-12-04 21:40:48,2017-12-22 00:00:00,2017-12-12 18:48:49
10946918b6dfb9d446d7fd1a39a45055,7c850f9150b71f11b92bfdabfdd3d30b,BA,biritinga,auto,120.0,27.57,147.57,delivered,2018-05-11 21:26:29,2018-06-07 00:00:00,2018-05-24 21:35:19
5cf2f1cfd8e622ef00a2e29b3cf971f0,61822b79a64d7d39a10d565b4ba64017,MG,governador valadares,telephony,21.99,15.1,37.089999999999996,delivered,2018-02-15 23:09:23,2018-03-12 00:00:00,2018-02-28 22:13:19
dc945d5d50345e370825fcd9653156a6,9ef475e8950b598deac6cfba29768fd3,SC,indaial,bed_bath_table,184.9,26.13,211.03,delivered,2017-08-31 10:02:13,2017-09-28 00:00:00,2017-09-19 10:44:07
30cbc667959773c36d34c2ce5e02b4ac,73621cf8bb2f92f40419b7cf89a5eb2b,AL,atalaia,auto,89.58,48.07,137.65,delivered,2017-11-24 08:28:50,2017-12-27 00:00:00,2017-12-05 14:46:08
f5c1445b3732010dc5ad14eff121f7d0,bd66fae87c09684e3e5ec411b4248e15,SP,indaiatuba,electronics,29.0,8.72,37.72,delivered,2017-11-27 11:26:40,2018-01-10 00:00:00,2017-12-04 22:58:47
a00e73405373c561c9df18fa53fb1af2,81c3483b8db1fea5572055787a30294e,SP,sao carlos,sports_leisure,65.9,16.22,82.12,delivered,2017-07-17 12:03:59,2017-08-11 00:00:00,2017-07-31 14:56:52
ed807db880719907eed75f32829ba5be,5527213e610f0a189308f8e404b3a88f,SP,sao paulo,furniture_decor,34.99,9.09,44.08,delivered,2017-12-21 16:55:25,2018-01-11 00:00:00,2017-12-29 14:42:34
a96610ab360d42a2e5335a3998b4718a,da122df9eeddfedc1dc1f5349a1a690c,RJ,araruama,small_appliances,4799.0,151.34,4950.34,delivered,2017-04-01 15:58:40,2017-05-02 00:00:00,2017-04-17 11:04:45
c98c642afddadee451d6ca9822f297d9,d30de16d4e480a031219aa0c383a1a52,PE,recife,auto,99.0,20.74,119.74,delivered,2018-03-25 14:14:04,2018-04-19 00:00:00,2018-04-10 22:03:33
39597e816452d67775b185a4de2f583f,a9cdc8cdb6681c38330f4e1679848c18,RJ,cabo frio,cool_stuff,99.9,16.46,116.36000000000001,delivered,2017-07-27 18:05:53,2017-08-18 00:00:00,2017-08-11 21:22:02
8193af9e3c0361af46d8c6665c838753,86c7f24cd4a516836d36d9cd6eb43aac,RS,pelotas,toys,27.9,17.6,45.5,delivered,2017-08-02 11:31:34,2017-08-28 00:00:00,2017-08-10 17:17:48
087889e1fca3301cc56532907bfe811c,12328d63390726821fdcd8e8b77f10b5,BA,coribe,bed_bath_table,59.9,16.86,76.75999999999999,delivered,2017-11-28 09:26:02,2018-01-03 00:00:00,2017-12-21 21:17:03
9eb625cb452456dcf60ac5b2ce2ed445,9475cd15ca1ac4f79326f3192be9d32c,RS,porto alegre,stationery,84.9,15.35,100.25,delivered,2018-02-23 16:03:04,2018-03-22 00:00:00,2018-03-10 01:58:31
8c572f3e9b363e7ef4cc144968a64e9f,2ee27a6992275f12e9b8320102979055,SP,sao paulo,bed_bath_table,30.0,12.87,42.87,delivered,2018-08-01 18:17:39,2018-08-13 00:00:00,2018-08-09 23:03:09
d5af8fc30f7ecc4a1b23de7dc0377e9f,2f129fa019bca316504f1df58fb6116a,SP,sao bernardo do campo,furniture_decor,48.9,11.85,60.75,delivered,2018-02-26 18:00:21,2018-03-16 00:00:00,2018-03-23 21:29:29
8ff1992743a7f3a6daffc9ec9db05cbc,c8592d5ae5bde92205a4eedb41d9455e,MG,ponte nova,watches_gifts,259.0,16.56,275.56,canceled,2017-06-05 21:20:51,2017-06-28 00:00:00,
b4180badf3ac49892e23d6e0276f1e84,7fcba42041eaec8f0b20ea6afdfe15df,RJ,rio de janeiro,bed_bath_table,56.99,19.37,76.36,delivered,2018-04-26 14:44:05,2018-06-06 00:00:00,2018-05-03 00:14:44
33083ef1b98c3ffaf1c217ec67963aeb,98ac63a567d49ca380b169c21248bac4,DF,brasilia,housewares,39.1,16.6,55.7,delivered,2017-10-08 20:38:16,2017-11-01 00:00:00,2017-10-13 15:04:52
7c8ef607483d6add6bd812fcb934dca9,bc68d76fc88fc15e4f81d571464ecd45,SP,sao paulo,sports_leisure,89.99,16.32,106.31,delivered,2018-04-12 21:33:20,2018-05-11 00:00:00,2018-04-18 16:18:39
b374364a416f6bd7a376e466e60415a5,d1e8e8b6b4fe73615245aafece2c391d,RJ,rio de janeiro,books_general_interest,115.0,16.51,131.51,delivered,2017-03-03 11:09:23,2017-03-28 00:00:00,2017-03-13 14:14:40
58d4c4747ee059eeeb865b349b41f53a,a5314ac290a8b141491e987ae37aa7cc,SP,santa barbara d'oeste,auto,27.9,7.46,35.36,delivered,2018-07-21 12:49:32,2018-07-31 00:00:00,2018-07-25 23:58:19
0bb96548fdaf9fb98f6a72c4936a54d1,237c219a24b6a3183a216a5ca00f6edf,SC,blumenau,furniture_decor,49.9,16.11,66.00999999999999,delivered,2017-07-15 20:31:41,2017-08-08 00:00:00,2017-08-03 20:12:41
751828ac13df64ad531c8664c91fdee6,ee14cbefb497da66165b32499fc311e2,SP,lins,auto,15.9,15.1,31.0,delivered,2017-06-15 13:41:16,2017-07-10 00:00:00,2017-07-03 13:37:43
41479e5eeb4f7ae644e524566a85a66e,2ac0a65015448e0815d4d943a3870e3c,SP,varzea paulista,sports_leisure,119.9,61.58,181.48000000000002,delivered,2017-06-23 00:00:43,2017-07-17 00:00:00,2017-06-30 13:09:44
714f94b6231908bda17ea75f8f9e7c11,20729fb5a6c4c0afff17154acb2852c1,RS,pelotas,health_beauty,119.99,84.39,204.38,delivered,2018-05-04 08:21:22,2018-06-06 00:00:00,2018-06-12 01:42:30
b22d306e18b3b665d49f2ce7d060742e,0f35e8fce704f0cc89cb5f34965e4776,RJ,nilopolis,bed_bath_table,79.9,17.3,97.2,delivered,2017-03-22 17:33:15,2017-04-19 00:00:00,2017-03-31 12:27:17
48755ebcffac911029c4d20f6ac536ac,25273a364003c6166d31e55f1a26a753,RJ,itaperuna,fixed_telephony,256.0,16.02,272.02,delivered,2018-04-07 13:27:06,2018-05-02 00:00:00,2018-04-27 21:52:39
251290bd4ffaeb9e5e29158f3ea21c93,65084018146e778ef88e167df944f9b7,TO,palmas,pet_shop,43.0,19.04,62.04,delivered,2018-06-10 22:27:15,2018-07-12 00:00:00,2018-06-26 11:34:36
1c55aa51edc71bb7071a9a1e32b9caab,eea6d169d9f5feef04a86bdf68011cf3,SP,tiete,fashion_bags_accessories,39.9,15.13,55.03,delivered,2017-05-22 23:44:38,2017-06-13 00:00:00,2017-06-05 16:22:26
9b2504f4428a8a4d047d22a966df321d,6a44303aa03b41d094432bf42de4abe0,SP,sao paulo,electronics,18.9,7.78,26.68,delivered,2018-02-20 10:39:34,2018-03-06 00:00:00,2018-02-28 15:49:14
5cfaa2e60887ab4aed7d4e637efe2156,c76dbe63126a89c815fe9716acfdb4a1,PR,cascavel,garden_tools,32.9,17.6,50.5,delivered,2017-06-22 19:08:00,2017-07-14 00:00:00,2017-07-04 14:03:13
e282c4391c744da1e194f6c322f1255f,9e47811def6c1467905f6bbcd016d179,RO,porto velho,health_beauty,59.0,19.26,78.26,delivered,2018-01-30 12:40:44,2018-03-13 00:00:00,2018-02-16 21:52:16
3a842b225282ff435d63bba66a7ca5e8,5120b43f3ecd157a44f14099186f09c3,SP,sao paulo,bed_bath_table,99.9,13.72,113.62,delivered,2017-07-15 04:30:45,2017-08-04 00:00:00,2017-07-23 13:03:34
2e7a8482f6fb09756ca50c10d7bfc047,b7d76e111c89f7ebf14761390f0f7d17,RR,boa vista,furniture_decor,39.99,31.67,71.66,shipped,2016-09-04 21:15:19,2016-10-20 00:00:00,
c5b859a429fc1d63c1444ad6a7a52d27,5448fb61e525231e03356fb5769b9820,BA,paulo afonso,health_beauty,325.0,18.71,343.71,delivered,2018-03-02 20:04:19,2018-03-28 00:00:00,2018-03-28 14:49:36
4b38f9d30c069b6ec0c1da7d03c0ea21,9c560d0dfed12008342c88fc77bd63e2,SP,tiete,watches_gifts,219.0,13.97,232.97,delivered,2018-04-23 15:05:11,2018-05-16 00:00:00,2018-04-27 18:28:46
38606eb20bdd1b2f56309287e809510d,eef5080070de7759052192f7c077c250,RJ,sao goncalo,telephony,29.99,15.23,45.22,delivered,2018-03-22 09:19:59,2018-04-11 00:00:00,2018-04-19 23:16:57
e20e66069c6d2f4cd62ea63b48bbaf4d,f46f29192721dd43b4861833569e8a2c,GO,trindade,furniture_decor,45.9,16.11,62.01,delivered,2017-06-16 14:45:19,2017-07-24 00:00:00,2017-07-04 12:28:46
ff24fec69b7f3d30f9dc1ab3aee7c179,ae76d876d1067aa49fa661723d824ed5,SC,jaragua do sul,unknown,122.99,15.61,138.6,delivered,2018-01-26 14:41:14,2018-02-22 00:00:00,2018-02-07 14:57:00
f01cedbfe57601b0145a8331f8289138,913e4a0664572d0652473b98b808e7b5,MG,cabeceira grande,stationery,139.0,49.5,188.5,delivered,2018-02-08 15:39:25,2018-03-15 00:00:00,2018-02-19 22:04:33
80ab91a3eb74b9f60c88ccb65e86197d,5531c5cc7089dcf2a05e8b70fe7092f3,RJ,rio de janeiro,bed_bath_table,29.99,18.23,48.22,delivered,2018-05-10 20:07:00,2018-06-19 00:00:00,2018-05-22 18:54:24
f7e13134cbda2f29f8690ed0dcb2e480,b9a24a599a72aaebfbcc609e10efe841,RO,porto velho,sports_leisure,129.9,25.28,155.18,delivered,2017-03-27 03:02:50,2017-05-09 00:00:00,2017-04-29 12:30:06
5fcc2670963f8c4fb6659296e7833fc1,a7fc43c947be641c43b10125921c6398,SP,aracatuba,sports_leisure,75.7,14.11,89.81,delivered,2018-08-14 16:00:08,2018-08-27 00:00:00,2018-08-20 14:50:58
5d74b3ad92a846bb883841ab6a20d629,ae4040757eb5b3be43a7c0ea27260d50,SP,vinhedo,home_confort,89.9,13.65,103.55000000000001,delivered,2017-08-24 23:03:49,2017-09-14 00:00:00,2017-09-01 18:57:51
58346246ea802a21cb34124ed2326770,211aaecea827d378c879c2b2f667c89d,SP,sao paulo,perfumery,44.99,7.58,52.57,delivered,2018-07-11 17:17:37,2018-07-19 00:00:00,2018-07-13 17:58:42
21dcd7ede33a335560d594e78f70499b,41f28f024fc040a000297f55bd8c985a,SP,tupa,health_beauty,59.9,20.84,80.74,delivered,2018-04-24 18:30:34,2018-05-11 00:00:00,2018-05-02 17:32:59
f9a8f148429cc3e0ebfc426bf5f7299e,f3c1362badd3a3912699f9b8461e20cd,SP,sao paulo,health_beauty,104.98,20.81,125.79,delivered,2017-03-01 19:32:22,2017-03-23 00:00:00,2017-03-06 08:58:40
add756e3e5d6be09e93f4e5ca22d7b44,144c634298251b2555afab18146796bb,PR,prudentopolis,home_construction,79.9,31.88,111.78,delivered,2018-06-05 15:30:41,2018-07-18 00:00:00,2018-06-14 18:48:35
68e48e68da1f50f7c5838ea75e3a20dd,a464f750556546a0989d9326ec003ccf,SP,sao paulo,auto,84.9,13.25,98.15,delivered,2018-06-18 16:02:23,2018-07-13 00:00:00,2018-06-22 21:18:51
dd3d7dfdc81448f6cc4d3e8eb60cfb75,52078ec82e51b329ff60a8216607433c,SP,santos,drinks,11.49,8.82,20.310000000000002,delivered,2018-06-18 20:16:23,2018-07-03 00:00:00,2018-06-22 18:38:47
e736e8be46e455e1393b356298420641,39bff4c2b3ab45457843adaff876574e,SP,sao paulo,watches_gifts,39.0,7.39,46.39,delivered,2018-04-03 12:31:20,2018-04-16 00:00:00,2018-04-06 21:52:34
cd6d509561879ebc686e9a59a123c1e7,e3f340f86279b53cf8f5318f0399e248,SP,sao paulo,toys,180.0,19.54,199.54,delivered,2017-04-23 15:20:31,2017-05-23 00:00:00,2017-04-27 12:16:14
f7de5122368e6280d10af21064f7f873,024f45263b6a8d9d49b30c4251cfe86c,RS,lagoa vermelha,telephony,18.0,15.1,33.1,delivered,2017-08-16 22:09:10,2017-09-12 00:00:00,2017-08-30 15:48:05
eaf817b1e9460ea656747c70aa8d9c6b,a5d27d30180bb09d1aa563049cb43e8c,DF,brasilia,telephony,54.9,17.66,72.56,delivered,2017-09-12 18:00:13,2017-10-02 00:00:00,2017-09-18 18:22:12
ede6a833580744e002b0ee65323a3006,b83249f64d1c5d719ce04e1bc5775547,SP,taubate,food,100.0,18.8,118.8,delivered,2018-08-17 15:11:53,2018-09-12 00:00:00,2018-08-22 19:28:52
9dabd200c58f609f380ecd1e44898086,647afdb8a120547075e55a9dfeba6bcf,SP,sao paulo,cool_stuff,238.0,22.97,260.97,delivered,2018-06-12 20:50:18,2018-07-19 00:00:00,2018-06-27 17:11:52
b1bbfabb6b75dc7ff7050093749048e8,ea4a8de10fce39388e467e38acbe63fc,SP,jacarei,fashion_bags_accessories,34.9,15.1,50.0,delivered,2017-12-05 08:47:56,2018-01-02 00:00:00,2017-12-16 17:33:15
4f8c25939ba36d08d148252e8b3846f1,55a4c5ebfd8fcc86eb83882fa0464977,PB,joao pessoa,stationery,39.9,22.67,62.57,delivered,2018-01-06 19:11:08,2018-02-08 00:00:00,2018-01-23 23:26:40
642c72a626543627ab9d2750b2fb8d66,c82e93a4d97ffbcfb659c9c42810da5a,MG,juiz de fora,computers_accessories,31.9,12.48,44.379999999999995,delivered,2017-05-29 16:23:10,2017-06-19 00:00:00,2017-06-05 11:52:11
71ebfb916db0911bb0201d56790bc485,18f3465c95a1314ad1536112aa513110,SC,sao jose,health_beauty,364.0,18.74,382.74,delivered,2018-08-21 20:53:43,2018-09-03 00:00:00,2018-08-28 21:51:36
cc68db472e6aa971b19ecb519fbc486e,2de3c52d71a127ef29e31067f8216447,PA,belem,auto,1199.9,58.06,1257.96,delivered,2018-01-10 11:38:12,2018-02-20 00:00:00,2018-02-05 23:07:40
8c773ab2b6b214fa7ec9e401f2026e40,8e8c4acebf28ff8b76b0c3997fed207d,SP,americo brasiliense,sports_leisure,25.9,11.85,37.75,delivered,2017-09-21 19:06:49,2017-10-13 00:00:00,2017-10-07 19:08:44
b277cd83cbc203702ec0b15ca86799fb,a4eccccf80e1988ddb8c320acdeac311,TO,palmas,construction_tools_lights,46.0,19.23,65.23,delivered,2018-06-24 18:44:40,2018-07-19 00:00:00,2018-07-03 08:51:50
ce36c78536d03e75d82fde293b7e1430,7e2058b254632a5805d0b16da6aa82a9,PR,curitiba,telephony,49.0,18.23,67.23,delivered,2018-03-07 11:28:23,2018-03-26 00:00:00,2018-03-15 22:48:36
6dca57240c5cb67c2673be12f538a2fc,f356168960fb1fd258af7cb49669bb04,RJ,rio de janeiro,watches_gifts,155.0,19.19,174.19,delivered,2018-07-28 20:03:29,2018-08-22 00:00:00,2018-08-02 21:49:01
b945375051aa88d28c30fb42485897d6,4a7d0c3dd4e2ee7ce8066d880f132b19,SP,sao paulo,baby,28.99,7.46,36.449999999999996,delivered,2018-06-13 13:35:02,2018-06-25 00:00:00,2018-06-15 19:07:39
8209537dd24f5c7e5cd13be3928312d5,e7b0d39830ad717b934621af2c75e1c6,SP,guarulhos,perfumery,34.9,7.78,42.68,delivered,2018-01-26 17:10:17,2018-02-09 00:00:00,2018-01-31 20:57:03
966c90ba25d70f16e21511a31533928c,1ca827933813d56f07c416b2d086b799,SP,sao paulo,bed_bath_table,84.9,14.9,99.80000000000001,delivered,2018-07-27 16:51:53,2018-08-10 00:00:00,2018-08-02 18:51:56
c2c7eaa5d10a2d1abe8f0948534ef196,3729f8f3dacbb68f393d2d6ad2b3dc91,MG,governador valadares,computers_accessories,18.9,20.74,39.64,delivered,2018-02-27 09:42:22,2018-03-22 00:00:00,2018-03-19 19:08:29
d54005052afdbf06d7a1d39cc9e45f92,d1aef037cd06ae9e8018d05efd0ed17a,SC,taio,small_appliances,1589.0,59.64,1648.64,delivered,2017-03-14 22:44:28,2017-04-17 00:00:00,2017-04-08 01:38:49
3a0b207c999d48a7385a3ec9ceb251fe,34a0955bc5dfb973c863133bbb8ebef9,SP,sao paulo,housewares,39.99,15.56,55.550000000000004,delivered,2017-02-24 18:23:10,2017-03-21 00:00:00,2017-03-13 12:14:37
23923af7b4df1da5db096c921e728325,c97b2ed8143afc4bd58d278bab98637b,SP,catanduva,computers_accessories,15.0,11.85,26.85,delivered,2017-09-09 19:17:47,2017-09-28 00:00:00,2017-09-14 23:16:53
0f537c28b416c542bd58984e8d51b4ef,ab071ec5dbdbd6f95c6ae54cfbb39424,PR,londrina,watches_gifts,185.99,17.06,203.05,delivered,2017-10-21 12:31:52,2017-11-13 00:00:00,2017-10-28 16:28:35
77f514f9d88e4b1d04a34761994ee78c,27177c850559ea0ec7bc49e36d30a45c,PR,tibagi,baby,48.9,19.32,68.22,delivered,2018-06-10 12:46:49,2018-07-12 00:00:00,2018-06-15 12:03:37
a6d7b2808b32dae3b384222edb93efd0,42befda568ea0df110b6cec63c233bea,SP,sao paulo,health_beauty,17.9,8.88,26.78,delivered,2018-03-23 13:44:28,2018-04-05 00:00:00,2018-03-28 20:21:51
8b83251dbc9bd02530320cceb82cc03e,995e3863a393f3465e260e1ad265e7eb,SP,sao paulo,construction_tools_construction,36.99,7.39,44.38,delivered,2018-04-20 12:33:21,2018-05-02 00:00:00,2018-04-24 18:22:27
2b4d04cfb81d2dbb1ab48f9e2a7ac6b9,478098554da8910383d47ec3788a9905,SP,ourinhos,bed_bath_table,21.99,12.79,34.78,delivered,2018-03-16 09:18:35,2018-04-04 00:00:00,2018-03-23 21:54:48
2631afe2c28beb1d0b168915054a952b,4d696e283acdb741ee9dbaae49e8f608,SP,sao paulo,bed_bath_table,78.9,11.76,90.66000000000001,delivered,2017-11-16 13:23:12,2017-11-29 00:00:00,2017-11-25 14:04:42
d51d47c376acc042f6cd2811a08b5c62,f05662fe45e051553bffad1ec8bc52d1,SP,sao paulo,sports_leisure,99.9,13.25,113.15,delivered,2018-02-07 15:44:19,2018-02-23 00:00:00,2018-02-14 13:14:00
e9d4e2e8fa496212d4d5d79d0b7863ba,0cebf5b4fd5ffdd47aa06d8798b9527c,PR,curitiba,fashio_female_clothing,24.9,14.1,39.0,delivered,2017-06-10 22:07:50,2017-07-05 00:00:00,2017-06-19 20:44:01
862367d9dd9e80263c5b728d8c81b2a6,d8f8afc9b9992b49ab2e12ad9f1a9e5b,SP,limeira,garden_tools,49.9,13.37,63.269999999999996,delivered,2018-02-09 12:08:29,2018-03-05 00:00:00,2018-02-20 18:00:07
908f072f2390700728e47735f17c16ee,c574ecf69ca7ba500c1b9d4e27fffe1b,BA,itapetinga,cool_stuff,99.99,19.94,119.92999999999999,delivered,2017-06-03 22:47:49,2017-07-06 00:00:00,2017-06-13 16:14:54
648dc66e76b48403fbe92b924982a8a7,b2f6d1a1efef637d37b0654fdb259716,SP,franca,baby,29.9,15.1,45.0,delivered,2017-05-18 10:25:56,2017-06-09 00:00:00,2017-05-25 09:52:30
01b84214591ddd4edad9fa4a1f344f84,4788cfa765d9650f25d192b5d88b8613,SP,ribeirao preto,musical_instruments,629.9,21.66,651.56,delivered,2018-01-03 19:12:28,2018-02-01 00:00:00,2018-01-16 02:33:43
904194f416371c5ccc2bf141308220ab,11444f8161e51e1d513a6adfc41e629e,SP,campinas,signaling_and_security,16.0,7.87,23.87,delivered,2018-04-28 18:51:34,2018-05-14 00:00:00,2018-05-03 17:48:41
85406138a2e61baa5d9f0a8298bd6c56,1577353509c2ce4509d6e0440973c2c4,SP,sao paulo,health_beauty,330.0,10.07,340.07,delivered,2018-04-19 16:39:50,2018-05-08 00:00:00,2018-04-23 18:54:31
c760d54a108adc3592bbdb55b83f2208,e86d400bd1f258912eb36d32ff1e2a50,MG,ipatinga,sports_leisure,49.9,18.23,68.13,delivered,2018-05-14 11:15:07,2018-06-06 00:00:00,2018-05-21 19:03:08
698c554458e6b44e6f2f1450583c2547,d27295915d486516b99c3aed8628e83b,RJ,rio de janeiro,computers_accessories,790.9,36.29,827.1899999999999,delivered,2017-05-25 17:10:19,2017-06-28 00:00:00,2017-06-13 14:56:08
95329bc75845ea5b52290fba0e025e0f,9d9eb11f6090ecec7860e9ddfc22dc10,SP,sao paulo,bed_bath_table,19.99,7.66,27.65,delivered,2018-08-05 23:06:41,2018-09-05 00:00:00,2018-08-10 21:50:47
5a1a4a4a31e003b67af6ef6dcb9750db,47e8ef9d4dbc59ab98422f3a07f6865a,RJ,teresopolis,auto,129.49,27.21,156.70000000000002,delivered,2018-08-03 11:46:40,2018-09-06 00:00:00,2018-08-14 23:51:37
82700234d97d430ee6c36d8978df2b0c,817e5716f6422034866ebf8ca98df738,SP,sao paulo,sports_leisure,249.99,16.5,266.49,delivered,2017-12-11 19:39:48,2018-01-09 00:00:00,2017-12-19 20:04:48
aa0f5120dbd7776eb7289031e22a8329,53de55fa655e5c369a9aa667d0ae7a84,PR,curitiba,watches_gifts,39.0,14.1,53.1,delivered,2017-11-25 03:24:36,2017-12-18 00:00:00,2017-12-04 23:56:57
61c52217b9686dbe5382a3affae85cfc,db8a216f5ae509272be55a10f3c76902,AL,maceio,watches_gifts,55.0,23.11,78.11,delivered,2018-07-06 13:29:24,2018-08-01 00:00:00,2018-07-27 21:31:26
1dbaa81e10d320cf7b6278931481e284,437030d5996e877794dd61c5f074fbd8,RJ,rio de janeiro,bed_bath_table,129.9,14.66,144.56,delivered,2017-07-02 10:44:54,2017-07-25 00:00:00,2017-07-07 16:11:25
a62edb6b5312cdc742089aa7c336718c,96dfc24fc4a5c5884751dda26db4f8eb,MT,santo antonio do leste,bed_bath_table,149.0,88.55,237.55,delivered,2018-07-02 18:35:06,2018-08-07 00:00:00,2018-07-13 19:26:49
d775e0b3f1085ff46d9c4c3d9b125e4c,db348cda473408bb5a83be2414c58114,RJ,rio de janeiro,costruction_tools_garden,194.9,17.12,212.02,delivered,2017-06-29 12:46:55,2017-07-28 00:00:00,2017-07-08 14:22:49
cf954e7391c1981cc9090267aec67ee9,d6df1c8cb71c59d9b52d828dc6d0f5b3,DF,brasilia,home_appliances,52.0,22.94,74.94,delivered,2018-04-19 08:26:03,2018-05-09 00:00:00,2018-05-09 21:41:20
3a7fcc00c5d5f8bd9daf0c246bd93a54,b008a8d6518bc068dbde2d6f4f249c89,MG,itajuba,watches_gifts,89.0,12.12,101.12,delivered,2018-01-21 14:07:04,2018-02-15 00:00:00,2018-01-29 23:56:57
ee604aa0fa0065d16fa19f49ca51ad76,56174dc0b2e7be60e98eb8ade429a0a0,SP,eldorado,perfumery,13.99,11.85,25.84,delivered,2017-10-12 00:51:41,2017-10-31 00:00:00,2017-10-19 11:22:29
f37cdd40de53fd4b961aa07433c716fc,aa3bf249b773d47a88cd191c16152086,SC,florianopolis,sports_leisure,119.9,15.59,135.49,delivered,2018-03-02 12:58:20,2018-03-23 00:00:00,2018-04-05 19:09:30
72d35321453b32c80a4427da5f385c9c,6a86f95d0a405b9a093aaae872bd46d2,SP,sao paulo,bed_bath_table,205.0,15.04,220.04,delivered,2017-07-29 12:33:00,2017-08-15 00:00:00,2017-08-01 17:12:58
96443e347511f156158689addf8e876e,4fff725d93ad8b018de71bc3466cccd3,PR,curitiba,electronics,23.7,14.1,37.8,delivered,2018-01-17 11:07:59,2018-02-08 00:00:00,2018-01-25 20:38:41
eeed16ea7d99f4531ac2aefa8dd79368,7e7099557d7e8307cac58b3df3768882,GO,jatai,perfumery,56.99,15.15,72.14,delivered,2017-11-20 12:48:31,2017-12-18 00:00:00,2017-11-29 19:45:45
373e33407e16fe7b1ae7de43384958fd,ed377ac5da552cf327d3f28c350fbbe5,RS,sao jeronimo,bed_bath_table,74.99,18.33,93.32,delivered,2018-08-11 08:58:14,2018-09-04 00:00:00,2018-08-22 16:44:27
27a54410628f54cb15b276a47a14c7d7,6fd6f55fd011cbfd8f5de03f2a9c28dd,PI,demerval lobao,pet_shop,15.0,25.38,40.379999999999995,delivered,2018-01-19 17:33:17,2018-02-20 00:00:00,2018-02-02 20:12:33
b952acf9c1be50807866780fb3ed2119,811eb213107b867d8040702972f180fb,SP,taubate,sports_leisure,105.0,17.98,122.98,delivered,2018-01-29 00:32:29,2018-03-01 00:00:00,2018-02-05 22:32:42
3b4495ee12b140977975b7ef18c904aa,a456b1e7610f3ba8610159094d2f0031,CE,eusebio,sports_leisure,39.99,20.75,60.74,delivered,2017-09-12 11:50:12,2017-10-06 00:00:00,2017-10-04 22:09:56
402094e1d8f8b5f681f962bc2554345a,b5fc114d1c1bbd091ee62a31110c56d2,BA,ilheus,furniture_decor,32.99,21.5,54.49,delivered,2017-11-24 20:06:04,2017-12-21 00:00:00,2017-12-13 20:32:54
9950ec4daabde8b94541d6e0fc19f702,f562c2624cb4987549faf68384660f46,MG,bom despacho,telephony,49.99,15.1,65.09,delivered,2018-02-01 22:15:44,2018-03-02 00:00:00,2018-02-21 22:52:53
6620e428554c0be33f1fcb699c9d683d,b9a3e762123608da3a0c4ba0748e5808,SP,guarulhos,consoles_games,40.0,18.38,58.379999999999995,delivered,2018-06-14 21:03:49,2018-07-05 00:00:00,2018-06-20 20:04:06
e1bf27bc4d706e472f48ecb7c933bdbb,2ad1c4865ff6a4c0e6ad4deb733e4d34,PR,santa fe,furniture_decor,59.9,15.17,75.07,delivered,2017-12-27 19:36:57,2018-01-29 00:00:00,2018-01-05 20:14:37
1ef09d75953043a71a73428e15bc2f5c,1fd8862a2eff56f95aaf5ebbb5619971,SP,braganca paulista,health_beauty,164.99,11.76,176.75,delivered,2017-01-18 14:53:29,2017-02-24 00:00:00,2017-01-25 15:06:36
8984993f8a0c9dcd1ad6c053144b0160,d8ca2ec626c814760414a66218dfb8f4,PR,curitiba,bed_bath_table,44.9,19.95,64.85,delivered,2018-03-10 23:38:21,2018-04-19 00:00:00,2018-04-04 16:22:53
9fec962af24505f0b989965945c1fc64,3eeb34bf01a5c44ab33a96dbacf9cb0c,SP,birigui,furniture_decor,67.0,14.05,81.05,delivered,2018-07-24 15:09:15,2018-08-10 00:00:00,2018-07-28 17:16:28
023e55afed85f9778758fba7752a9215,3e1d36a04ef1360d7f3b169610906a71,SP,caraguatatuba,computers_accessories,99.0,14.05,113.05,delivered,2018-03-23 11:37:37,2018-04-11 00:00:00,2018-03-29 20:04:49
1417dca2e0baf0af7fae3c986506168a,628ebf2c7d5539361dda045b7eb49fa7,SP,mogi mirim,garden_tools,126.99,17.6,144.59,delivered,2017-06-23 13:00:28,2017-07-13 00:00:00,2017-06-30 16:02:25
48177994024650e5aed5b373217c1488,52d7d83346b6487aa266df078fb6aed8,PR,curitiba,telephony,14.9,14.1,29.0,delivered,2017-11-25 10:14:25,2017-12-18 00:00:00,2017-12-08 01:06:50
1c49e3fd28c9c369b12fd84446e475ab,a9c1cbcf83ec6e290888cae660e49436,SP,bofete,furniture_decor,385.0,35.73,420.73,processing,2017-04-06 07:04:06,2017-04-27 00:00:00,
5e42dba4fd3b3526ec2c4cc5352caa8e,dd8d6412f348821c9a9cb8f8cded4e54,SP,pederneiras,sports_leisure,405.9,18.99,424.89,delivered,2017-04-24 20:59:15,2017-05-11 00:00:00,2017-05-05 11:29:02
977e8abd0d54ee96cb2a4ab03c3bc45c,61ff71ed9d73a543d484415ad9ec7d45,RJ,rio de janeiro,fashion_shoes,56.8,16.97,73.77,delivered,2018-02-19 17:20:09,2018-03-13 00:00:00,2018-03-06 17:16:38
6d1f16f4ed292206fbeedf3b44e0ceb3,4a4bda06e9a59aef06227b39ff05b36a,SP,sao paulo,health_beauty,29.9,7.79,37.69,delivered,2018-07-01 14:15:20,2018-07-16 00:00:00,2018-07-04 22:12:51
e0bb8d950282b26db2d1090b296244fe,4734fbf54dc311bb5593c823625133a5,RS,santa rosa,telephony,16.9,15.1,32.0,delivered,2017-09-16 17:57:35,2017-10-17 00:00:00,2017-09-25 18:23:32
59fecfd658937396ab6180c0b9a99a89,49febe048a36ba9a2b5212478c270358,SP,embu das artes,baby,128.8,43.13,171.93,shipped,2017-12-15 14:25:41,2018-01-10 00:00:00,
dd53cce9e0ce03ce45f0d42ac4317cd8,76e71ef69a88a89f773581966e1104ca,SP,taubate,health_beauty,25.0,12.79,37.79,delivered,2018-03-14 22:28:36,2018-04-02 00:00:00,2018-03-21 21:07:21
7e7c209ab4d09fe584822fd6c054023d,07ff81a9676efa0286ddd3f09e7c0063,SC,florianopolis,watches_gifts,26.74,12.6,39.339999999999996,delivered,2018-02-16 15:56:36,2018-03-08 00:00:00,2018-02-27 16:04:58
f39e2e45839475f6c0afc38589749f69,85a3ba3f26cfa37e889b67e197a9a875,MG,nova lima,auto,379.0,29.99,408.99,delivered,2017-02-01 22:44:34,2017-03-08 00:00:00,2017-02-07 16:58:33
10fadcd4de0313877f2a2a2f740d51f3,9f1c9c42316677025bfbb1f7db28c880,RS,vacaria,pet_shop,38.7,15.1,53.800000000000004,delivered,2017-11-29 15:49:37,2018-01-02 00:00:00,2017-12-12 20:23:41
a1da6725143e50ad30af2c7856a4122b,3e3d56f9737c010ccb5b67c601a18b53,SP,guarulhos,furniture_decor,147.99,12.06,160.05,delivered,2018-07-31 10:05:29,2018-08-03 00:00:00,2018-08-02 20:06:45
105c03baa047b0d003f78f9566ee0984,bbbf3cc9b5188ceae0d52571c5f37975,SP,itu,watches_gifts,49.0,7.78,56.78,delivered,2017-12-22 09:14:27,2018-01-12 00:00:00,2017-12-27 18:43:20
b71eb454059e662d34619ccf0237a652,8f1b15e134107b88557c55167040c6b3,SP,sao paulo,garden_tools,99.9,16.95,116.85000000000001,delivered,2017-11-18 09:48:04,2017-12-08 00:00:00,2017-12-11 22:25:00
1f0ab4d9a83fe935e1e0bf1061890186,5e13680e5957293bead2ce5abb087f6c,SP,guarulhos,costruction_tools_garden,14.4,12.79,27.189999999999998,delivered,2018-03-19 21:52:58,2018-04-05 00:00:00,2018-03-24 12:11:53
709926b31b6288e322d926e2b93459b6,e86ced0286440ef7f4508e9ca5b084de,MG,belo horizonte,stationery,75.9,17.78,93.68,delivered,2017-08-25 17:46:31,2017-09-19 00:00:00,2017-09-04 16:28:48
dfa136dd7fea189934b6e9585e61d3ed,4d8c3637d0d15f2ee3cc0927f8ab968f,SP,guaruja,perfumery,93.0,13.33,106.33,delivered,2018-08-22 21:34:14,2018-09-04 00:00:00,2018-08-27 22:36:23
8acd3c67960fe58a4eeed4d38cb3d578,a2c15de05ef380b5a7eaf915898926db,RJ,rio de janeiro,fashion_bags_accessories,89.9,15.38,105.28,delivered,2017-12-01 09:43:01,2018-01-02 00:00:00,2017-12-26 23:59:41
6b46451f451b73fc2ac0f15484d814ab,cc6658129b907dd144c8f15765d626f9,ES,serra,fashion_bags_accessories,49.9,15.79,65.69,delivered,2018-01-01 23:20:33,2018-01-31 00:00:00,2018-01-15 21:25:00
8803010b50c509475d4e35905172b800,4735ba9cc9ee7e5f88d7dee7ff3990ee,PE,recife,health_beauty,93.99,21.06,115.05,delivered,2017-11-21 10:27:38,2017-12-14 00:00:00,2017-12-16 20:35:05
a16607f4220f0e60ab4c71b915dd380c,ed2aefc9429d94cbdb95134933ff9894,SC,blumenau,housewares,7.0,37.04,44.04,delivered,2018-08-02 22:50:14,2018-08-23 00:00:00,2018-08-27 23:48:48
814fe5df303b0c72aeddb331dbfe9802,8b6e525b26cfb1f55ebf417f9a1eb5e7,BA,cacule,stationery,39.99,12.35,52.34,delivered,2018-05-15 10:26:11,2018-06-08 00:00:00,2018-07-20 13:41:39
3c38b53bb7d6f3c9f00d993a80f8cdd5,36e6f8967ccdbe52405ed9323090b4a7,PR,curitiba,sports_leisure,285.0,15.11,300.11,delivered,2017-10-18 16:02:42,2017-11-01 00:00:00,2017-10-20 17:12:34
99ea7908cd1e043462057874b180e3fe,c5a4367eb2925eab85a8bd7ba34a7e42,SP,aracatuba,books_technical,145.0,22.64,167.64,delivered,2017-08-04 17:28:51,2017-08-24 00:00:00,2017-08-10 23:36:58
2d3ee63d21894eb0e7c3879fa3f9b0d1,e0d349527f53448b3b6aafd0856b6e96,SP,itatiba,cool_stuff,72.99,11.73,84.72,delivered,2017-11-16 12:39:26,2017-11-29 00:00:00,2017-11-21 19:32:44
f3c7adf3b94a38f6822478ff79db46e7,2035b89e9bda1fc115c9c305613d00ab,SP,sao paulo,auto,28.0,14.56,42.56,delivered,2017-11-24 02:14:00,2017-12-15 00:00:00,2017-12-04 21:17:10
4b806b93edf76523f25669be3962bd2f,c9e24d1044102ec9b590df097e3dcdc0,AP,macapa,computers_accessories,149.9,15.94,165.84,delivered,2018-05-14 18:09:39,2018-06-27 00:00:00,2018-06-13 18:52:00
5e42950b6aa90d698e75af4e41641386,b0a80f18a9efe22e2eb45a67db168ef9,RJ,marica,furniture_living_room,97.99,41.08,139.07,delivered,2017-05-11 16:21:10,2017-06-14 00:00:00,2017-06-27 09:32:09
4356e7c55bfb4c23c67ebbd0b1365bf0,9b63d269a187b2d045232cc9cbc7e827,SP,sao paulo,dvds_blu_ray,120.0,9.59,129.59,delivered,2018-06-16 21:28:29,2018-07-11 00:00:00,2018-06-21 22:41:27
f0107a10578d0418c07ddd6bbec0f94c,5c5d29938f2e541cf631e829dc75c9f4,MG,uba,furniture_decor,39.9,14.08,53.98,delivered,2017-07-04 10:48:43,2017-07-24 00:00:00,2017-07-24 18:12:36
17a0d6c98b2dc14bfc378f1ebe19b11b,d0483da4154d89d9654d16a60060ff0b,SP,santo andre,health_beauty,29.9,7.71,37.61,delivered,2018-03-29 19:42:55,2018-04-11 00:00:00,2018-04-04 02:05:23
23e7bb857c480aa4791ff2f7f2a5e151,a39d1d1c60d50d29917037ad922ec1aa,SP,itapevi,home_confort,89.9,13.65,103.55000000000001,delivered,2017-09-18 20:49:22,2017-10-04 00:00:00,2017-09-23 13:49:53
2f92b812fd7c7df5b629833c484cdf1d,87294fce1514370610fffed59eae5e97,RJ,rio de janeiro,electronics,14.89,15.79,30.68,delivered,2018-01-18 14:40:57,2018-02-15 00:00:00,2018-02-01 19:20:39
a61a49b3dc449fa46e74d4d57063b080,243af8638d3316a743d06e46f2b7852f,PR,mangueirinha,computers_accessories,89.99,15.38,105.36999999999999,delivered,2017-10-10 10:05:26,2017-11-07 00:00:00,2017-11-01 20:13:39
06475c925f62299396ae63b9e9468486,4d2850067c25c07096a9e34ff4a1d1b8,SP,sao paulo,pet_shop,16.99,12.48,29.47,delivered,2017-09-05 11:05:36,2017-10-02 00:00:00,2017-09-12 19:36:37
83dfca4f7a5fe26a1f1635bea6ad1267,6ee8c926b705a0f2f28d833edffdb1a6,SP,caraguatatuba,watches_gifts,69.0,11.98,80.98,delivered,2017-05-19 17:15:50,2017-06-08 00:00:00,2017-05-30 05:31:57
d2ed261659527fede5c1fe6fc288c366,900d20b0dbc4b3b72bcdcbc78931f477,SP,sao paulo,fashion_bags_accessories,28.9,14.1,43.0,delivered,2017-11-13 23:25:24,2017-12-01 00:00:00,2017-11-21 17:23:08
fe410f8e89dafcaf2ce41a235c489299,acd81de6de762ec6d1e8a9811dbc407c,RS,sao leopoldo,furniture_decor,69.9,18.07,87.97,delivered,2018-03-08 15:59:33,2018-04-03 00:00:00,2018-04-04 01:56:50
5880ebe9056ff99c864c131e32d62828,e95ab7deba0f46265254e71e6e6eb815,SP,itapecerica da serra,fashion_bags_accessories,76.9,9.35,86.25,delivered,2017-12-25 19:05:10,2018-01-15 00:00:00,2017-12-27 20:03:09
0d8f22964c47deacb4f00a8d35117940,d44e41bdc5f81007fc8d9ee41924010a,SP,jose bonifacio,bed_bath_table,58.99,17.32,76.31,delivered,2018-03-10 23:29:10,2018-03-28 00:00:00,2018-03-23 15:58:23
60497e7e5e68a6c28a15eaafea0f1e94,c8ec99d9532ed61578f3717cb0eff87c,RS,porto alegre,furniture_decor,39.9,14.1,54.0,delivered,2018-03-01 22:30:09,2018-03-26 00:00:00,2018-03-21 18:11:21
22dd3a753c65e7fcfd78f61a4ad7b32e,06f289b98b5b10b7d7692548624cb616,SP,sao paulo,health_beauty,79.99,15.52,95.50999999999999,delivered,2018-05-14 20:46:45,2018-05-22 00:00:00,2018-05-21 23:36:25
4fb64bb04e5235a2c7b3290e21c2938c,43ac3bde45cd19678dbe76abb3a50dbf,RS,porto alegre,bed_bath_table,205.0,22.27,227.27,delivered,2017-07-08 17:10:34,2017-08-04 00:00:00,2017-07-19 18:25:56
ebb5a074406776ad07439bc2049c1fe4,d4017905e4548317a2065065c8cdfad0,SP,sao paulo,auto,49.99,15.56,65.55,delivered,2017-01-31 11:47:30,2017-02-27 00:00:00,2017-02-06 19:47:31
660020bc4184db41dc39b332230e94a6,80b6a368bb78dea2539249804957a779,SP,barretos,cool_stuff,89.99,13.65,103.64,delivered,2017-09-03 19:29:50,2017-09-21 00:00:00,2017-09-12 23:41:44
418764469a9e73f76f56783c1863bd05,40d306efe27702bd8ecabd6c35f32ddb,BA,salvador,construction_tools_lights,124.17,17.8,141.97,delivered,2018-07-03 19:34:23,2018-07-30 00:00:00,2018-07-11 15:08:35
18d4a0c2996047bfa18e3f637f4ad763,afb04e24aca66eda82e5b7d9f9c78795,BA,barra da estiva,furniture_decor,299.99,39.65,339.64,delivered,2018-01-23 19:04:20,2018-03-15 00:00:00,2018-02-08 02:51:33
e20e297c2b95d890b7a5eaa278c82ce2,fb575d33f6ea4acec2a97cafc6f3764f,ES,cariacica,furniture_decor,59.55,16.18,75.72999999999999,delivered,2017-05-14 11:07:53,2017-06-06 00:00:00,2017-05-26 10:07:54
eb468bfa71ec1fa121066d870a76f4eb,672afa8a0a510643b1be75d99ec3dab5,SP,paulo de faria,garden_tools,59.9,4.48,64.38,delivered,2017-11-15 17:36:33,2017-12-05 00:00:00,2017-11-24 19:28:33
93c5ca94a86b96968decd0a16f17ef60,b83c523f6703249254153e0c2bbbe175,SP,santos,office_furniture,289.9,33.63,323.53,delivered,2018-02-14 20:32:40,2018-02-26 00:00:00,2018-02-22 00:48:42
a8098c74d0b6846c8dd5ea90952879ce,8f8091461440c0b33061e07bce1ccf4c,SP,carapicuiba,housewares,22.5,14.1,36.6,delivered,2017-07-14 13:10:50,2017-08-07 00:00:00,2017-07-24 21:06:02
d858d63e625f2b1e5273f8e9312802a4,b3522f97987b835cbcdd223d13dcdbfc,SP,igarapava,unknown,122.99,13.3,136.29,delivered,2018-03-08 09:26:20,2018-03-26 00:00:00,2018-03-27 17:36:55
288edb42bc749855816a5e66e39d342a,5362cb1d9a156cc6edbe69eed9f78752,BA,salvador,watches_gifts,99.0,16.13,115.13,delivered,2017-12-28 17:40:18,2018-01-29 00:00:00,2018-01-09 17:59:23
be8b50c8a24a137dbed81d6c202e8d64,5b1c8840f193d447fa06ec6cfba429ec,SP,areias,office_furniture,76.99,24.85,101.84,delivered,2017-12-03 23:17:00,2018-01-10 00:00:00,2017-12-26 16:49:02
eb1d71600650b42be71f555e11a2a470,68f04becbd320e5837a2df880095bb04,SP,guarulhos,unknown,63.0,8.27,71.27,delivered,2018-02-09 21:38:41,2018-02-23 00:00:00,2018-02-15 21:08:02
52bd968ba85e19e47b9d5f939e4a4b24,07a725430cedc49e17e0f00e1fbf70cb,SP,jaguariuna,housewares,76.96,16.17,93.13,delivered,2017-12-01 13:39:54,2017-12-26 00:00:00,2017-12-15 23:38:33
43d8b54629756a38a418dfef248957c2,75f5549d76d4a3f24e15e81d76ae78f5,MG,visconde do rio branco,electronics,21.9,18.23,40.129999999999995,delivered,2018-05-01 22:36:31,2018-05-28 00:00:00,2018-05-08 13:43:52
0baa0062fe85d1ac765aa6ee112bb624,64db2e8f89e557920f7e33e8d5ab6be8,SP,cubatao,health_beauty,14.99,7.71,22.7,delivered,2018-08-18 15:57:19,2018-08-31 00:00:00,2018-08-21 19:18:03
a5d81ef92239f2dfe3b2aef1416077aa,3096afde2d10fa3f4520f993ac9ffa96,RS,capao da canoa,unknown,122.99,15.61,138.6,delivered,2017-12-01 09:53:57,2018-01-08 00:00:00,2017-12-12 20:33:14
f5c1da9aba0b0b41ec20f6771bfd060a,fbad662de6e9d6dec30dac3a946e05b3,SP,matao,computers_accessories,19.99,12.8,32.79,delivered,2018-07-16 21:51:51,2018-07-30 00:00:00,2018-07-23 20:42:17
ceb3c39e59f9912e923667e9fa91a144,6b379824d4aae1b04a605ee1e9fed930,SP,bauru,sports_leisure,104.9,12.23,117.13000000000001,delivered,2017-07-05 23:10:52,2017-07-25 00:00:00,2017-07-12 17:32:35
e56f72c9203fe285a42e1c21888e44d1,0241fa2e9adf0576cb0f845377d05c03,BA,santo antonio de jesus,consoles_games,69.99,40.06,110.05,delivered,2018-06-20 20:51:47,2018-07-18 00:00:00,2018-07-10 17:48:19
2b05d12915aef151cf97bb4e2a5ca58d,940bac32390de617da8240fd9e9beb4c,GO,goiania,toys,54.99,18.98,73.97,delivered,2018-03-26 10:55:55,2018-04-16 00:00:00,2018-04-13 23:53:44
0c7f49fc339a1aa66222dc4af4eeafd7,43d8a0473c80d3f374a6417572d8dd14,ES,afonso claudio,stationery,58.9,17.98,76.88,delivered,2017-07-04 09:35:30,2017-07-26 00:00:00,2017-07-17 11:29:30
5312bad5331c273fdc6cb8069bedcd03,13bc0286a7f3ab0b58291344147200af,SP,marilia,baby,50.0,13.37,63.37,delivered,2017-11-03 14:23:33,2017-11-23 00:00:00,2017-11-17 20:28:45
4cae9d93ca1f1266e9ddfc79f7ff85db,64f34177282d52370e3d7fa22a5768f0,SP,jundiai,home_construction,79.9,9.31,89.21000000000001,delivered,2018-08-14 07:49:51,2018-08-29 00:00:00,2018-08-30 15:54:46
b4fe029b4292cdd3bafb346882c545af,1813f5dfeef0669dd003d78395677f89,MS,campo grande,auto,34.9,15.23,50.129999999999995,delivered,2018-04-25 11:32:50,2018-05-22 00:00:00,2018-05-08 22:41:53
81fb90c1485e2ff8b2fdd37b0472ba9f,ecf9d859507d68b1a2c7464fb76bcc01,SP,sao paulo,computers_accessories,78.9,13.67,92.57000000000001,delivered,2018-04-06 10:02:17,2018-04-30 00:00:00,2018-04-12 19:22:22
32eaffe19143e699ac206f98725866cc,0876a5ca1dc1c5800e5c017cb2d94ce7,SP,sao carlos,baby,388.0,58.82,446.82,delivered,2017-06-03 20:50:25,2017-06-26 00:00:00,2017-06-08 13:17:33
a6f96f5f41817cbffc01b1c756b58b8c,c5603214b76d2ede1eb146a043248ef7,PR,pinhais,furniture_decor,29.9,18.89,48.79,delivered,2017-10-08 16:20:46,2017-11-06 00:00:00,2017-10-20 17:58:00
59754064fe4ffec6c0149904a6573d81,fc6c4366d8c7ff8b035b3c328b641c74,BA,camacari,fashion_bags_accessories,109.5,17.21,126.71000000000001,delivered,2017-07-25 23:20:06,2017-08-24 00:00:00,2017-08-05 15:54:34
28583c5f21217c9d51f9578b37a4b224,701456b03aecc8f52bb08abd823f75a2,RJ,cambuci,kitchen_dining_laundry_garden_furniture,594.0,43.49,637.49,delivered,2017-05-25 09:46:06,2017-06-19 00:00:00,2017-06-14 15:16:06
12eb336877aa5f2ac2449e22b06ba84a,c0793ff8d7388fd2a42990943bab00ae,MG,pocos de caldas,toys,69.0,15.23,84.23,delivered,2017-09-26 09:13:36,2017-10-24 00:00:00,2017-09-29 21:13:04
4fe4120d5ff847b658ad80188256cb99,248669a947931e373ece1b933e8f519e,SP,caiua,bed_bath_table,89.9,11.24,101.14,delivered,2017-04-27 00:12:04,2017-05-26 00:00:00,2017-05-09 09:55:03
ac190835077b797903f673fa82dc753c,c4a139f3528d3b37d73591fe47dea573,CE,fortaleza,costruction_tools_garden,67.9,15.24,83.14,delivered,2017-11-10 18:14:03,2017-12-14 00:00:00,2017-11-24 23:05:11
e0fc6abd74320ea468f697164f069f8d,39a2f936ce8890dc3112d7869c18200f,CE,fortaleza,stationery,19.9,19.04,38.94,delivered,2018-04-05 15:01:49,2018-05-04 00:00:00,2018-04-12 02:21:40
e0a392ae82bc219375ace26ec32a6301,50e28f08674f193684e807f8f27551e5,SP,hortolandia,kitchen_dining_laundry_garden_furniture,54.9,11.15,66.05,delivered,2018-06-05 13:55:03,2018-06-29 00:00:00,2018-06-11 19:11:00
de850dab321309c862edfd8d24e4acdb,eb0942a2e9a6124956c421c8ad5cae30,SC,criciuma,bed_bath_table,149.9,21.54,171.44,delivered,2017-08-09 18:39:09,2017-08-31 00:00:00,2017-08-21 18:32:58
1b49bc4eb1e79ddb7c7c8fc764432dcf,60d7512d61ad51e02ba6d5048060c9e7,SP,campinas,housewares,44.99,7.58,52.57,delivered,2018-06-30 14:29:36,2018-07-16 00:00:00,2018-07-03 21:52:11
c01203d34db08658230babe21d2234c8,577fe3b8070f7ca00cf08e6e4a7a58c1,SP,sao paulo,sports_leisure,45.0,8.88,53.88,delivered,2018-04-11 06:46:04,2018-04-27 00:00:00,2018-04-12 15:03:09
fd04a7a5b85ea239bee3e9c1bc16365d,188d67366ef38cb34c89cf94347a8574,SP,sao paulo,garden_tools,53.9,13.46,67.36,delivered,2018-03-29 07:42:48,2018-04-17 00:00:00,2018-04-11 18:24:39
1201a29eba6a0210ac935c2e926f58ae,1a4b3261869b5a1a9f7387073e09a815,MG,taiobeiras,perfumery,47.9,12.48,60.379999999999995,delivered,2018-02-09 17:37:51,2018-03-08 00:00:00,2018-02-26 15:18:49
5397db7879f283d4c554b5d8483d414e,70fb6bdd8ab3589043b045e8a739a326,PI,picos,telephony,37.99,34.15,72.14,delivered,2018-01-16 10:20:53,2018-02-15 00:00:00,2018-01-31 17:18:45
f494e4f6b6de7aeefe3af00acc8b3426,076b7055bea51da430d6a6fa054e5075,SP,praia grande,bed_bath_table,40.0,13.37,53.37,delivered,2017-06-09 19:13:10,2017-06-30 00:00:00,2017-06-23 09:45:45
cce1b8a1c5f8b1d224e19628299c8f54,6222ef69df52b4ed71be551725551cc0,PR,curitiba,fashion_bags_accessories,10.9,8.72,19.62,delivered,2017-01-05 13:33:45,2017-02-01 00:00:00,2017-01-17 16:51:39
f7c52ff9ad8da6507229f42023d28ef4,25823836040324acfee8937fca349d94,SP,sao paulo,books_general_interest,115.0,17.38,132.38,delivered,2018-03-19 18:49:56,2018-04-10 00:00:00,2018-03-27 21:44:57
ffb5af8b918083c3291c62b20fa89319,8c78cdb4b11a5bc0a39c1b69cadbd017,SP,sao paulo,furniture_decor,159.0,18.02,177.02,delivered,2017-02-01 17:45:08,2017-03-24 00:00:00,2017-03-10 17:12:50
93240f6a90ae9889c692787235e66a0c,1da09dd64e235e7c2f29a4faff33535c,RJ,niteroi,computers_accessories,189.0,21.03,210.03,delivered,2018-01-11 11:16:49,2018-02-15 00:00:00,2018-01-23 14:17:22
66565684fb831da6924e8cb4b0e1c2ae,892e12c641631898f13f2e50ab553c36,SP,carapicuiba,sports_leisure,317.0,20.52,337.52,delivered,2018-07-18 16:43:02,2018-08-03 00:00:00,2018-07-23 22:25:47
6fa7108940c47458d4fb891b0b6a8a21,532e63cfe1d8d3912a463ab130b1eda0,RJ,rio de janeiro,bed_bath_table,84.9,23.17,108.07000000000001,delivered,2018-06-03 07:47:53,2018-07-25 00:00:00,2018-06-13 18:39:28
b7a13b515d99de69fe4db49507b7c1ec,7a9d66b2e8708f810d49bfdf24348c63,SP,sao paulo,bed_bath_table,92.0,13.66,105.66,delivered,2018-02-27 12:51:29,2018-03-19 00:00:00,2018-03-29 22:14:58
3d86c4b9522b58a104b2fca7421713d2,c1fd4d9086a58539c2e2d108e8db34e4,ES,marilandia,sports_leisure,260.0,26.66,286.66,delivered,2018-01-31 21:25:06,2018-03-05 00:00:00,2018-02-08 15:07:12
7b186487147f406839316cb0a719d4b1,70af4c53ef8785a916deae4611f1ad24,SC,herval d'oeste,auto,42.01,19.48,61.489999999999995,delivered,2018-08-04 13:18:33,2018-08-28 00:00:00,2018-08-16 09:56:47
f186d03d544280e8b47474d4ca836ac5,016846e2dd862cba9a2a10eff5ac244f,SP,sao paulo,furniture_decor,199.99,37.49,237.48000000000002,delivered,2017-05-12 15:34:02,2017-05-22 00:00:00,2017-05-18 09:11:41
055cf2a6f9343f99acdb5e8f70e49bd8,c12ac817e00e9afad51c327ab2fc2ec3,MG,pocos de caldas,consoles_games,45.99,15.22,61.21,delivered,2018-05-18 15:33:46,2018-06-13 00:00:00,2018-06-04 19:18:35
da0270ce1d44a68ad7f23a00aaa066a2,921f5be42275772ab31fc09bf5ae728b,DF,brasilia,garden_tools,79.9,21.05,100.95,delivered,2017-06-03 14:55:12,2017-06-30 00:00:00,2017-06-12 15:58:06
1762d5c6c1f5efce31b1d21339212730,790ac688b0fcc22b2a0dacf0202b2ce4,MG,conselheiro lafaiete,housewares,36.9,17.6,54.5,delivered,2018-01-25 19:36:42,2018-02-21 00:00:00,2018-02-01 19:16:53
77e925036de689ed484293229bf0f152,6cbf40a0339ac3270f6a233fb633537b,SP,sao paulo,auto,19.99,9.34,29.33,delivered,2017-05-15 17:16:53,2017-05-26 00:00:00,2017-05-22 23:32:33
26a8b70dd60471873b430431e691d222,23caccaf9e1b269680d808b1c45c2654,SP,osasco,garden_tools,49.31,8.72,58.03,delivered,2017-11-20 19:08:54,2017-12-01 00:00:00,2017-11-22 20:21:59
8cdad83f1beddcb376779fde102b5b76,cbaa283d24331afa69ec87fb63457300,RS,sao leopoldo,furniture_decor,39.9,17.6,57.5,delivered,2017-07-18 13:51:37,2017-08-11 00:00:00,2017-08-02 16:14:43
2e444ba1fd25a9eafb09a719e65b5421,133e7e64acd392c91ef17dc92fcd0128,SP,sao paulo,cool_stuff,57.99,11.73,69.72,delivered,2017-09-12 13:45:20,2017-09-22 00:00:00,2017-09-18 17:53:25
461284c65054e6492ba30c4ae2ca1a26,e3331f5797eca6e036d61f9d35c54255,RJ,araruama,bed_bath_table,27.4,15.1,42.5,delivered,2017-06-24 01:15:34,2017-08-01 00:00:00,2017-07-13 19:25:40
460c774494e4c1e4a5a4c6f05f29e2c5,8ef9add628931053f28350c0ad4bc7f7,MG,belo horizonte,health_beauty,89.99,14.38,104.36999999999999,delivered,2017-08-30 11:41:01,2017-09-21 00:00:00,2017-09-08 20:35:27
0a6b605082c96184ffbfcee379404d6e,96fbd8c5db81ca0b9a5cb273632a1dca,DF,brasilia,perfumery,56.99,14.15,71.14,delivered,2017-06-16 12:32:19,2017-07-13 00:00:00,2017-06-27 07:21:28
b239ca7cd485940b31882363b52e6674,ca27f3dac28fb1063faddd424c9d95fa,MG,nova lima,sports_leisure,4059.0,104.51,4163.51,delivered,2018-07-29 08:39:48,2018-08-07 00:00:00,2018-07-31 23:03:28
0ae4456639dd07164db5f2433c8f55e4,1387a0c12934ae05c968ec7313927811,SP,sao paulo,stationery,23.9,7.39,31.29,delivered,2018-06-06 12:44:20,2018-07-03 00:00:00,2018-06-08 16:40:58
26492946caba5024f4d5e99dbdf4514f,dafdf466986c95af7c653bcb4ca539ec,MG,contagem,perfumery,13.0,22.06,35.06,delivered,2018-08-01 09:19:30,2018-08-24 00:00:00,2018-08-10 18:21:36
b6a71e3e9b924e0f363dbe847949141c,1465e1ae99c74cc6b8b2dc63fdfcd92d,SC,blumenau,computers_accessories,34.99,15.1,50.09,delivered,2017-08-11 11:01:20,2017-09-04 00:00:00,2017-08-23 20:20:26
ee950b52f88b7665e4c1beda95b03b78,ed40f4e9347c913a17c97a34099d38b3,RJ,rio de janeiro,office_furniture,229.99,53.62,283.61,delivered,2018-01-19 09:38:37,2018-03-02 00:00:00,2018-02-19 23:23:04
2552ad5f4b7eb7bc0650f3e1a4a1d678,ce36b982a65b035e3e9a9d1545678b40,SP,sao vicente,furniture_decor,74.8,8.13,82.92999999999999,delivered,2018-04-04 10:43:17,2018-04-26 00:00:00,2018-04-12 15:22:36
ac5de1927e41e3b34bc42017cd09a639,a610baccecf274a5709d822f0d3c1902,SP,itatiba,toys,129.9,12.3,142.20000000000002,delivered,2017-04-08 19:56:54,2017-05-02 00:00:00,2017-04-19 12:56:15
d026317579e25a9dc30205ba3dfe5b96,e0d4922fb2fb772322ec0bb273330874,SP,monte mor,health_beauty,99.9,14.0,113.9,delivered,2018-06-30 21:35:59,2018-07-18 00:00:00,2018-07-06 14:24:38
05f9e5c577faa3a272454a2ceed5c64d,7ddfedfa64d35272464a0a4401abbe0e,PB,areia,baby,39.9,50.85,90.75,delivered,2018-04-14 20:23:39,2018-05-15 00:00:00,2018-05-25 13:20:50
21a47fe1418ed7200936d8322e4e36e1,f42b57e0d3e36754026cf7cfe52b78fe,ES,vitoria,housewares,154.0,27.38,181.38,delivered,2018-06-26 13:21:45,2018-07-23 00:00:00,2018-07-09 23:42:01
92fcd62874365e840d925ae2fa2e06fd,d87061e8f501a813bde33d67953ee9ca,RJ,barra de sao joao,stationery,28.5,19.32,47.82,delivered,2018-03-12 15:11:22,2018-04-05 00:00:00,2018-03-28 21:32:55
194f1c2a129a89001a71ac255d239fff,9593af4cf03568346e168fbd07975713,SP,guaruja,drinks,11.0,8.82,19.82,delivered,2018-06-17 22:21:28,2018-07-03 00:00:00,2018-06-20 09:31:41
112fa58c8aaa3064d45fca374120fd7e,298bc29da047a0d44d6d910ff4b66273,RJ,rio de janeiro,air_conditioning,34.9,22.06,56.959999999999994,delivered,2018-06-09 13:26:20,2018-07-26 00:00:00,2018-06-18 18:34:59
65377f2460bd19606a6279134627ca05,3893e39857769a60e6f5bfe4badba6f8,RS,guarani das missoes,telephony,29.99,16.05,46.04,delivered,2017-04-22 17:22:12,2017-05-17 00:00:00,2017-05-03 15:13:58
6b95f3947c608c074045e6aa14790de2,b10cdda7855556f7ca3e9a9540e45edb,ES,serra,garden_tools,53.9,16.07,69.97,delivered,2018-04-30 10:39:26,2018-05-28 00:00:00,2018-05-14 21:22:28
4bb595621c2f6ee56c2c25496988f4d3,cb114591d0be9a8a58edb922a0ded943,RJ,petropolis,auto,369.99,21.56,391.55,delivered,2018-04-12 20:42:42,2018-05-08 00:00:00,2018-05-07 20:22:18
a967b2911a10315ea9e93191515fad0c,d9b6a81c4d9253f5879e8329d2496e22,SP,santo andre,consoles_games,27.9,11.85,39.75,delivered,2018-01-14 20:14:00,2018-02-05 00:00:00,2018-01-26 21:41:44
9f9451274bc21055d9306c98eb7eb8f8,7d968cb7862adb320960788e55ddda05,RJ,rio de janeiro,bed_bath_table,87.9,17.87,105.77000000000001,delivered,2018-03-04 21:57:25,2018-04-06 00:00:00,2018-04-17 00:37:33
06da8e499e3e6c47151b945f8c9eaab3,71bbde2fcfc0f20f7111714a0c43bdff,RJ,rio de janeiro,air_conditioning,799.95,20.67,820.62,delivered,2017-06-28 18:09:28,2017-07-11 00:00:00,2017-07-04 16:12:24
70607d8252a17da1eece85cc656be12f,567a79be95a1da701d04a79c3c49a8a8,SP,osasco,cool_stuff,144.99,12.22,157.21,delivered,2017-12-06 20:05:15,2017-12-22 00:00:00,2017-12-11 23:23:04
6d324f7246184ff9ac91728e4ade6ec1,f54b57002258883f5319856133f0cdb2,DF,brasilia,bed_bath_table,29.99,18.23,48.22,delivered,2018-03-27 12:28:45,2018-04-17 00:00:00,2018-04-19 16:46:30
b2997e1d7061605e9285496c581d1fbd,4bc530761c1b59d33d7c6cb640d3ee78,MG,pedra azul,furniture_decor,70.0,31.36,101.36,delivered,2018-07-30 09:08:06,2018-08-14 00:00:00,2018-10-02 00:18:50
a28814d7900a79b375c4f1aa2d2e1006,9d34e972bc8e81e5223abd70ecb299e3,MG,belo horizonte,stationery,125.9,15.98,141.88,delivered,2018-08-10 16:12:00,2018-08-27 00:00:00,2018-08-17 18:16:52
c25e56c3d703fbb581c19346a9e58773,1cdf413d3539b5e8c100bea1ec5a881f,SP,campinas,sports_leisure,269.9,14.19,284.09,delivered,2018-06-19 08:26:08,2018-07-03 00:00:00,2018-06-29 18:36:46
77d5d33e7905054cee0bdb3dbebe4f1c,8cd6f80d3c3994e2060d46ec07ff0b0a,MG,jequitinhonha,furniture_decor,189.9,21.24,211.14000000000001,delivered,2018-01-13 14:28:16,2018-02-05 00:00:00,2018-01-26 11:25:12
98dbf8445c584d2354afd1a0ad55c033,414ef2434c95095635a6050989bbbcb7,SP,nazare paulista,baby,34.9,18.34,53.239999999999995,delivered,2018-07-05 10:42:33,2018-08-09 00:00:00,2018-07-10 15:36:32
c71ee8376af932d723ef73120320af53,ad076f69fe41e2f2e356025bf2751920,SP,araras,furniture_decor,76.8,11.74,88.53999999999999,delivered,2018-02-15 16:42:23,2018-03-02 00:00:00,2018-02-25 15:28:53
35fa6439ba94d9ae82eb04e05b5f0cfa,8d683e1e9344dbf659028d9667dbff5d,BA,itabatan,cool_stuff,131.99,19.36,151.35000000000002,delivered,2018-05-02 20:20:32,2018-06-01 00:00:00,2018-05-17 14:05:01
d209d8b7e741f8ce447b0173e579e3a4,9ccfff93c79f3dd996cce15f26480c5b,RJ,rio de janeiro,health_beauty,59.9,12.48,72.38,delivered,2018-02-01 19:34:28,2018-02-20 00:00:00,2018-02-06 19:03:16
7b875e17a8b649ecb72124320bdfd20f,990e718a0f1677e3e5bb21eae3aa6b65,MG,divinopolis,furniture_decor,179.9,24.06,203.96,delivered,2018-01-28 22:45:22,2018-04-30 00:00:00,2018-02-16 00:46:39
012248555cb0bf51df99199cef81d562,89efe7e4fae8f61f003241315a2a5f83,BA,salvador,watches_gifts,55.0,15.83,70.83,delivered,2018-02-01 17:31:00,2018-03-02 00:00:00,2018-02-17 18:39:08
5b249d0d2a393d918ffae8d9de5dfb4c,a04633dd5d636324908826dceb2fc245,PB,bayeux,unknown,39.9,42.76,82.66,delivered,2017-09-09 12:49:12,2017-10-11 00:00:00,2017-09-25 18:52:10
e82e73273643d2baa933aa470a7308f0,8367b3947cb0aa76142bc24d69a0cd69,RJ,nova iguacu,unknown,34.3,18.23,52.53,delivered,2018-03-24 16:55:38,2018-04-16 00:00:00,2018-03-31 18:17:33
37792549e9a1606a574bb4a8aa76136e,2a3d4df1de5c9feee497328298916d41,SP,sumare,bed_bath_table,44.9,11.85,56.75,delivered,2017-11-29 10:23:22,2017-12-19 00:00:00,2017-12-04 20:17:16
40af1ae902bbec62efba703b0fc0e8ea,73278b59b2b5f03916ad797bd298a641,MG,santa luzia,bed_bath_table,205.0,22.27,227.27,delivered,2017-07-25 08:31:46,2017-08-18 00:00:00,2017-08-02 20:19:46
fa4ee681ec32520f00735c89736b5d41,a6823770173e1409a534bd38d8cd87ad,MA,sao luis,bed_bath_table,93.5,57.42,150.92000000000002,delivered,2018-06-24 10:28:15,2018-07-19 00:00:00,2018-08-01 15:39:02
be035da013bb467f707ecc6bbf8575c1,1b47a1a7857868ac2bf233ddeb649df5,MG,vespasiano,watches_gifts,144.99,14.76,159.75,delivered,2018-01-15 14:48:33,2018-02-07 00:00:00,2018-01-24 23:41:35
cc1942bfd9c7e5fdf278196ff5d8e9ff,9ac15e6f0d402baa3170705de3d4590f,BA,salvador,telephony,27.99,15.79,43.78,delivered,2017-12-14 12:29:18,2018-01-12 00:00:00,2018-01-05 19:39:04
02a0929986b1647b2df9bb303b4851b9,68f9f23ba578b597c5ae0573a2a72b02,SP,suzano,electronics,259.0,39.58,298.58,delivered,2018-06-25 21:13:29,2018-07-12 00:00:00,2018-06-29 22:21:32
f636244e2204ad1803e13b363792d655,5f057d3f8a127e93869e61bb77f9244e,RJ,rio de janeiro,sports_leisure,123.9,15.62,139.52,delivered,2018-02-23 09:57:43,2018-03-16 00:00:00,2018-04-08 19:17:34
ea497a8fb762e77015ca8d85236d6e47,e2da23eccfb3e41be791daaa219d75c0,SP,franco da rocha,health_beauty,37.9,11.85,49.75,delivered,2017-09-24 18:23:30,2017-10-17 00:00:00,2017-09-29 12:03:59
5e666f31a774ff904141886e1ef4e3d3,9aba54994850ca5befd6f16384e925b2,CE,fortaleza,construction_tools_construction,99.99,49.41,149.39999999999998,delivered,2017-05-30 18:19:31,2017-06-30 00:00:00,2017-06-08 16:23:07
e98f4dc2a9419b573d76de617e56f680,4196223cc93f2df717d33eddaa8a5687,SP,aracatuba,sports_leisure,65.0,11.95,76.95,delivered,2017-10-29 11:01:06,2017-11-17 00:00:00,2017-11-03 20:27:46
7e4bb624b8936a258a162610147e0546,91941baa83ca10be2c0b9d1481329af4,RS,gramado,bed_bath_table,422.0,33.7,455.7,delivered,2017-10-16 10:13:01,2017-11-13 00:00:00,2017-10-26 20:13:53
f633c884a99eb63866600655356d973e,4919652599408c4cdb93218f74137435,BA,salvador,watches_gifts,599.0,20.9,619.9,shipped,2018-04-04 00:33:47,2018-04-25 00:00:00,
f0ffbaf1fe35a4a0565b047824341bc3,ed36b9efe3ae9f39a6007159d9d3774e,SP,itupeva,toys,69.99,16.25,86.24,delivered,2018-01-12 09:29:42,2018-02-07 00:00:00,2018-01-23 14:37:43
286416c179ad55d3866ac9b330dec836,aaa1984b0934e3e6ab93de660339fb6a,PB,campina grande,baby,300.0,49.54,349.54,delivered,2017-11-11 10:42:05,2017-12-12 00:00:00,2017-12-05 21:13:39
b455f4f7dbd2dec94ffdc1acac234288,7d2625e87726e734415fa5a81d08dc60,RS,uruguaiana,watches_gifts,39.0,15.1,54.1,delivered,2017-12-18 14:03:39,2018-01-19 00:00:00,2017-12-23 16:09:37
5908173cac04f7b1861e21b7f4f639da,40b02b6a3a286b0c52837d20795e732a,SP,sao paulo,perfumery,13.99,7.78,21.77,delivered,2018-01-26 17:33:03,2018-02-09 00:00:00,2018-02-01 20:29:26
de623c0b6bb8c160e80eaacc3100433a,81c3d02a8bdd43a185097b22a3f8cd41,SP,sao paulo,auto,109.9,13.47,123.37,delivered,2018-04-16 10:19:27,2018-05-08 00:00:00,2018-04-26 17:03:42
9013af48700a7fbe4c74378aa6d08ba8,4fdd5b3b54ffe8810effba9c253f275a,PA,belem,health_beauty,19.99,17.63,37.62,delivered,2017-06-20 09:39:27,2017-07-27 00:00:00,2017-06-29 13:27:25
03552fc24c87d99787c9e2e961bddc9b,918c948e993a24f0603a3c2488201931,RJ,rio de janeiro,toys,139.99,15.74,155.73000000000002,delivered,2017-08-15 08:45:42,2017-09-06 00:00:00,2017-08-17 21:37:31
dc3400f2dd273de43a390ec373f09efb,fd0edbfb99014b4171b76aabb574cf27,ES,sao gabriel da palha,health_beauty,199.99,53.75,253.74,delivered,2018-07-17 18:50:36,2018-08-13 00:00:00,2018-08-13 15:51:51
78e175d0771c10c3288b4d4327ba2b57,663eec8a624470d7c901e68e72eb06a8,SP,sao luis do paraitinga,housewares,194.0,34.63,228.63,delivered,2018-01-23 18:19:36,2018-02-15 00:00:00,2018-02-08 00:28:48
d49ed6b5b1dd31d720b321ff3f3874f3,4107e2bcdb42c47591f1c40b67a8826a,MG,jeceaba,perfumery,56.99,15.15,72.14,delivered,2017-08-28 22:07:36,2017-09-22 00:00:00,2017-09-08 17:57:59
6e269660f01d35b9a19cc6221711347d,6274efe311961dac63d754ca7c24e673,RJ,duque de caxias,sports_leisure,148.75,14.06,162.81,delivered,2017-06-05 00:32:17,2017-06-28 00:00:00,2017-06-28 12:06:34
8d771479430ddcc5431d2ef4aa207204,fdb2f8a871f180fefdf3ba06bf7ab179,RS,lagoa vermelha,bed_bath_table,69.9,16.25,86.15,delivered,2017-06-06 21:31:50,2017-07-03 00:00:00,2017-06-19 14:41:48
93a864c37dae71568ea5f14dc1dc5aa5,1319b66c52cb63ab7795494ff4b00234,SP,piracicaba,electronics,12.25,7.39,19.64,delivered,2018-04-30 15:35:44,2018-05-16 00:00:00,2018-05-03 10:52:01
f8a9c0be5071e2ca36f561ad567b1800,0fb339b78619d8180afd8d396af5adf9,RJ,campos dos goytacazes,health_beauty,27.9,27.08,54.98,delivered,2018-05-30 09:21:06,2018-07-05 00:00:00,2018-06-13 22:48:47
8c43035f1afa3fca88c0514d32ff70f7,4dc0803521660b2f150f8a42d20765fa,SP,praia grande,garden_tools,59.9,13.44,73.34,delivered,2017-09-22 14:02:12,2017-10-16 00:00:00,2017-10-02 20:33:42
79ec7fcffa4121dbb55b945aee306e12,934c19eeef04da89928f995df85cf3f8,SP,itupeva,stationery,234.9,14.66,249.56,processing,2018-01-10 12:28:22,2018-02-02 00:00:00,
8435b228083742b605b95a6c3e9c9534,db894ce6057f414cb36be0e6def98f9c,MG,setubinha,sports_leisure,29.0,15.1,44.1,delivered,2018-01-23 15:19:38,2018-02-21 00:00:00,2018-02-03 00:19:59
576c48f481f95199130fe941c49c944e,7c415361aa23c04b04bed1bb75eb3f4c,SP,ubatuba,drinks,33.0,11.85,44.85,invoiced,2017-09-30 09:15:08,2017-10-24 00:00:00,
224a2924f75dd381b65e75fa1e9b98d4,f445d4f7f598aaee8f1869d277541e30,SP,sao paulo,perfumery,19.99,14.1,34.089999999999996,delivered,2017-11-29 18:04:39,2017-12-20 00:00:00,2017-12-14 20:24:54
6e941cee87f8cc0796ccab300f9afc90,a07fdc8d97c27ce11581121d5cc731af,SP,jundiai,stationery,99.0,13.71,112.71000000000001,delivered,2017-12-27 10:47:25,2018-01-22 00:00:00,2018-01-06 14:09:46
91be088e7093d68e9e8202a7e5d85269,77c213e10acbd145d50fcb035d0e86d9,ES,guacui,bed_bath_table,88.0,26.7,114.7,delivered,2018-03-27 09:08:33,2018-04-18 00:00:00,2018-04-09 23:31:36
0f1755872b47fe8564531daeef356987,aebd3b22b156e507f0c7ecfcbb567a3d,SP,jaguariuna,home_appliances,44.1,7.87,51.97,delivered,2018-04-16 12:46:09,2018-04-26 00:00:00,2018-04-20 15:48:50
d34e326c0b15c4b4a481ba1376687e75,1c3e84ea9c122476f6079b8a8f255941,PR,pinhais,unknown,159.77,14.88,174.65,delivered,2018-03-25 11:05:58,2018-04-13 00:00:00,2018-04-05 20:38:36
b86c548c0f0a5812048bcae563b28443,e1c85f77bb34db0755d61ea596e11ec1,SP,sao paulo,food,55.0,7.65,62.65,delivered,2018-06-12 12:08:12,2018-06-21 00:00:00,2018-06-14 20:23:31
81254dd1f66cb71378737f0036be0bc2,d64023c35e5c1452ce568e993ac12c86,SP,sao paulo,sports_leisure,22.0,12.81,34.81,delivered,2018-06-18 21:29:52,2018-07-05 00:00:00,2018-06-25 16:46:46
7296ad758e6c852b351261c5eb31bf51,c9a1e1fe64fd08a3c9e57b002518a9a5,SP,sao paulo,bed_bath_table,66.9,13.49,80.39,delivered,2017-11-26 20:28:28,2017-12-15 00:00:00,2017-12-17 17:14:48
0b1652557b7b9bf7c885236e4798dd91,ce3074d73cb3828e407c462309b0ff7f,SP,jundiai,furniture_decor,59.9,17.16,77.06,delivered,2017-04-07 18:08:31,2017-06-07 00:00:00,2017-04-19 14:21:48
a9db785c3c219acb88a8a8c594045493,7d904a4755e206a3e308a1f03d4a3a7c,SP,campinas,bed_bath_table,159.99,16.75,176.74,delivered,2018-02-12 19:22:50,2018-03-07 00:00:00,2018-03-02 17:53:57
12bac66f44df6a103bb5b982c45f5617,35276eec8c44aa4f7595449f92185dbf,SP,jaguariuna,books_general_interest,8.9,7.87,16.77,delivered,2018-05-06 09:02:34,2018-05-22 00:00:00,2018-05-11 18:43:34
fc8088acbc3136f9baf41c1d43d2599d,a25ed5f8cc1b7c4228d6e01a92bfdc66,RJ,rio de janeiro,sports_leisure,39.0,17.92,56.92,delivered,2017-09-25 17:54:01,2017-10-23 00:00:00,2017-10-09 18:17:55
05709f85ee94e226753ae0ed0886b69b,36f804a69fdb2b0759b7ae968c11c363,GO,goiania,bed_bath_table,159.9,27.55,187.45000000000002,delivered,2017-03-01 16:38:52,2017-03-28 00:00:00,2017-03-16 17:17:50
106dccd8cf01a9d15921ba6b3028a09d,6537b7fadc28b640b12d156d4f299618,SP,sao paulo,auto,49.9,7.78,57.68,delivered,2017-10-02 12:47:00,2017-10-18 00:00:00,2017-10-03 18:27:21
8113e5717c966d7abf2b6ebda89a6e08,5b9f3a22a2f637041e498817b1e956cd,PR,curitiba,housewares,68.9,18.28,87.18,delivered,2018-06-29 12:06:01,2018-07-23 00:00:00,2018-07-04 17:48:34
b17b0e273b31b9bdc4c86d55ce1f2b87,13c7bb8997669ff7cf0b97f39681dedb,MG,belo horizonte,consoles_games,40.0,13.62,53.62,delivered,2018-07-25 20:37:44,2018-08-08 00:00:00,2018-08-01 15:26:02
bc7378e3329da5c228531efaaabb18ae,5de99aeb246c239dfdb3db80bd8d8379,BA,valenca,baby,36.75,18.99,55.739999999999995,delivered,2018-05-12 10:17:50,2018-06-12 00:00:00,2018-05-18 12:16:47
3d9b5cf13225583103d0ce6b29cad9c4,55481ae32ead3c8c734d8acee5ccf3a2,RS,santa maria,stationery,59.9,19.01,78.91,delivered,2017-03-20 02:06:43,2017-04-20 00:00:00,2017-04-06 10:34:35
1b5afefbbcfd69807bab110d1ffe7cda,d44eebcdb4d3d091f61bcb211b9129e3,BA,salvador,telephony,29.99,17.06,47.05,delivered,2018-05-07 21:42:08,2018-05-28 00:00:00,2018-05-24 21:58:57
95e19f10a6f514fa5e093e74d2e3f58b,3cf3148d940e0838e2f9ebe3cdd66f7c,SP,maua,cool_stuff,495.0,15.81,510.81,delivered,2017-10-06 16:56:47,2017-10-30 00:00:00,2017-10-16 19:52:58
2f4545bda1b1c794a9a35a3fbe4257ba,f4c01ec1c1160a873642b614ebd6d72c,MG,cristina,baby,94.99,23.24,118.22999999999999,delivered,2018-05-16 13:47:51,2018-06-05 00:00:00,2018-06-05 15:38:50
a0fb1c238c7bcff487ee3095d577be86,eb1b2be611df633efd1e7b41a5b54ba7,SP,jacarei,health_beauty,150.0,12.55,162.55,delivered,2018-02-21 18:12:18,2018-03-13 00:00:00,2018-03-05 22:35:10
285bb3ebe7ede4496dcb8e7217c126f2,92b322768259cf8d75f468e1c2f04eec,BA,wenceslau guimaraes,auto,110.0,27.5,137.5,delivered,2018-06-05 22:51:12,2018-07-16 00:00:00,2018-06-28 18:48:35
e00bfbddf86f0a755d3550dd87962824,bb21eb7a7de7d4886dfa152f60505863,SP,sao paulo,bed_bath_table,59.9,16.61,76.50999999999999,delivered,2018-06-27 12:03:22,2018-07-20 00:00:00,2018-07-03 16:18:48
db70f8a5634ca9a20586be3dec6ad653,7f26e88bd140ca9a8e4088e6851c7d73,SP,sumare,computers_accessories,82.0,13.87,95.87,delivered,2018-08-04 01:57:54,2018-08-10 00:00:00,2018-08-13 15:21:22
68bcf82ac966d850468884d06de1d41e,32a4ff4e454bc77a7a08d48a27bf07cf,MG,machado,garden_tools,59.9,17.67,77.57,delivered,2017-11-19 00:12:17,2017-12-12 00:00:00,2017-12-05 20:43:39
de742d420af4a6abd06276acde083ae5,8402969a176c8399bac1a5bb919892f5,SP,santo andre,furniture_decor,89.9,12.97,102.87,delivered,2017-12-05 11:45:50,2017-12-28 00:00:00,2017-12-14 22:39:05
32a5dab70d12a1ed24b1f79bbf17bdc7,6f26e134ba4408c999c716c7468a586d,SP,sao paulo,telephony,299.99,22.9,322.89,delivered,2017-09-12 19:46:57,2017-09-29 00:00:00,2017-09-21 14:25:03
e723fd90e2d095c2762e5e800d759bfa,e4326d8c6d585d237b12bced2443c73a,PR,curitiba,health_beauty,5.0,15.1,20.1,shipped,2017-11-25 17:14:25,2017-12-21 00:00:00,
99044ef6d39a9053e6c8be072306da0e,168f1ed27237f26f7b5d763028db7a99,SP,sao carlos,unknown,54.9,20.87,75.77,delivered,2017-08-03 08:07:35,2017-08-25 00:00:00,2017-08-16 20:37:48
f8cb4efdea8763488b96468162ab5e93,3b0671e86baa6a24c10be6cb33e65a69,SP,sao paulo,perfumery,25.0,15.23,40.230000000000004,delivered,2018-05-08 12:26:55,2018-05-22 00:00:00,2018-05-14 23:56:58
04a59fe46fc5aa341da5378c195ed53c,a3d335d8dd759126b58367c6053bb20a,PR,curitiba,baby,60.0,15.18,75.18,delivered,2017-11-26 09:32:06,2017-12-19 00:00:00,2017-12-11 19:03:18
570daa876f56bc4b6b5e503e01318c0e,0a56b53b96fc69f9d9aa8a0d4037c900,SC,blumenau,housewares,72.48,9.94,82.42,delivered,2017-11-22 18:23:16,2017-12-04 00:00:00,2017-11-24 21:06:52
45ceefe79e1b3b2757d1d3853fdeaa68,7ca5deef04557043999bd9d8dda44b93,SP,guaruja,fashion_male_clothing,38.5,14.52,53.019999999999996,delivered,2017-03-26 16:14:02,2017-04-18 00:00:00,2017-04-10 14:34:15
bc2c82b0ef78d2252b6176d1972db7c9,dc813062e0fc23409cd255f7f53c7074,PE,garanhuns,watches_gifts,55.0,25.67,80.67,delivered,2017-11-13 21:50:45,2017-12-13 00:00:00,2017-11-26 18:54:52
08accb1f1ce9ae08483229dd246b8911,61f1a493cb99e61ebb41924c15778a5c,PR,araucaria,health_beauty,19.99,14.1,34.089999999999996,delivered,2017-07-01 20:08:46,2017-07-28 00:00:00,2017-07-12 20:47:54
f148f0d15c9e216159aadb7bffdb0fe7,f8111303860deaf6ca5116dc9ce19adc,SP,osasco,perfumery,209.0,10.21,219.21,delivered,2018-07-04 21:36:52,2018-07-18 00:00:00,2018-07-06 14:18:38
f23cbffef931c76fb5231f8b292d457d,15d9bdf301a6b7bad7c9feda901d0de3,BA,salvador,sports_leisure,59.99,16.99,76.98,delivered,2017-05-09 23:19:29,2017-06-06 00:00:00,2017-05-26 19:38:38
191fad9a46d531249b20f63ff199efe2,b5352b176ce3d5f2c457a2248c0c9ff5,PR,curitiba,books_general_interest,334.9,25.14,360.03999999999996,delivered,2018-07-05 00:46:29,2018-07-27 00:00:00,2018-07-09 19:40:54
b451d36b7885d0b242a0e8189f3f8394,bca1149277380e7481e795f4ea94cf52,SP,colombia,costruction_tools_garden,34.84,19.8,54.64,delivered,2018-07-23 14:45:41,2018-08-07 00:00:00,2018-08-02 17:22:54
9c440fc86e36452b4288efbf2d65dcf5,a56176db79e4f08b0619930f19b3b96e,SP,sao paulo,bed_bath_table,35.9,7.39,43.29,delivered,2018-03-31 11:40:16,2018-04-12 00:00:00,2018-04-07 01:00:39
4be1a4a38ca262d7488a14c64e13e143,e21c59137aeab92aaf2b6cb860debbb8,SP,sao carlos,housewares,167.99,16.94,184.93,delivered,2017-06-10 20:30:08,2017-07-05 00:00:00,2017-06-30 15:12:29
9276d962aa1c30600102c556bd3b57d6,d5e50940b781db99dc5ba8b1266e4b7a,PR,fazenda rio grande,watches_gifts,198.9,15.14,214.04000000000002,delivered,2017-12-22 18:25:34,2018-01-24 00:00:00,2018-01-13 17:57:37
dc1b86dca769213b0db63c4922bd6a73,8346b40f1e2e67c7d3512301d49e350b,SP,presidente epitacio,bed_bath_table,39.9,12.69,52.589999999999996,delivered,2017-07-17 21:13:47,2017-08-11 00:00:00,2017-07-24 18:15:53
4bd17c85bd06ed500f1619f6692ea8af,0694d901d7d88ffc1781dacfda6cd048,SP,sao paulo,bed_bath_table,38.0,13.85,51.85,delivered,2018-07-20 17:46:35,2018-08-03 00:00:00,2018-07-31 20:42:02
8842ab4c2a2553bd8a15b9e210aae195,bee7cfcbb355559866c30cd38482f67b,SP,sao paulo,computers_accessories,28.9,15.23,44.129999999999995,delivered,2018-05-03 11:10:17,2018-05-29 00:00:00,2018-05-17 18:32:50
3104bcaa250792a77ce1651711291eaf,f9554a1488503337327a447698972e9b,PR,capitao leonidas marques,garden_tools,34.9,14.52,49.42,delivered,2017-03-10 10:22:09,2017-04-05 00:00:00,2017-03-23 10:51:18
ed415dd934c5bb15a4a2fd223bb0a43e,095e7c124c5c1ccb1eb9f731152eae6a,SP,sao paulo,perfumery,79.99,11.17,91.16,delivered,2017-04-16 17:17:57,2017-05-09 00:00:00,2017-04-20 08:22:49
d39cd8aec30c3829bad1c1b4194b4fd8,f63995310ef953fe62d42ed1a1a7f973,ES,cariacica,sports_leisure,119.9,19.38,139.28,delivered,2017-08-25 14:34:50,2017-09-21 00:00:00,2017-09-05 22:37:39
112f1c24ebff7575c3829274cad94e28,9ad338033b4b2afcb1a38194e99067b5,SP,sao paulo,furniture_mattress_and_upholstery,85.0,36.69,121.69,delivered,2017-12-18 10:43:30,2018-01-05 00:00:00,2017-12-21 18:44:57
c96eb9c4da11e7df402259beeb330f15,dd039ee577bae280abdeb92322f04a49,RJ,cantagalo,sports_leisure,45.69,12.93,58.62,delivered,2017-02-06 18:57:19,2017-03-01 00:00:00,2017-02-09 09:13:58
dd7cf61b3197740df7b6bf61bbfa6994,5eecc3838a69b30738f90eca366e36a4,SP,taubate,construction_tools_lights,40.0,12.79,52.79,delivered,2018-04-11 13:20:02,2018-05-04 00:00:00,2018-04-16 19:51:31
0f7ed09b98de20ce43a56ec76b674951,40db5f27c7d20d10678ffef11beaf321,GO,goiania,telephony,17.9,15.23,33.129999999999995,delivered,2018-06-19 21:48:53,2018-07-17 00:00:00,2018-06-27 17:48:21
0e5120f3452260c976eae23edd2d5a0a,e57065168c3718bdfcf543c020c2d2d0,SP,sorocaba,furniture_decor,44.9,11.74,56.64,delivered,2017-02-21 04:13:37,2017-03-20 00:00:00,2017-03-02 12:14:11
e09b9e96eeb0f9e3351ee58b00dabfd5,66a21d007f510900f772d6a6d74c51cf,RJ,volta redonda,construction_tools_safety,178.9,24.18,203.08,delivered,2018-04-27 14:04:53,2018-05-24 00:00:00,2018-05-24 02:58:41
1ded184dd48db815347b0742c2a4da2b,cf923923fba41cd27ac439b53c7cbdd4,SP,sao paulo,fashion_underwear_beach,110.0,12.27,122.27,delivered,2017-10-30 16:51:17,2017-11-17 00:00:00,2017-11-06 21:58:31
9502098c0c48725f2b3dc32ff2a01466,694d76460713829ec659915cf2b8d9d8,MG,belo horizonte,housewares,46.99,14.08,61.07,delivered,2017-07-01 19:23:49,2017-08-01 00:00:00,2017-07-14 15:45:45
19938b0f4dd0796e7c2d07f8a406add7,61c8ed3d93acd67d5994491208fea2dc,PR,matinhos,pet_shop,49.9,14.52,64.42,delivered,2017-02-13 16:15:18,2017-03-14 00:00:00,2017-02-20 12:41:22
f6b066fe810a20c879b7a4aa8ffd30af,5edb5e94dde197f8fd914eec2975b891,SP,santana de parnaiba,telephony,16.9,7.78,24.68,delivered,2017-05-21 19:59:32,2017-06-09 00:00:00,2017-05-24 15:56:57
def59cab0d40fb6e73cf4a05911344df,6f8dc3bb04b763418b59f953bce6fd14,RJ,rio de janeiro,cool_stuff,64.9,15.55,80.45,delivered,2018-06-17 15:15:27,2018-07-24 00:00:00,2018-06-26 00:31:59
571404a093e61054fe87db8b17beec73,6f354038206bacc8c71b44fd654e2305,CE,fortaleza,telephony,70.9,17.78,88.68,delivered,2017-09-29 15:02:09,2017-10-30 00:00:00,2017-10-11 19:59:52
049999b745ab7d4bc3ddf00181c39d56,39c27daff7dd7ad6f534c53970fe8e3b,SP,sao paulo,telephony,24.99,7.78,32.769999999999996,delivered,2017-11-06 01:15:08,2017-11-17 00:00:00,2017-11-08 18:55:05
4b2a739ca7263b2f66f54ebd17cf7337,ff74295e5fe614853795922d79327659,SP,praia grande,stationery,49.99,23.28,73.27000000000001,delivered,2018-05-19 18:33:05,2018-06-08 00:00:00,2018-06-15 21:18:55
3cbae6cd7d4ccde80ef2d1ec061ce54b,8e95d16c392e65af9ff9625417d3ce07,ES,vila velha,stationery,234.9,17.89,252.79000000000002,delivered,2017-12-11 20:47:04,2018-01-12 00:00:00,2017-12-29 22:29:08
3240c29a58e0f5100088c091d4a9a0e2,cf2ab9fc5ad6668597ee514bb2ff4db1,SP,sao paulo,perfumery,38.9,7.78,46.68,delivered,2017-09-05 21:20:12,2017-09-21 00:00:00,2017-09-13 20:08:57
099acf2a98eba9bab889af025be407b7,5b1ccb22b017dc7b926bc2de7a6ae857,MS,camapua,industry_commerce_and_business,89.9,23.5,113.4,delivered,2017-08-15 13:24:17,2017-10-18 00:00:00,2017-09-06 16:04:47
5be8e1e5d0ed823d38d05d5b7cce9581,a2c92455267209d757527eb248fff32c,MG,lambari,furniture_decor,38.4,16.11,54.51,delivered,2018-02-22 10:43:03,2018-03-22 00:00:00,2018-03-08 12:47:26
2e7b020eeca2d5b86d5263a996d540bb,c5a525c4443cc914a8eebbf9d4a29fa9,RJ,engenheiro paulo de frontin,telephony,27.99,18.23,46.22,delivered,2018-03-16 08:46:26,2018-04-09 00:00:00,2018-03-21 23:12:19
24fb2d250ea8c0fa1ff61b3cfb17778e,4a72f0ea58fb17fcbb1a1e04b98a9130,SP,cacapava,computers_accessories,30.1,11.85,41.95,delivered,2017-11-28 10:22:54,2017-12-20 00:00:00,2017-12-09 00:16:38
693f8bb47e6135ecad76616fa2596a05,4512070eeda071f62cde3a31ded19f8e,PB,sousa,electronics,169.99,53.54,223.53,delivered,2018-08-08 19:48:41,2018-08-29 00:00:00,2018-08-20 18:32:24
ac7d1a865466115f5fb92c5437caf6a7,f20818da0b2dd7b80dcb31bf3c078a67,SP,ibira,computers_accessories,99.0,14.05,113.05,delivered,2018-04-18 12:01:12,2018-05-09 00:00:00,2018-04-26 19:46:28
4170c6a8a42c20c1356a88bcbf187efb,03740c6c6c3c01bfc1ef251683ef3a35,SP,carapicuiba,housewares,25.5,7.44,32.94,delivered,2018-06-14 13:13:24,2018-06-28 00:00:00,2018-06-18 18:12:36
ffe48cb3d8485e0cb0405e21192e592f,6719131c8ace6580220a889e8630624d,RS,caxias do sul,bed_bath_table,119.9,27.14,147.04000000000002,delivered,2018-06-29 18:11:54,2018-08-01 00:00:00,2018-07-12 14:38:38
d7343b3b63fe9f2256b9508ea75c5cc5,6c457a118c0811c0b2caafd013a6db23,SP,cubatao,books_general_interest,108.9,16.39,125.29,delivered,2017-11-24 00:10:13,2017-12-14 00:00:00,2017-12-06 18:51:54
cf57d12f25beeb760bd30983c67f21cd,e79c794eb044c594d923722240125052,PA,nova esperanca do piria,watches_gifts,2199.0,53.66,2252.66,delivered,2018-07-26 21:48:22,2018-08-24 00:00:00,2018-08-13 16:52:19
8fbf78773c7c8165b1fcbc024f923678,97cd176537326c79f18606ee50600fff,SP,franca,garden_tools,79.9,13.58,93.48,delivered,2017-07-20 16:52:04,2017-08-09 00:00:00,2017-07-31 16:41:50
9e76ee631c399b238d8407c2f437613d,1151fa77d166e5fee9f01df0100ba12f,MG,betim,watches_gifts,49.0,15.44,64.44,delivered,2018-07-25 19:02:59,2018-08-08 00:00:00,2018-07-30 21:20:05
3613892d0bff9156e733d4f86a1cd12b,37d7f68849e1f7a6bcc58225180fc4f3,SP,sao joaquim da barra,office_furniture,116.99,20.81,137.79999999999998,delivered,2018-04-16 21:26:23,2018-05-11 00:00:00,2018-05-04 14:41:39
1c939324bacd87c65d030c7974e38338,bd250672128c616edcc1cb6d7cdbd197,SP,sao paulo,toys,109.0,16.2,125.2,delivered,2018-02-14 18:10:38,2018-03-07 00:00:00,2018-02-19 16:45:07
aca28aa46a33eaae0b7377883b13189b,68739e8bc900bcdd05c748494cdd2395,SP,santo andre,furniture_decor,39.9,8.44,48.339999999999996,delivered,2018-07-04 14:17:17,2018-07-19 00:00:00,2018-07-13 00:28:25
188804952924592ac0678c7ab1b42860,235e44672edfd9e6c77f2c69f4bb8427,PA,morada nova,health_beauty,59.99,37.33,97.32,delivered,2018-08-12 13:51:25,2018-09-17 00:00:00,2018-08-30 12:21:35
d2fee8629e0a482149dd28013ac6dbe5,e8cb0c78d44d572d96674d666f082fed,SP,barueri,computers_accessories,144.97,18.26,163.23,delivered,2017-08-03 13:04:46,2017-08-25 00:00:00,2017-08-16 19:34:26
5b004e91449a77cd4ad0a10e8fdac668,9d3c48d289165bcb34568746020c8be5,SP,campinas,bed_bath_table,138.0,16.99,154.99,delivered,2018-01-23 21:20:09,2018-02-07 00:00:00,2018-01-25 22:58:54
7dc8487f60263dbf289600757f5c6f99,8241424764e0bfa6bfcb3c6cda391ac8,PE,recife,health_beauty,19.99,17.63,37.62,delivered,2017-05-22 22:21:31,2017-06-29 00:00:00,2017-05-26 09:58:01
090c44686a2c4ac5320b757784023c4b,346d3e83c82403f85942d3ef934ac7b4,SP,sao paulo,sports_leisure,107.0,12.25,119.25,delivered,2018-02-16 16:20:37,2018-03-08 00:00:00,2018-02-28 23:38:48
1747c5b6d79e2facdab870f3ba6c6839,c4d7f205b35968c6137af23d45e02102,SP,cachoeira paulista,health_beauty,349.9,18.21,368.10999999999996,delivered,2017-10-05 13:39:21,2017-11-08 00:00:00,2017-10-11 18:51:57
2fd7d8e43a256d464a02dd7bbe8cb125,b11c24bb17454e2d358eb59b253835fd,MG,governador valadares,housewares,108.0,31.51,139.51,delivered,2017-09-02 17:47:11,2017-09-27 00:00:00,2017-09-11 18:47:39
4a2e9754d61d7f8f0b41fec143e166e4,85b05a25b5be26f631e913ff5d2e8e95,PR,curitiba,housewares,65.0,20.24,85.24,delivered,2017-05-28 22:18:09,2017-07-07 00:00:00,2017-06-05 14:23:37
a16fc9188775803f3b6fcaf961d974c0,ce8d54c038be090b45d38395bb014c6e,MG,uberlandia,auto,56.99,15.15,72.14,delivered,2017-12-09 17:14:00,2018-01-08 00:00:00,2017-12-20 17:46:01
cf165c316414f3f5ef8fe2ef84a443c3,821af681d12f9cd66b20cd1d1e7c02ce,BA,xique-xique,computers_accessories,31.9,16.79,48.69,delivered,2018-01-30 02:02:30,2018-03-09 00:00:00,2018-02-15 19:22:02
e44411a5a41caaf23d52f1600d31d888,d522defe17a69684126a50885b063c22,SP,itu,sports_leisure,9.99,7.39,17.38,delivered,2018-04-06 12:55:08,2018-04-23 00:00:00,2018-04-09 15:21:19
cda166f7dae2993118f807e7215c7faf,a86f29fdc92c603fdd3d4f530230644a,RJ,rio de janeiro,bed_bath_table,39.9,16.6,56.5,delivered,2017-09-13 08:10:50,2017-09-29 00:00:00,2017-09-18 22:49:56
eb0aa3dd66fc926068964d23504f8426,e411a7d93ae7ef2b1140c0d5c72fd9cc,SP,sao paulo,housewares,24.9,8.17,33.07,delivered,2018-07-02 19:56:43,2018-07-18 00:00:00,2018-07-06 17:48:34
cd43510a9992792a9e22f4e9f8d20f4b,b473037c9a5238bb73f2392b19f203ba,AP,macapa,health_beauty,349.9,33.15,383.04999999999995,delivered,2017-02-02 18:46:27,2017-03-23 00:00:00,2017-02-21 11:57:50
6c355e2913545fa6f72c40cbca57729e,a5c6335399140e986db84120c425adf0,GO,rio verde,housewares,26.18,22.98,49.16,delivered,2018-07-25 14:47:45,2018-08-21 00:00:00,2018-08-11 10:46:38
24c678d0e706ce6ac170aa7168fb1ecc,2bc36bf7ab537fd4d7f1306fe1137af2,SP,bauru,stationery,99.9,13.72,113.62,delivered,2018-02-22 13:54:24,2018-04-02 00:00:00,2018-03-08 23:18:35
46a354ecffd29742e985db9b49cae302,757741b13845d5860e563a10310ae445,SP,campinas,fashion_shoes,29.9,14.1,44.0,delivered,2018-02-05 12:43:16,2018-03-05 00:00:00,2018-02-20 15:38:55
4d43556083ebb5d85e8a49e87730add6,5df9c12190bc328ccb11b795ba6d12cb,SP,campinas,unknown,229.9,19.89,249.79000000000002,delivered,2017-05-02 06:49:31,2017-05-25 00:00:00,2017-05-12 13:44:24
662c204ba347d430c0fc3a5df267478f,cd63e4467d55a05d5218763e279d2b3a,SP,barueri,office_furniture,139.94,18.35,158.29,delivered,2018-03-30 19:08:13,2018-04-27 00:00:00,2018-04-16 23:12:03
212a9a21eb87489a105ca0a2aa67b72a,412fa5a4e8acc113e086921f49f14d51,CE,uruburetama,health_beauty,58.99,28.81,87.8,delivered,2017-11-24 12:02:04,2017-12-28 00:00:00,2017-12-06 15:43:23
d53f7d65577d2f334537bf228afb6116,b910f96f26d34566581f683f707aa425,PR,uniao da vitoria,sports_leisure,99.9,28.89,128.79000000000002,delivered,2017-02-02 19:59:34,2017-03-09 00:00:00,2017-02-10 12:09:04
5e9f1a71f53f74f8c4e829ffbb4b52e9,364eb78108f9497580ca43f397733322,RS,sertao,computers_accessories,50.2,18.45,68.65,delivered,2018-07-30 22:02:54,2018-08-27 00:00:00,2018-08-20 16:29:09
c3c98f80459f075de43e0645f41be709,a0d58c3abf0bc947e39f72976db72428,RS,erechim,bed_bath_table,75.0,19.72,94.72,delivered,2018-07-18 00:08:33,2018-08-10 00:00:00,2018-07-25 19:37:00
7276ebb4ef0951f006dbfb2deb76d255,98e922b1918b9728bdc40fb379bc8045,MG,belo horizonte,sports_leisure,134.99,14.66,149.65,delivered,2018-05-16 08:24:45,2018-06-08 00:00:00,2018-06-02 18:36:27
46b06fc4d4a2d4e9645f19e1a689e543,8a02975938d279e8478b5f793b0290b7,MG,contagem,health_beauty,79.99,16.53,96.52,delivered,2018-03-16 15:45:56,2018-04-06 00:00:00,2018-03-29 22:16:42
9f452e5cf61ec9a8c6d4d276ddf5664e,5cb6b80b0da1832a1e272cdcecdbfe23,MT,cuiaba,fashion_bags_accessories,34.99,17.06,52.05,delivered,2018-05-31 13:16:02,2018-07-13 00:00:00,2018-06-15 19:07:27
f237e8ddc05a21386ec9441d40f8e09e,c9600276c55089ccd37cb1a360609101,SP,santa barbara d oeste,health_beauty,89.0,13.2,102.2,delivered,2017-02-09 23:19:27,2017-03-08 00:00:00,2017-02-17 13:58:00
8c224eb700e9dd039606fbfd1ca725f5,35a63c8e6fe045b526252475c1b0d128,MG,varginha,computers_accessories,34.99,18.23,53.22,delivered,2018-05-08 16:43:15,2018-05-24 00:00:00,2018-05-18 14:00:54
77810238ed0e20808a213bcdb0de6ae5,ef035875ac63a400aba5f6d6708e880d,RJ,rio de janeiro,consoles_games,34.9,18.89,53.79,delivered,2017-09-08 23:27:52,2017-09-27 00:00:00,2017-09-19 20:06:57
866ee8efa015a0dbacb8c2628096a8c4,a505c1a131f76d0674cdc393ffd2f34d,RJ,rio de janeiro,perfumery,56.99,14.15,71.14,delivered,2017-09-13 11:11:12,2017-10-04 00:00:00,2017-09-26 21:48:46
c441a9a0fbf9ceb54037aed741d95e8a,674308a841e4760b932721040515c0af,SP,bocaina,perfumery,9.9,18.23,28.130000000000003,delivered,2018-03-08 11:21:00,2018-04-06 00:00:00,2018-03-15 21:17:38
b196564f2fd79a80ab1b31dd8ba4e4fb,24072811917876a84c81166f96aed0c1,MG,sao pedro dos ferros,watches_gifts,254.9,19.66,274.56,delivered,2018-06-06 21:11:57,2018-07-17 00:00:00,2018-06-18 21:33:33
bad29fab02c3d830ea834ff60207cda7,89731c9b67b2d5b33c6c7d37f3140c90,BA,itapetinga,watches_gifts,115.0,22.52,137.52,delivered,2018-03-29 08:54:45,2018-04-27 00:00:00,2018-04-13 19:28:34
ec5cf2317f5141a62836da8e71586eb6,e9978f7ed3429ae9693a4f4b1bdfe6a4,MG,montes claros,watches_gifts,212.9,19.37,232.27,delivered,2018-03-15 18:00:21,2018-04-06 00:00:00,2018-03-26 22:26:34
8f1a41d5bbeb94665f4ada45facb4cf5,0c70bfbb79f0dde177767472f49c1b2f,PA,redencao,health_beauty,18.99,24.84,43.83,delivered,2017-03-22 15:30:29,2017-04-26 00:00:00,2017-05-04 08:17:49
d6c586c22c45b70b766fef19e469e86d,54a8f1e05feabbfc6015e34272097c2d,SP,sao paulo,housewares,48.0,35.67,83.67,delivered,2017-09-30 22:39:05,2017-10-30 00:00:00,2017-10-24 20:05:59
a89eed32f0011eb66dcf2beb3d0fb255,26d7fb18bd08799ee81f5f1a21068a7a,PE,inaja,cool_stuff,289.5,35.83,325.33,delivered,2017-05-20 00:26:11,2017-06-22 00:00:00,2017-05-31 13:09:49
3114a4b9e970a79667d2f403e83586f0,a1333f3441db0ffa72eb3e0f94d808a4,SP,aparecida de sao manuel,cool_stuff,199.0,18.64,217.64,delivered,2017-12-30 11:23:01,2018-02-15 00:00:00,2018-01-10 18:29:10
242ab4ce744f666fcffbc5d7fed8700d,4c074bb1435cc724b6937a95b88c9841,BA,salvador,garden_tools,49.0,19.63,68.63,delivered,2017-11-24 12:35:43,2017-12-20 00:00:00,2018-01-04 22:14:45
5b62faa806e6491e48c6610986ee31fa,932ee9a016781b9ae7332cf281d75d2c,SP,sao paulo,small_appliances_home_oven_and_coffee,579.0,35.45,614.45,delivered,2018-04-05 11:41:17,2018-04-23 00:00:00,2018-04-12 19:52:47
2898d74d595f1564b2df34edb8c0cfc4,0125200158c999d5813b11be482a48da,MG,jacui,sports_leisure,69.9,26.57,96.47,delivered,2018-05-04 16:54:41,2018-05-30 00:00:00,2018-05-21 19:37:32
a10055536fe311de2b76c8b7040cac85,f6edf8b72c39e8ecec4f6b675ff642f1,SP,ilhabela,bed_bath_table,46.9,13.91,60.81,delivered,2018-07-18 23:14:18,2018-08-03 00:00:00,2018-07-25 19:18:34
61986df3dc483509b39f7fda7a82c10c,b0787e28f887f8b5a8ca9ef9c50ea83c,SP,indaiatuba,bed_bath_table,189.99,18.0,207.99,delivered,2017-01-30 20:28:45,2017-03-07 00:00:00,2017-02-08 13:12:40
8b29c8a606c98ea835750427eeb92ae2,aa629fbe85e42dd198356871f8694e62,RS,guapore,furniture_decor,129.0,18.15,147.15,delivered,2017-12-08 14:06:51,2018-01-05 00:00:00,2017-12-18 22:51:37
0999bc97673a2bbf7a81731329196b2d,9b02db6dcad15dad9ecf70c0f0ba0373,SP,jacarei,food,27.9,7.87,35.769999999999996,delivered,2018-04-07 12:19:29,2018-04-24 00:00:00,2018-04-11 17:11:48
f2c9428d2c7720cb4e9f2a9634673ce6,71f26c982384a2828905080ed90b2993,RJ,duque de caxias,sports_leisure,138.5,17.38,155.88,delivered,2017-10-22 10:17:43,2017-11-10 00:00:00,2017-12-27 21:06:58
e4805728ef2799ec455a63ddd08aa52e,71fd4b8ba810c0b2bcddcebf0fbd159c,PE,flores,home_confort,76.9,28.94,105.84,delivered,2017-11-24 10:19:23,2017-12-27 00:00:00,2017-12-20 21:53:43
2d656749f55e9781665b9c467e55764a,2f800e29b4beb4dc341a388c0f669675,RJ,rio de janeiro,garden_tools,99.0,33.08,132.07999999999998,delivered,2017-11-15 09:18:31,2017-12-07 00:00:00,2017-11-24 19:41:22
13b405c01103fcb4ab199d6a8f7825ef,5d6819179052e295f55361f0206bd054,SP,sao bernardo do campo,unknown,150.0,8.3,158.3,delivered,2018-01-22 16:13:36,2018-02-06 00:00:00,2018-02-08 00:16:42
ddf152f3a1ae9f5a3b04e84c0ce0f139,cfe262da3bb5a3c77b6580f2b788a3dd,RJ,volta redonda,bed_bath_table,39.97,15.1,55.07,delivered,2017-12-04 16:34:11,2017-12-29 00:00:00,2017-12-22 19:38:58
93ecdca779367b3806aaae30a8b19021,a60896ee4449908b09333a08c2113604,SP,sao paulo,cool_stuff,99.99,11.32,111.31,delivered,2018-03-19 18:04:50,2018-03-29 00:00:00,2018-03-21 19:09:59
73fe3ec6e789782281c550a9349e0edd,059d1f5650f05d9fed9a6d941593f9b4,RJ,marica,baby,69.99,15.37,85.36,delivered,2018-03-18 17:01:00,2018-04-17 00:00:00,2018-04-22 17:51:02
a4ca973673139ab4959c3af923191c91,cbd08b04b3f301152b7570da5e9c8cc4,PR,curitiba,fashion_bags_accessories,329.9,19.59,349.48999999999995,delivered,2017-09-16 20:27:30,2017-10-06 00:00:00,2017-09-29 20:57:37
dead55bea70de58a7eee62d912bce5f3,115dc50e77d72a546af4a9e3aa7ccbe1,MG,uberaba,bed_bath_table,99.9,16.46,116.36000000000001,delivered,2017-12-02 14:25:57,2017-12-29 00:00:00,2017-12-19 21:28:27
2b70ebd5decca916c54070ce4d12c91f,6dd0793d598968202be2248dc7b294ba,SC,florianopolis,sports_leisure,29.5,13.5,43.0,delivered,2018-02-06 16:57:50,2018-03-02 00:00:00,2018-02-14 13:36:34
d0fb62f913d61e8c15e80cd65c741b91,056cf1da778f8b87140f1a463ae85077,SP,rio grande da serra,watches_gifts,55.0,7.78,62.78,delivered,2017-11-15 14:23:37,2017-11-30 00:00:00,2017-11-21 16:53:08
6c2332524797ccf47797e85207250b4a,c1f548efd9fc8b040fd45c4d3818d4b8,RJ,rio de janeiro,sports_leisure,104.0,16.49,120.49,delivered,2017-05-16 13:13:37,2017-06-07 00:00:00,2017-05-23 10:45:56
cd3f264de33e6d5f97fc058f8fec3958,359bacb2b5c52b4287667a7bc6c7bc63,PR,campo mourao,computers_accessories,177.0,16.45,193.45,delivered,2017-04-17 09:16:55,2017-05-10 00:00:00,2017-05-04 16:37:25
6baf552ae13caef8a6c9eacb206a8675,b18a527caaabad7c26509d9e12070c19,RJ,macae,industry_commerce_and_business,104.0,35.86,139.86,delivered,2018-04-16 08:27:34,2018-05-11 00:00:00,2018-04-20 22:05:17
38de0574ec7f3e1992532ff7b6344a7d,0103751df12aea8b962cfbcd2b61104c,SC,florianopolis,furniture_decor,19.9,15.1,35.0,delivered,2017-05-26 23:29:07,2017-06-28 00:00:00,2017-06-14 13:17:56
6826b252908053a75749a831b6e0eb83,ed36dc2377a9c0989112dd92845644cb,SP,batatais,bed_bath_table,159.9,16.75,176.65,delivered,2017-12-13 17:53:54,2018-01-08 00:00:00,2017-12-20 22:12:55
fb283edffd658a4805cb0e8bd4642bd8,cc954c8e5ea38fbda00c70db940577e5,MG,ouro branco,computers_accessories,349.0,18.2,367.2,delivered,2017-05-31 13:04:04,2017-06-23 00:00:00,2017-06-08 16:05:32
f11b36b3bc7bacf06deef862ed611f02,ad28944afc91824e30366a595654aaa4,SP,guaruja,bed_bath_table,109.9,14.86,124.76,delivered,2018-05-15 09:10:20,2018-05-30 00:00:00,2018-05-22 20:37:31
d575136ae1384bc45bd2c20dff0084dc,2495af2e14888212e0c3cf553f7f1099,RJ,rio de janeiro,toys,36.9,18.23,55.129999999999995,delivered,2018-03-25 17:18:33,2018-04-27 00:00:00,2018-04-24 18:18:50
ddd825e286b58aca3f41de496744dc1e,e2fbce001076ecbb2422c2b03e6e2a67,SP,sao paulo,sports_leisure,78.0,23.13,101.13,delivered,2018-05-29 09:41:15,2018-07-12 00:00:00,2018-06-07 20:22:24
bdd9b76103b5ce16eb842f7ef68cdc4e,0f694fd4f48c446b2c7d433a2fb9aaf3,SP,piracicaba,bed_bath_table,89.9,17.37,107.27000000000001,delivered,2017-03-01 17:02:09,2017-03-22 00:00:00,2017-03-09 11:27:49
035201c3c82a97f8a25dd6bd5244b2d5,be1401bbfd64455c798bb4683e915c61,RJ,rio de janeiro,luggage_accessories,89.99,45.09,135.07999999999998,delivered,2017-11-10 16:54:13,2017-12-04 00:00:00,2017-11-21 23:26:35
a949114fa0f52e4e6f29d71235868783,bec46d4f7dbf57b38055df36befed4e2,RJ,itatiaia,stationery,89.0,17.87,106.87,delivered,2018-02-11 00:55:34,2018-03-12 00:00:00,2018-03-02 00:38:44
d62dee82fbbff8937958215d8eddf5dd,3052fa07cdb3c836b158402ea4ee6fb8,SP,sao paulo,bed_bath_table,89.9,12.13,102.03,delivered,2017-07-09 08:58:27,2017-07-28 00:00:00,2017-07-21 12:44:38
797834b0b8c2be7b7033838ffead123a,ac77fe24cafe8920acab81d84b676fe9,SP,sao paulo,bed_bath_table,127.0,12.09,139.09,delivered,2018-01-27 02:16:40,2018-02-14 00:00:00,2018-02-05 15:02:46
40d107a58a8282eacb49320fb8657036,d767335b2aba2373545dcb199663aa3a,SP,sao paulo,sports_leisure,118.96,9.75,128.70999999999998,delivered,2018-03-09 12:01:29,2018-03-21 00:00:00,2018-03-19 16:18:35
6b57b46391a662adacf6841b5da8d084,e717c553c2b3baed9873e84dbb210f48,SP,sao paulo,construction_tools_construction,299.99,14.0,313.99,delivered,2018-05-29 23:14:39,2018-06-21 00:00:00,2018-06-04 10:44:51
94392cf6467d0d71ec5fcab718cf3094,53aefda7ff8c61644d09043810bbf79f,RJ,niteroi,computers_accessories,179.99,40.59,220.58,delivered,2018-01-05 22:22:05,2018-02-08 00:00:00,2018-01-29 18:38:40
7f4fc31e180fd06c1de45a945223f877,0c3ec1b0e0dbe9befcb520bc32ee7ef5,SC,jaragua do sul,auto,99.0,17.94,116.94,delivered,2017-07-04 06:27:25,2017-07-26 00:00:00,2017-07-11 18:12:04
20cea985bb2eb263b7abb5b2589a3f32,f03987fe583d584b9e503ce5ba9411de,SP,sao paulo,health_beauty,19.9,7.39,27.29,delivered,2018-04-15 15:24:21,2018-04-26 00:00:00,2018-04-19 19:28:26
6eb1445131218c4f6a6ef2d4960e4f51,80d0037495c69b62744f1c230b693c28,SP,sao paulo,furniture_decor,75.0,15.43,90.43,delivered,2018-06-03 12:53:11,2018-06-28 00:00:00,2018-06-15 11:14:25
8237087537c881d90057c801bfbbeb83,59c0b324d050ff3f4fa0312c494e2727,RJ,rio de janeiro,furniture_decor,119.9,20.08,139.98000000000002,delivered,2018-02-02 18:31:49,2018-03-05 00:00:00,2018-02-24 21:54:12
708e9dad5dc7867bc3c61cee01f1f311,8efe47cd0f34c081d09998929aed8e35,SP,sao bernardo do campo,baby,94.95,9.42,104.37,delivered,2018-08-21 16:35:30,2018-08-28 00:00:00,2018-08-23 18:34:46
147208dc7ffe7dc225aaf26e5e193b44,c2a6afebeb67b9627f2a2455b06cae1e,RS,dom pedrito,baby,43.0,16.11,59.11,delivered,2017-11-18 11:44:26,2017-12-19 00:00:00,2017-11-29 13:54:49
583d26399c28234b68343e4ec352842a,04baa28903e22974e6213e632b09c193,SP,sao paulo,sports_leisure,40.5,19.32,59.82,delivered,2018-06-04 16:04:10,2018-07-19 00:00:00,2018-06-11 21:21:42
465a9ee52befcd11131e1f522fce467f,b80f9541100e1e3389fc76ad9c6d57ee,SP,ribeirao preto,sports_leisure,168.0,12.91,180.91,delivered,2018-08-17 21:01:16,2018-08-23 00:00:00,2018-08-23 00:38:23
0347e77ba3ffb1d21339231e1f882b5c,357db15188917085133588f0fd96950e,SP,guarulhos,computers_accessories,69.9,12.62,82.52000000000001,delivered,2018-02-05 17:50:42,2018-03-09 00:00:00,2018-02-15 20:12:13
5e479fe6d021c55b96aa4799e9046634,0c7360e4c7109f897e18fedcec400ccf,SP,monte mor,furniture_decor,90.0,8.98,98.98,delivered,2018-03-21 10:18:04,2018-04-04 00:00:00,2018-03-23 21:52:32
ed0c78512dc9e32eb0120ff13b93a8fb,faaa6c0b29b44c0193ccd751b9212ca4,MG,belo horizonte,auto,238.9,29.86,268.76,delivered,2017-02-09 11:41:07,2017-03-10 00:00:00,2017-02-22 12:34:53
34eb48efa7e9b176505b9e6797f25a42,e75777ab515d2750cdc5124052a0dfee,PR,curitiba,health_beauty,527.9,21.8,549.6999999999999,delivered,2018-08-02 22:42:49,2018-08-24 00:00:00,2018-08-23 15:49:10
18b63a7615ed42ad3069b47278bdb298,4f8f02320c861f69ba365560a42a5f9a,PR,londrina,cool_stuff,59.9,19.66,79.56,delivered,2017-05-23 17:54:55,2017-06-19 00:00:00,2017-06-13 14:44:32
2d13948675eb090c15d5f89f0a98145e,490deddb79286c4373aaafa95b213568,MG,itambacuri,health_beauty,49.99,11.74,61.730000000000004,delivered,2017-04-07 01:04:34,2017-05-02 00:00:00,2017-04-18 06:58:07
c2ca2bb17ed706c909f7011c18b1ba98,1f33de2860252339c526feb6de7f1b91,MG,uba,cool_stuff,45.9,13.23,59.129999999999995,delivered,2017-10-01 19:37:59,2017-10-27 00:00:00,2017-10-30 17:52:19
a9d574fb4532cc54b608ac0218225ed3,e6d3a211ef39d127621ff7b413af85bd,SP,ubatuba,pet_shop,186.0,13.64,199.64,delivered,2017-12-29 11:08:04,2018-01-24 00:00:00,2018-01-23 20:17:09
b6700ed8b78e4b1cba7fbc83e0f5f831,3d922ff7603d8c4da860193e07f67ec1,DF,brasilia,health_beauty,99.0,11.66,110.66,delivered,2018-05-07 12:23:53,2018-05-24 00:00:00,2018-05-16 14:38:49
f736182b7b61b8d44835437f36f5a8c6,4bdaf5ec2f6bd2098a7c5a3f46c7d22f,SP,sao paulo,health_beauty,130.0,9.72,139.72,delivered,2017-12-06 19:27:04,2017-12-22 00:00:00,2017-12-08 22:22:19
87353bde98ae9505ac21bf4bc21b5d74,e735e37cd61b2377a46242f4f9a356d3,PR,umuarama,pet_shop,56.0,17.96,73.96000000000001,delivered,2018-02-10 12:37:45,2018-03-12 00:00:00,2018-02-23 15:13:14
296b1479f16b9b8b7ac30b42d5b35c49,66cb29267e1bdc78dd85b30452251579,SP,sao paulo,housewares,33.9,7.78,41.68,delivered,2017-10-16 13:30:58,2017-10-27 00:00:00,2017-10-18 21:02:39
4edd97a383a190e45e83c16cd6460d63,53f792efaba5dd404baad98e3644d634,RJ,rio de janeiro,unknown,13.3,15.1,28.4,delivered,2018-02-19 10:15:49,2018-03-12 00:00:00,2018-03-10 00:03:11
96872d026aa122a9e93957de1e58d427,1ed9af8c45976c98adac3f4a59ab262b,SP,osasco,art,139.99,14.37,154.36,delivered,2018-01-18 11:33:56,2018-02-02 00:00:00,2018-02-05 18:12:46
5041be22b500c33df76174a76efcb8e7,75d11497b37f311823bffccdb5ade9a2,SP,americana,health_beauty,110.32,7.64,117.96,delivered,2018-05-15 10:23:47,2018-05-28 00:00:00,2018-05-18 23:28:40
f49051d4b155a83c8d939a1c6a850689,b232059ba149ab19dc8cc9da42d37840,SP,piraju,home_confort,104.99,14.06,119.05,delivered,2017-09-08 16:38:41,2017-09-26 00:00:00,2017-09-19 10:27:58
a07d6a824e8ac93c9606f3311a30f462,d2a6aa99faadb190d4368eec3701df4d,SP,campinas,luggage_accessories,85.4,14.33,99.73,delivered,2017-09-22 08:21:55,2017-10-20 00:00:00,2017-10-01 12:12:18
4b707ea4e7c08fa1180bf92bede67da0,e90afe2da9e3db075bae22fb36d71f9b,SP,sao paulo,bed_bath_table,82.99,14.16,97.14999999999999,delivered,2018-06-18 12:05:30,2018-07-11 00:00:00,2018-06-25 21:48:22
20a0bafa4cc6e56fd5b827f46358e752,52d309747878947b1781fc69fdd6c984,MG,caratinga,toys,198.0,16.14,214.14,delivered,2017-12-02 23:58:37,2018-01-03 00:00:00,2017-12-19 21:15:04
09b010b4dba0b79a21a0505f234e44fb,c004624e104826546052d55f9357b0d1,SP,sao paulo,garden_tools,219.0,16.74,235.74,delivered,2017-04-07 15:47:19,2017-05-17 00:00:00,2017-04-17 11:28:07
d681e67cbf0c8f6d2b67a6b6871d7f50,b239b3d65726c187cdd7c52c94254db0,SP,sao paulo,luggage_accessories,109.9,24.05,133.95000000000002,delivered,2017-03-28 08:58:30,2017-04-17 00:00:00,2017-03-31 13:03:15
36df29e4671cdc14371883d209fed7dc,334dfd7b0dff57cd08832251985007e8,SP,campinas,telephony,17.0,8.29,25.29,delivered,2018-06-21 16:28:01,2018-07-04 00:00:00,2018-06-25 13:12:28
9117cb1453a713abe416e4bc1503b2e0,f27f9409ad0e2b0e4c17213638ef0379,SP,morungaba,furniture_decor,78.0,12.05,90.05,delivered,2017-07-25 13:19:46,2017-08-15 00:00:00,2017-08-01 19:04:35
294a163a5e62f051254e16cf0c98db6c,58a8d30167265cec9fd17af29435e3fd,SP,sao paulo,toys,159.99,15.88,175.87,delivered,2017-11-27 16:59:53,2017-12-18 00:00:00,2017-12-14 21:28:58
2372d0c3ea71f023b269f1c1ba34f675,c7d0a20c76156bfdb46296ff08c36537,SP,sao paulo,bed_bath_table,39.0,13.85,52.85,delivered,2018-08-08 17:42:30,2018-08-21 00:00:00,2018-08-13 18:19:37
49d6253d089579c970094bc6d510ebc8,8f9f69572f652df51c6fae62d5cd9476,MS,dourados,health_beauty,29.99,16.79,46.78,delivered,2017-12-11 23:20:34,2018-01-10 00:00:00,2018-01-08 21:33:52
26c2b0e7dd3eb988721bb042f783c80e,dfe96ce580a21f177c1d85fe2c78e1ab,RJ,rio de janeiro,sports_leisure,59.9,17.99,77.89,delivered,2017-08-02 08:58:27,2017-08-28 00:00:00,2017-08-10 18:16:37
e4dc8dc4e8f573a596b576458c01ce91,3f1a25a478961e0e1a1e777026236dc8,SP,sao paulo,electronics,20.0,8.29,28.29,delivered,2018-04-19 17:54:17,2018-05-10 00:00:00,2018-04-25 22:58:26
ec7d41a108fc32e99d2826b74617bfcf,08fc49193154721a4498d38335c9a77b,SP,jaguariuna,bed_bath_table,99.9,13.72,113.62,delivered,2017-11-26 18:01:54,2017-12-15 00:00:00,2017-12-09 15:44:45
b787106d477dcf42be86fc2e8eabdaab,74fb5bcd75ea556233c22200d3ac9c22,RJ,sao goncalo,agro_industry_and_commerce,269.9,24.43,294.33,delivered,2018-05-07 20:39:54,2018-05-30 00:00:00,2018-05-24 17:25:37
395286e0dd44e422c5f292567f0f694c,8c26a77dccfb9de3ea9e36048b53a09c,DF,brasilia,computers_accessories,129.0,58.76,187.76,delivered,2018-03-16 17:04:27,2018-04-10 00:00:00,2018-03-27 21:22:10
60aed0a4eba0e424eb3cac85017fd752,0b52c0db190fe9e3558ddcfa4407ea90,RN,sitio novo,computers_accessories,149.9,20.24,170.14000000000001,delivered,2018-06-18 13:07:05,2018-07-19 00:00:00,2018-06-22 23:08:29
8a73d5c259820a920b0a1bdd8dbaa6af,1a2cf47541f12c76b47a16f98dc1e126,MG,sao francisco,health_beauty,29.99,18.23,48.22,delivered,2018-03-09 11:12:29,2018-04-02 00:00:00,2018-04-10 11:31:54
5bebe0296b65287e94b489cd279782cc,c53487c25585fa559f629f5293b2eccf,SP,maua,perfumery,682.98,20.08,703.0600000000001,delivered,2018-08-17 11:51:36,2018-08-23 00:00:00,2018-08-22 18:21:40
c2d61723f3e69b1e2bb9cc9c638c0b5e,8672605892b455cfa79b6f69ca37d153,MG,carangola,bed_bath_table,84.9,23.39,108.29,delivered,2018-06-22 17:30:04,2018-07-19 00:00:00,2018-07-02 20:16:53
eee39147362c420a076b96cfe10c8154,f9279d6e21053d0ca015c69de903b453,SP,maua,computers_accessories,149.9,25.18,175.08,delivered,2018-06-02 19:19:00,2018-07-13 00:00:00,2018-06-11 21:28:38
5e71f5832e566171d43c90da65f506c4,94bfb520c0cb6ffd9f36aa7b75f0efe1,SP,jundiai,computers_accessories,144.95,18.26,163.20999999999998,delivered,2017-08-23 11:59:03,2017-09-15 00:00:00,2017-09-04 13:56:55
47e4c8c9420d2f409428aa0249dd2704,7d742fad5711f2905335c7129b63a718,PB,alagoinha,bed_bath_table,30.9,34.15,65.05,delivered,2017-12-19 21:19:38,2018-01-29 00:00:00,2018-01-15 15:37:21
689e8820798347950a2649f71c734bd0,4f2b39545ebc1f7457d44249f8d7fc7a,BA,salvador,fashion_bags_accessories,79.0,15.99,94.99,delivered,2017-10-12 10:25:23,2017-11-06 00:00:00,2017-10-31 16:37:34
bea4e26a5e3cb0a9eb16c8703a21a7d3,82ce4edd273acdd79680c741648b5811,GO,goiania,telephony,39.99,15.38,55.370000000000005,delivered,2018-08-21 08:52:26,2018-09-14 00:00:00,2018-08-29 20:11:53
53af57634ee9a4bc06b6b471e024daa1,fcc84de60fcc1e838eb5e13de372643d,PR,maringa,sports_leisure,146.0,19.99,165.99,delivered,2018-03-22 21:03:50,2018-04-13 00:00:00,2018-04-04 23:05:36
43f32db0dedd975e294e98ce23b24661,b25c74b16e09b4a3390a6db984004c44,SP,serra negra,computers,619.99,25.89,645.88,delivered,2018-05-11 17:08:52,2018-05-28 00:00:00,2018-05-21 22:47:46
9b45a289e3300fa64d3cd65f0b910d21,0056f26cb8f20916c3baa0e39fc30709,SP,osasco,bed_bath_table,92.9,16.33,109.23,delivered,2018-03-31 10:38:18,2018-04-18 00:00:00,2018-04-09 22:38:35
cb42f190850b7635860e5c9570d841cc,18e232174d7b28735519096f394a4e3f,CE,fortaleza,health_beauty,110.32,19.68,130.0,delivered,2018-06-14 08:23:28,2018-07-16 00:00:00,2018-07-10 21:03:57
8ef18fd729df2df941103728a3ff954d,be25daa3b561d7f7df48f6d1c50ed097,SP,sao paulo,musical_instruments,69.9,11.73,81.63000000000001,delivered,2017-06-22 15:36:58,2017-07-05 00:00:00,2017-06-27 12:33:13
3a1ce4053005d669ac4e0047a13573cf,69aedec762e21e5aaca6eba2e635dcfb,SP,sao bernardo do campo,housewares,19.9,8.89,28.79,delivered,2018-06-25 22:43:44,2018-07-16 00:00:00,2018-06-28 11:53:43
d8764a0bfdbd63c0dbcb665b8eafb7d8,c8d499fd34360bfb33eb2d7dab386445,SP,guarulhos,bed_bath_table,99.9,13.72,113.62,delivered,2017-10-19 12:09:46,2017-11-07 00:00:00,2017-10-25 19:04:07
641260b6b13348c1853886a738a7f9b0,24d27f115e367d9129a0e7a7a5d36866,MG,nova lima,perfumery,369.9,18.35,388.25,delivered,2017-10-29 22:02:15,2017-11-23 00:00:00,2017-11-10 22:58:43
c5c8d33a3102ffa7d6fe4072ddf0ea8e,600b095965c455653716468d65c234cf,PE,recife,health_beauty,64.99,19.37,84.36,delivered,2018-08-03 02:57:12,2018-09-04 00:00:00,2018-08-13 21:04:24
7ca8f2556a9744a905d8f831fe60e39e,c493a6f252752d99465b8fe3271a3429,RS,porto alegre,health_beauty,73.8,18.32,92.12,delivered,2018-05-13 21:41:04,2018-06-06 00:00:00,2018-05-22 12:16:32
008819c6d5f6da6fa5cd9d50ca927cf4,f3591ae7686317e84ebbf646bedf3e24,SP,sao paulo,watches_gifts,55.0,7.65,62.65,delivered,2018-08-04 21:40:35,2018-08-09 00:00:00,2018-08-07 20:12:22
d1a3dc85b893b90e5197eb1423449276,36b680ba516567bbbddcd935cbdeabc9,SP,vargem grande do sul,garden_tools,89.99,45.09,135.07999999999998,delivered,2017-12-18 09:57:35,2018-01-18 00:00:00,2018-01-03 16:08:39
a7ef7ca02054a53c7236c868d59acedb,d6aea8f3f6d742744ad1960d748489b8,MG,uberlandia,housewares,56.06,19.25,75.31,delivered,2017-09-13 22:26:26,2017-10-04 00:00:00,2017-09-21 19:34:24
01144cadcf64b6427f0a6580a3033220,366516219e06d4f39db335aaea72120e,SP,viradouro,health_beauty,62.0,24.7,86.7,delivered,2018-02-03 00:01:19,2018-03-12 00:00:00,2018-02-14 15:10:03
a140c8837fe93faea735fdb258215911,1c5cbe9cbf4551e15b5c3d345239af8a,MG,belo horizonte,food_drink,570.0,21.87,591.87,delivered,2018-03-13 13:58:19,2018-04-03 00:00:00,2018-04-03 02:52:50
81a7125e95ebd20c40de58599400fa57,dd94062410a20a56b8361c5215135509,SP,sao paulo,toys,42.99,8.72,51.71,delivered,2017-03-11 17:00:35,2017-03-30 00:00:00,2017-03-21 05:13:51
7d8c56933c6ce485f917af297ea41acc,41b655853debeb4ffdaa237325f1fe8e,SP,sao paulo,housewares,110.0,11.39,121.39,delivered,2018-05-04 19:38:37,2018-05-18 00:00:00,2018-05-09 18:14:38
d76d5288b928495e3f607a9901f4daf7,7463761aef43c2bf9b44ba212f8d7c9d,SP,sao bernardo do campo,health_beauty,339.99,13.77,353.76,delivered,2017-02-20 14:08:36,2017-03-23 00:00:00,2017-03-01 14:09:10
784a38e6df598963bf1d5e1b633eca5c,3aec9c5f3d62cad53b6de5fe84ece768,SC,sao joaquim,drinks,55.49,16.15,71.64,delivered,2017-12-28 15:13:20,2018-01-31 00:00:00,2018-01-08 16:27:43
03c1d25d82f404ea1fdfae8eb0b4c314,88f4f2cc2cc3f7c3e8cd20d5e592424a,RJ,rio de janeiro,computers_accessories,99.9,17.14,117.04,delivered,2018-01-22 10:28:04,2018-02-19 00:00:00,2018-02-01 21:48:25
61af446d4e7b09c62e2f43501be438f1,bee4558c93c983fdb28139b05afcdc09,RS,bage,health_beauty,42.9,13.64,56.54,delivered,2018-08-14 09:08:46,2018-08-30 00:00:00,2018-08-22 23:55:27
b86237ab8ac8a32159a965fced9e9948,52f363e552b7f70d376e9d365b87fb88,SP,indaiatuba,health_beauty,66.99,27.53,94.52,delivered,2018-06-11 12:34:45,2018-07-16 00:00:00,2018-06-19 16:38:54
f9eb516475260ab01f33937aac3cfd40,8eea32e5fa9d1d7ff95e40062060680e,SP,santos,furniture_decor,39.9,12.23,52.129999999999995,delivered,2017-11-27 12:41:22,2017-12-11 00:00:00,2017-12-04 19:16:45
f4a291980c5b03cc5d41ced6b0407be3,e014d8299dbdb7f7329be5e5fa637d15,SP,sorocaba,furniture_decor,24.9,11.74,36.64,delivered,2017-03-28 13:03:50,2017-04-17 00:00:00,2017-04-05 15:42:59
167817eea845fe951cd38865b1494af5,63af55307fe5360d1005f03999b261e7,SP,cruzeiro,luggage_accessories,89.9,38.38,128.28,delivered,2017-06-13 16:45:26,2017-07-04 00:00:00,2017-06-28 17:03:12
a978d6eb16b0dd287c64cf99680c15e9,367f810d77e192e1440edd2afa6b07cd,PA,altamira,health_beauty,209.99,25.96,235.95000000000002,delivered,2017-02-06 22:02:37,2017-03-27 00:00:00,2017-02-20 16:42:25
c7e3603d9e577642558373a0e3eed860,040dc1ab0fe089423e1d53a50be09a28,DF,brasilia,sports_leisure,109.0,15.51,124.51,delivered,2018-02-09 19:55:27,2018-04-19 00:00:00,2018-03-03 00:28:44
a78c0962e6a2425978965be2eabb31f8,6cb8df9c62d9348289dc83231d60d294,SP,sao paulo,computers_accessories,65.9,13.8,79.7,delivered,2018-07-23 13:20:40,2018-08-16 00:00:00,2018-08-02 23:51:42
22fe31bf1bf44c90b163dcc745fa1aa7,a29b74efe0e40a55562f8e8a05db5168,RS,santa maria,health_beauty,199.65,17.84,217.49,delivered,2018-01-25 19:29:16,2018-02-22 00:00:00,2018-02-09 18:27:07
d249d420eb15829afbff9cc458eddcbd,0926d4dd8cc61fdc1254373bc7cf030c,MG,sao joao del rei,housewares,129.0,23.67,152.67000000000002,delivered,2018-06-02 07:54:58,2018-07-05 00:00:00,2018-06-13 12:12:43
ccb493a84cad1ba5ce523d205f00d987,e6ec799a16760c123b457118061484e2,SC,blumenau,auto,34.9,8.93,43.83,delivered,2018-06-30 17:06:42,2018-07-17 00:00:00,2018-07-03 21:47:00
ef1576732b4172617fa2e2bf688428e8,6b581771d162e6a0463cc44b333323d3,PR,pinhao,toys,299.99,22.59,322.58,delivered,2017-11-19 15:19:57,2017-12-14 00:00:00,2017-11-30 19:17:25
791694f9f32bf69188171d1c43b61019,13f861a5502c71abc0a6902af8ae1252,RS,porto alegre,furniture_decor,69.9,14.24,84.14,delivered,2017-06-23 14:31:09,2017-07-20 00:00:00,2017-07-01 09:12:14
0743b54da8ffd8f7f9fe79fcaf006000,acc374bd9024806a83121b1d2565db2f,RS,rio grande,books_general_interest,115.0,15.56,130.56,delivered,2017-06-22 19:51:20,2017-07-14 00:00:00,2017-07-05 13:38:32
121c021cac6c38526b5867627eadcb0c,0d752bd67ec055ad6d2082279af5bda1,SP,carapicuiba,bed_bath_table,39.99,5.23,45.22,delivered,2018-04-27 19:29:18,2018-05-25 00:00:00,2018-05-07 20:03:32
9b89cca19e5d0e3f239ba4f8cb120d99,0d9adda6fe5e289ab3e35e3a88281f76,RJ,niteroi,fixed_telephony,119.9,16.81,136.71,delivered,2018-03-19 15:54:43,2018-04-09 00:00:00,2018-04-06 23:36:33
71c4b7b8844a031b7db8ca41c41d4aae,6ca7990c03b703e57401911433372d1e,RS,sarandi,sports_leisure,34.49,15.1,49.59,delivered,2017-09-03 20:52:34,2017-10-03 00:00:00,2017-09-14 15:49:47
1126e8ce51fcc395870c8fabcf7de709,ad3865b06077d4271c1968dd91f76aa7,SP,sao paulo,furniture_decor,42.99,11.32,54.31,delivered,2018-08-01 21:53:01,2018-08-07 00:00:00,2018-08-08 20:22:36
c70d255a582e4ffcdf4bbe6bb0ffdc12,b5d7ca7682fea3d714991982983f5035,RS,alvorada,toys,59.9,15.17,75.07,delivered,2017-07-26 15:20:13,2017-08-17 00:00:00,2017-08-03 16:59:51
2bcca46cc41a77cd84a4bdc700411b14,6c77b3def5fdeb852ee4407969de9838,SP,igarata,bed_bath_table,87.0,23.55,110.55,delivered,2018-08-15 19:58:58,2018-08-30 00:00:00,2018-08-22 14:28:32
ebc8d4b1397747291b758772e9d87984,1a2d84203a039be469e1e754f4b8b0b2,ES,cariacica,cool_stuff,89.99,18.21,108.19999999999999,delivered,2018-04-10 16:22:27,2018-05-04 00:00:00,2018-04-23 13:47:49
78c13513d30056e98c389d49a5634361,df66dc33d43a8138a1eba6b98809c029,SP,itanhaem,costruction_tools_garden,34.89,18.43,53.32,delivered,2018-06-02 20:46:04,2018-07-05 00:00:00,2018-06-26 18:16:35
1ddab242ec2aa2eb0c3c44bf6002dfe9,279cff9b9d6c8587d0267ae1b9e365a5,SP,sao paulo,telephony,39.99,1.34,41.330000000000005,delivered,2018-06-04 23:20:11,2018-06-28 00:00:00,2018-06-06 16:33:36
8f1b87d8fb573caa3a4f426564eb3e8d,309564eb1616e1560aff4e88ddca45bf,SP,salto de pirapora,housewares,41.8,13.71,55.51,delivered,2018-05-18 14:36:21,2018-06-04 00:00:00,2018-06-01 17:57:28
b817f6c3399d06c7629a445527b463dd,36460430131688c58d6698651f6f26a0,RJ,rio das ostras,sports_leisure,19.99,16.11,36.099999999999994,invoiced,2017-11-23 23:10:38,2017-12-18 00:00:00,
c2d2c80fb18401b6b761d887e378676f,23d83aae8643744884d8e64678220754,PR,maringa,cool_stuff,29.0,25.63,54.629999999999995,delivered,2017-11-26 21:08:23,2017-12-20 00:00:00,2017-12-05 16:49:15
bd81ffff0f0fbc533b7f763812cecf34,ce57c0acd13c5d9d052950d98492df93,SP,sao carlos,cool_stuff,21.9,18.23,40.129999999999995,delivered,2018-05-13 20:04:39,2018-05-29 00:00:00,2018-05-17 17:38:30
39db680b351ff2d7cff66f66d73083d1,3b8fa5764ce2909afcc708128463da8f,ES,vitoria,baby,29.99,18.23,48.22,delivered,2018-05-03 16:21:45,2018-05-28 00:00:00,2018-05-14 20:37:25
89c0fa1e0faaf0980311b9a1fbd5bb4e,73c5b85fe757c062a7ccad81e81635ee,RJ,petropolis,computers_accessories,69.9,16.25,86.15,delivered,2017-12-26 11:54:41,2018-01-23 00:00:00,2018-01-16 18:36:43
adaf9c2200eccede886e041415e89df1,e470037a6f8f4d58dcedbdbc9e232865,SP,sao paulo,consoles_games,43.5,9.34,52.84,delivered,2017-10-09 20:57:37,2017-10-23 00:00:00,2017-10-14 00:59:58
d035bb29ea5accfdb6e0c4b6925651cb,7910ceff3751cb10f8d0d1d663784fa2,RN,natal,baby,250.0,26.1,276.1,delivered,2018-07-29 18:45:40,2018-08-15 00:00:00,2018-08-06 11:26:34
d2b0e9ad3eb702103a07a98fb24ef49c,6e90b8bc3398f3bec616203e99bb969a,SP,sumare,health_beauty,39.0,7.78,46.78,delivered,2017-12-13 17:12:13,2018-01-02 00:00:00,2017-12-19 19:42:36
9973f9740bab3248c510c83fb2a8960f,7fb1599a88a6b7d15f100b29908d25bd,SP,sao bernardo do campo,auto,62.9,8.88,71.78,delivered,2018-05-18 09:49:56,2018-05-28 00:00:00,2018-05-22 17:39:39
b20c4853eeabf3094cf40ce7fcacacca,e35aa88a073eeb1cb59d10fd78103dca,PR,ortigueira,stationery,139.9,16.74,156.64000000000001,delivered,2017-07-21 15:20:47,2017-08-14 00:00:00,2017-08-01 20:59:27
fa962e76e50f3469ae2abfa54e6d5be0,5b7724b62e5a4740a84759766904e425,SP,sao paulo,auto,43.7,7.57,51.27,delivered,2018-07-22 13:07:02,2018-07-31 00:00:00,2018-07-25 18:21:18
936a0b6b0c174a80b59e8357f5f94e6e,3400f61105605d1ae80dd5a7f36e589f,BA,iraquara,bed_bath_table,48.9,17.92,66.82,delivered,2017-11-24 09:14:38,2017-12-26 00:00:00,2017-12-19 00:23:28
605c8d6c4fd713a7d4315efb447367ef,b9db619720babf0974d65bc0f720c1fe,SP,taubate,consoles_games,67.0,9.27,76.27,delivered,2017-07-03 10:25:36,2017-07-18 00:00:00,2017-07-05 17:27:19
c58f1f94f5d3c37128710cee5f687598,51ec3bc37c5f58ab949936efb7ec029f,DF,brasilia,sports_leisure,181.0,21.76,202.76,delivered,2017-11-24 00:32:41,2017-12-21 00:00:00,2017-12-05 18:15:48
6fc1f769bfeb1481960874a33a43c449,dcf453c00c20641ee67935b3783ff20a,SP,birigui,watches_gifts,117.9,18.93,136.83,delivered,2018-07-01 21:39:57,2018-07-30 00:00:00,2018-07-05 15:03:36
5aca40f90bd2bb6a441b083a2e215d50,6c5ef86cc5f9f8ec6ee9fdf1b080d54a,MG,sabara,watches_gifts,19.9,16.11,36.01,delivered,2017-10-07 09:04:37,2017-11-08 00:00:00,2017-10-19 23:17:42
89dfba99bc6a9836761392161809f4c7,a40a35483edb3ef0e55dacdee7c9fae3,MG,itacarambi,computers_accessories,149.9,20.72,170.62,delivered,2018-05-15 12:44:31,2018-06-12 00:00:00,2018-05-29 05:24:56
5b5028d53cd0fe5647fe4968399194aa,7159bd2dfc1acca978f4621d33b7b86c,CE,fortaleza,bed_bath_table,55.99,26.93,82.92,delivered,2018-02-18 12:29:09,2018-03-16 00:00:00,2018-03-16 21:35:48
85f8ffb0071e850ecba540ba938f32a9,664fe7916cb8709c6b848383c6361dcc,SP,maua,perfumery,289.9,16.2,306.09999999999997,delivered,2017-03-16 20:04:07,2017-04-06 00:00:00,2017-03-22 19:48:52
deb3c789caa8b0587a5117cba27cd8b9,bf1bffa68b04a3202218f069ae984f8f,BA,jacaraci,health_beauty,440.0,26.01,466.01,delivered,2018-04-26 18:02:59,2018-05-28 00:00:00,2018-06-13 19:18:44
2e84d66424ec0ddb081078d1411fb1db,6390d97ae2f3c536d8a95344fd308a71,SP,sao jose dos campos,furniture_decor,59.5,17.16,76.66,delivered,2017-01-19 16:17:57,2017-03-01 00:00:00,2017-01-27 16:07:50
fb89dbec79bc8b1f0d12165058cb1cb3,4ce0576b07cb50460ec8226b4efae247,RJ,rio de janeiro,sports_leisure,135.0,19.49,154.49,delivered,2018-02-24 13:28:11,2018-03-21 00:00:00,2018-03-08 19:44:28
ec7fe8ab2dc8752a229cd9a28a91bc57,c350801363d38ed9f5e24285c188d922,RJ,rio de janeiro,furniture_decor,19.9,15.1,35.0,delivered,2017-05-09 16:33:36,2017-05-31 00:00:00,2017-05-25 11:26:57
03a579c0699b16c6fc6d5db022a6e85a,905d91d27b7c99c5e69a9eb734c129ae,RJ,rio de janeiro,toys,299.99,14.93,314.92,delivered,2017-11-30 19:56:14,2017-12-18 00:00:00,2017-12-05 19:32:13
d8ff321383376dc17f0dc69b56fecffe,fb8c74f4449e5a62e3c1296f75304ae1,MG,alfenas,construction_tools_construction,99.9,12.14,112.04,delivered,2018-02-08 19:05:16,2018-03-12 00:00:00,2018-02-16 17:16:55
2eebfe86623a5c27b603e640e96d8c80,5f79947a78a669b99740c292bbe11ac2,RS,butia,toys,649.9,23.79,673.6899999999999,delivered,2017-11-17 22:40:22,2017-12-12 00:00:00,2017-12-01 19:17:03
b44133e0f26a28702b5e18b9c795efe7,b80cb983207c2e69ac0a94ed1f70e72f,CE,trairi,musical_instruments,199.0,27.93,226.93,delivered,2018-01-06 19:34:15,2018-02-09 00:00:00,2018-01-23 18:48:30
e32ebf133fb19cafd04315ff6d108047,da2a4fa0e6fbed8edc581e7f035e2bc8,RS,flores da cunha,housewares,113.89,23.38,137.27,delivered,2018-04-10 21:47:20,2018-05-08 00:00:00,2018-04-17 18:57:29
588744e58324f97535572e7444a87001,23f9cd391b84e5d366f44e8261a3a8d2,SP,sao paulo,perfumery,56.99,8.72,65.71000000000001,delivered,2017-10-12 21:47:12,2017-10-30 00:00:00,2017-10-18 22:32:10
c602154123d0956a6fa53e0267b25bd8,00b246520d4904724f9b20188a2ff39b,BA,belo campo,health_beauty,12.99,22.06,35.05,delivered,2018-06-02 14:02:44,2018-07-19 00:00:00,2018-07-09 09:34:27
200f4d883fcc701355e46b8c6035743f,45a529e4af8f502a189094332e8ed24e,RS,veranopolis,furniture_decor,19.9,8.33,28.229999999999997,delivered,2017-01-15 23:25:23,2017-03-13 00:00:00,2017-01-27 10:32:30
c80454d8f4c7472827a5b2ec53cf85e5,9a5c4df1326945af470ac50fa853441b,SP,assis,fixed_telephony,44.0,11.85,55.85,delivered,2017-08-11 15:52:07,2017-08-31 00:00:00,2017-08-23 11:58:17
7f97f025c45cac922275120fdee4e062,e81dd1589aadf99b5c59c15289de5df0,SP,cacapava,health_beauty,23.9,10.96,34.86,delivered,2017-02-07 12:01:07,2017-03-02 00:00:00,2017-02-17 17:06:01
667f0b8cc6b5403505c451a200a9bd28,f09251dec40df7c4d1a57b73e8b35f74,RJ,rio de janeiro,auto,99.0,21.99,120.99,delivered,2018-08-11 08:49:33,2018-08-28 00:00:00,2018-08-20 23:50:44
5986af0c84c245048bb86d39d66fe3c1,acdf151c13d2b00f6623ab42d918a8e2,MG,lagoa santa,watches_gifts,99.9,0.0,99.9,delivered,2018-04-26 13:52:26,2018-05-25 00:00:00,2018-05-05 19:07:53
ca9e949cdccd6ccd93a7d31c7bbb90ae,e1f1862e74270220628e76ecc8d68f98,DF,taguatinga,housewares,24.9,15.1,40.0,delivered,2017-07-31 17:29:07,2017-08-22 00:00:00,2017-08-09 16:13:52
b25df6caf94e05493b149caf63473f1a,9ec85a417088c66f964cb3832cebc365,SP,carapicuiba,auto,69.9,13.51,83.41000000000001,delivered,2018-01-19 13:37:50,2018-02-09 00:00:00,2018-01-24 22:07:59
74a9eccbfd3a3b0754469cd587ee4920,4a1c2fd9f076942cb348b81e6841d3d0,SP,sao paulo,perfumery,159.0,7.98,166.98,delivered,2018-06-01 16:43:48,2018-06-26 00:00:00,2018-06-05 17:26:47
2e0c591aeea96a822de207d1a2a5de9a,f12b71c6e234e45a85bac3b4f6d9273b,RJ,california da barra,air_conditioning,226.9,26.43,253.33,delivered,2017-08-19 10:43:53,2017-09-20 00:00:00,2017-09-02 11:44:54
17825f24877a9289214c301ae0c9424b,7f3a72e8f988c6e735ba118d54f47458,SP,sao paulo,bed_bath_table,89.9,12.13,102.03,delivered,2017-05-11 13:48:47,2017-05-30 00:00:00,2017-06-07 12:02:14
c8e2288c4eab2cbafdf32fbde78f5a0e,ffe96201d466b0e0dc8139850be29d5d,RS,pelotas,construction_tools_lights,29.9,18.31,48.209999999999994,delivered,2018-07-16 16:35:30,2018-07-31 00:00:00,2018-07-23 15:51:36
40bd3f61e145286843c42286ac7bab0e,65642d132e2747e10e1d2d00005aa20e,SP,rancharia,telephony,24.99,12.79,37.78,delivered,2018-03-06 22:59:29,2018-03-22 00:00:00,2018-03-20 17:42:31
e650080e8d5ef14f87c849fa64fdbc85,00bcc55fd3eb23fc001365c5f0c3c3ba,SP,praia grande,electronics,9.0,7.78,16.78,delivered,2018-02-05 18:08:41,2018-02-21 00:00:00,2018-02-08 17:08:56
0fb0b963405fa1541484c2f8893b04e0,1d3de5f6f995315265b8f2047476b3f7,SP,ribeirao preto,construction_tools_lights,320.0,40.99,360.99,delivered,2018-08-16 15:32:28,2018-09-18 00:00:00,2018-08-23 23:38:30
fc50fee6054e9b82a376cae3bdc097f0,7cc23ec3506e4e1e67d0702da04a734c,RJ,italva,furniture_decor,21.9,15.1,37.0,delivered,2017-07-05 17:47:33,2017-07-27 00:00:00,2017-07-21 10:33:53
2356e9b211b952c07f32b7addb1250fa,defd12bce0026494f1da3b4ed5484d93,SP,igarapava,electronics,19.9,15.1,35.0,delivered,2017-10-30 13:28:30,2017-11-27 00:00:00,2017-11-10 23:34:48
a3df0981c7418c75ec3e64bcbaf4b82c,c4826f7bbaae77563603cb985322875f,SP,barueri,furniture_living_room,125.9,17.62,143.52,delivered,2017-11-24 00:28:30,2017-12-11 00:00:00,2017-11-30 19:18:36
cb16d44b781c5ad67de1aa0454fade88,aa36550268e01de2536999cd0add273c,SP,guarulhos,watches_gifts,489.99,11.62,501.61,delivered,2018-03-04 14:01:08,2018-03-15 00:00:00,2018-03-08 17:28:40
1124e4ebba42a10ac32ef40dd8dd6475,4193c3b925c28a8bed29a97e6f30421e,SP,guaruja,bed_bath_table,39.0,13.85,52.85,delivered,2018-08-08 00:01:34,2018-08-16 00:00:00,2018-08-14 19:51:53
73d6995833620101fc0275c451f6f9e2,970496f821706156cc723e56404f3eeb,DF,brasilia,furniture_living_room,120.0,29.1,149.1,delivered,2018-04-18 08:20:29,2018-05-17 00:00:00,2018-04-26 17:36:53
1edc3863beec62b1bd5e3fca2eb64c53,78911f9f3ff8b99a272b39a458a9120b,SP,sao caetano do sul,sports_leisure,15.0,13.48,28.48,delivered,2018-08-20 17:18:50,2018-09-04 00:00:00,2018-08-25 16:54:43
4abe4e3e946e22c0f181765f83b2579b,35b2d70f1cb8c513340cd874d7a6cea0,CE,baturite,telephony,39.99,37.04,77.03,delivered,2018-03-25 16:21:32,2018-04-23 00:00:00,2018-04-12 18:27:26
5d6e04a5abfffe286806a9e6b296eb1b,13b0abde07086c41995ef939869c2bd4,SP,diadema,garden_tools,24.9,7.43,32.33,delivered,2018-07-23 16:32:54,2018-07-31 00:00:00,2018-07-26 16:58:37
8d49bed8f03eff2e3595adfc9043a4f9,c80f174f89ac4e9b08ef6b44d3e9535c,MG,belo horizonte,watches_gifts,519.0,19.6,538.6,delivered,2018-04-18 14:47:52,2018-05-08 00:00:00,2018-04-23 18:22:44
52324f390c9414a6c6b4a2f1b24964b4,31c014df5bd50caf330d47c60a7b485c,PI,guadalupe,watches_gifts,399.9,36.6,436.5,delivered,2017-08-03 13:00:11,2017-09-06 00:00:00,2017-08-11 19:24:29
293cc84f84b10fcc962fb304ff3fdc8a,ee762d128dc459cd6be2257f85653b60,SP,sao paulo,agro_industry_and_commerce,1180.0,19.47,1199.47,delivered,2017-07-14 20:33:31,2017-07-27 00:00:00,2017-07-19 13:44:56
1620281609b2789ef7989b3265834051,c4effc584d76195ec38211de5bb86990,SP,sao paulo,sports_leisure,136.0,9.11,145.11,delivered,2018-06-15 23:32:07,2018-06-28 00:00:00,2018-06-19 15:41:21
caff85e7dc33e7dad852a50bb19bba72,9283ff2e613551b2e88edd593d46d3cd,MG,belo horizonte,bed_bath_table,157.0,21.94,178.94,delivered,2017-09-16 17:28:17,2017-10-09 00:00:00,2017-09-22 19:59:54
d8c2d5ded5aae20ac6a6e9ef34d9c3dd,821e75291b1ad362e614c0ea79fc95a6,SP,itaquaquecetuba,health_beauty,160.0,19.22,179.22,delivered,2018-07-23 01:03:24,2018-08-09 00:00:00,2018-07-30 18:29:45
481a51f75cdfb2f0a592648739dfb8cf,d895e73cbdd24adf73f5ce77df2b7ef5,SP,cabralia paulista,health_beauty,47.49,11.85,59.34,delivered,2017-12-28 16:26:41,2018-01-23 00:00:00,2018-01-17 22:05:45
500e119c1ffc702e84371d25d5b29f96,bf5de30091dc9930de23dc94cb024ace,MG,uba,stationery,89.0,17.87,106.87,delivered,2018-02-01 09:11:36,2018-03-02 00:00:00,2018-02-21 23:43:41
30fd7baf715c4bcd55f1a39c84e56b1d,79f702881c53df79e17ca351f94d9eec,BA,feira de santana,consoles_games,24.5,16.79,41.29,delivered,2017-11-09 00:12:14,2017-12-06 00:00:00,2017-11-28 21:58:07
9df65e0ad2cbfa0485262629bb2b6605,a4214e8ca6af8a29515bc907ddff8256,SC,rio do sul,bed_bath_table,57.5,15.15,72.65,delivered,2018-02-20 09:43:30,2018-03-16 00:00:00,2018-03-20 18:12:24
4d08708987ff622fdea3796bd99fdad1,a451fe37713d1837aeac9a0a991a862a,SP,americana,telephony,27.99,7.78,35.769999999999996,delivered,2018-02-17 12:25:47,2018-03-06 00:00:00,2018-02-23 23:29:20
76f27a60facc0c9b7ee8344eeb60c7a1,845e308a79e5ea49e577406abaed2844,SP,campinas,health_beauty,935.0,22.8,957.8,delivered,2017-11-24 23:59:24,2017-12-18 00:00:00,2017-12-05 23:46:54
a823e340670fb72aaeea0c7aa697212a,5d24e5538f4cebde02593b5e393b6138,RO,jaru,baby,169.0,38.73,207.73,delivered,2017-10-19 11:58:03,2017-11-28 00:00:00,2017-11-04 00:05:41
05cece27facc8007b2952d0b5bbfe9d6,75d82b28131f1ba46370b70141b7e222,SC,chapeco,electronics,11.55,15.1,26.65,delivered,2018-01-26 14:09:20,2018-02-22 00:00:00,2018-02-08 16:12:43
b8e050c168370eed245ccf612471a597,c39cba687c7732b71518a21ecc2cb4b2,SP,tupa,watches_gifts,219.9,14.56,234.46,delivered,2017-12-01 08:43:40,2017-12-26 00:00:00,2017-12-12 23:14:53
326aeb6a8be7b282c4d5cfba7ff0a072,4bd18f5e75411f3c7bb691f763b2be0d,PE,jupi,health_beauty,325.0,27.55,352.55,delivered,2017-11-23 20:20:10,2017-12-26 00:00:00,2017-11-30 23:48:32
71dab1155600756af6de79de92e712e3,eae0a83d752b1dd32697e0e7b4221656,BA,cicero dantas,office_furniture,76.99,40.69,117.67999999999999,delivered,2018-02-01 18:32:02,2018-03-22 00:00:00,2018-03-12 18:58:21
a536641274ad7eca34443ef56220524d,4db313417e7cbedc8497db52699c58eb,SP,sao paulo,bed_bath_table,56.99,13.98,70.97,delivered,2018-07-06 20:55:07,2018-07-25 00:00:00,2018-07-14 11:07:42
bfd2cf5a993d1f386d0ba7fe0cfe6b7e,5fd82666f1e64606820d24e3fbb5d160,SP,sao paulo,furniture_decor,75.0,13.08,88.08,delivered,2017-11-10 14:15:44,2017-11-27 00:00:00,2017-11-20 19:12:23
5c424723e6c31ecf7f61cf7b048c11d5,15ba9bd3457d36c576ef7cdfe3db3b1a,SP,mogi das cruzes,bed_bath_table,180.0,12.47,192.47,delivered,2018-01-23 14:50:23,2018-02-07 00:00:00,2018-01-25 15:07:03
a0fa0b83af43ae62c675850384f13cdc,5c97a78a32251458dac4d675c872a9ce,RJ,rio de janeiro,home_appliances,34.0,15.1,49.1,delivered,2017-05-27 19:48:13,2017-06-21 00:00:00,2017-06-07 16:41:23
343e0513a040565d012874605c433ca4,766b303e0dadc92d997f5253e541efbb,SP,franca,sports_leisure,49.99,17.6,67.59,delivered,2017-08-27 19:35:52,2017-09-19 00:00:00,2017-09-05 20:41:41
2434ed9a60fa201e6abb47734b414775,5a517af207a42cf2a60b5379f30e21aa,SP,caraguatatuba,health_beauty,36.9,11.85,48.75,delivered,2018-01-22 15:19:25,2018-02-14 00:00:00,2018-01-31 21:37:03
53e92c6a182704806c0b00b02f89ad32,2ff1b818fb048c44dc6629f013cceae6,BA,itabuna,furniture_living_room,79.9,17.0,96.9,delivered,2017-08-04 15:17:18,2017-09-08 00:00:00,2017-08-28 16:32:47
9c64b3536fb98572dd79bdaaab529f2f,6ba5b2dcb81470882212da717a171539,SP,sao paulo,bed_bath_table,29.99,19.82,49.81,delivered,2018-08-09 11:22:34,2018-08-22 00:00:00,2018-08-21 14:59:35
16180652c3b2890c8cc7a24b68663fc9,adc4db687c16e09845f414d822e96849,SP,sumare,telephony,20.99,7.78,28.77,delivered,2018-02-24 07:06:10,2018-03-12 00:00:00,2018-03-05 21:07:24
9a1d40af77296d2106a872c60ec7d3b4,fc0df3222950bac40998531054db630a,RJ,angra dos reis,auto,129.0,50.77,179.77,delivered,2017-10-20 09:36:36,2017-11-22 00:00:00,2017-11-03 19:53:00
d44bd377d793dc513e7cc2bdcd42488c,2864a61fd48b467734363359fb9d513f,SP,indaiatuba,health_beauty,79.99,7.82,87.81,delivered,2018-08-23 19:18:28,2018-08-30 00:00:00,2018-08-28 14:17:35
674156fdc5d457a8a102110b27e89e07,1ded33854a42ea16167f3adfbb7ed068,SP,hortolandia,housewares,23.9,10.96,34.86,delivered,2017-04-07 15:49:49,2017-05-02 00:00:00,2017-04-18 08:35:30
138db286991b7cc18370680e5f5154da,6576977872dd65f5b680e944afe3a724,PE,recife,fashion_bags_accessories,39.99,25.63,65.62,delivered,2017-09-08 00:05:47,2017-10-04 00:00:00,2017-09-21 17:49:06
123bf681d8f2bbf410339ccef14d9c42,de82de596de00f1b35a21443dc496c23,MG,sao joao do manteninha,watches_gifts,117.0,18.92,135.92000000000002,delivered,2018-07-04 13:31:42,2018-07-30 00:00:00,2018-07-24 13:12:38
146f83fbe74a8608adecd4b19c1597fb,175d66dd9a312a63f9082689fa7b665c,SP,santa barbara d'oeste,health_beauty,47.65,7.39,55.04,delivered,2018-03-22 13:41:17,2018-04-04 00:00:00,2018-03-28 19:28:30
94ffe890849e36497cc049800e759c0e,267fa579eaa7f06e13741936dbb4b957,SP,santos,sports_leisure,28.33,11.85,40.18,delivered,2017-06-02 20:43:42,2017-06-23 00:00:00,2017-06-14 21:46:44
62ce4e3989a3477928510bb4d1064cc4,1b277f8bf9377e4d88b9022df406e9a6,SP,limeira,furniture_decor,32.0,9.99,41.99,delivered,2018-07-19 01:35:59,2018-08-06 00:00:00,2018-07-25 19:41:27
bf95c697c3c00b2cc649e5677c639b79,1098a76a6dfe7d525b51ddd8903d3248,RS,pelotas,stationery,79.9,13.58,93.48,delivered,2018-01-22 22:39:42,2018-02-15 00:00:00,2018-01-26 21:27:35
e351155ff64b9c7d91161289dc6e69c2,37f189dbcb4d9c62cf25ffc3e16c5bc0,AP,macapa,computers_accessories,173.0,31.88,204.88,delivered,2018-01-04 20:17:29,2018-02-23 00:00:00,2018-01-31 16:48:54
6484880197398c11ca3f6a7709f60aad,fae87031c4f2631d0115d651abb7c942,RS,alegrete,health_beauty,34.99,16.05,51.040000000000006,delivered,2017-03-22 10:57:31,2017-04-19 00:00:00,2017-04-04 12:38:16
8cd5aad1cedb4a08e019072b76d6ec9d,82c887949254710fd671db2d84d7a220,SP,americana,arts_and_craftmanship,18.0,7.39,25.39,delivered,2018-08-05 18:48:07,2018-08-17 00:00:00,2018-08-14 19:57:56
236ae03bfee2c49ab78fa9227892c5e6,eabd461b28713dd65399567d5db5af22,MA,sao luis,sports_leisure,59.99,22.74,82.73,delivered,2017-11-25 21:29:40,2017-12-20 00:00:00,2018-01-09 21:38:39
10c2b05e3b425d09cb2a1fa7f08d701f,3d4fff41b533bad211da66780ffc08c8,SP,sao paulo,home_appliances_2,199.0,26.23,225.23,delivered,2018-02-15 20:10:16,2018-03-23 00:00:00,2018-03-15 18:06:24
8791e495e7f1b8d77696f42ff295d945,793000c4be1a654272437ec6676b78ff,GO,inhumas,fashion_bags_accessories,20.3,15.1,35.4,delivered,2018-03-04 22:43:52,2018-03-27 00:00:00,2018-03-28 14:56:38
313e60572316093cd1a9a5db042389a9,4d0514f378de05fac2ff8b61bbbe75e1,RJ,rio de janeiro,housewares,120.0,23.38,143.38,delivered,2018-05-01 15:50:07,2018-06-05 00:00:00,2018-05-08 17:28:46
4dba50963d750e691239a5fb64bed86f,900d83525fd22c97abcefbfd657d8c24,RJ,niteroi,sports_leisure,59.0,16.38,75.38,delivered,2018-05-08 12:49:26,2018-05-24 00:00:00,2018-05-15 21:44:54
ead00e0026023c03ce71d6d072050bf6,89fe749e44506b34dc080e9c49f5d579,SP,sao paulo,perfumery,29.9,18.23,48.129999999999995,delivered,2018-04-20 14:37:08,2018-05-16 00:00:00,2018-05-01 02:13:35
41b3bf54a1b7a76d6e381206e3e182bc,41e7f564891b2fd6a565f6db45dfae54,SC,jaragua do sul,sports_leisure,125.9,15.63,141.53,delivered,2017-12-08 13:21:55,2018-01-11 00:00:00,2017-12-27 18:09:10
32bde441c2a8669167988229bcafe2d7,cc8a542e6981b02d26c0414316a42e09,GO,goiania,furniture_decor,69.9,0.0,69.9,delivered,2018-05-26 09:27:50,2018-07-03 00:00:00,2018-06-16 14:08:53
7219b463820695c30f441c2c3e33a393,f172e87cb8cd89e4e34bce37f28ce713,SP,osasco,bed_bath_table,69.9,17.37,87.27000000000001,delivered,2017-02-01 11:53:55,2017-03-10 00:00:00,2017-02-16 10:54:34
48842751df68fccf0ab0caa30930f21d,da2b78576894a7f95d45bfd20250cc54,SP,sao paulo,furniture_decor,44.35,13.37,57.72,delivered,2017-05-22 17:54:01,2017-06-09 00:00:00,2017-05-29 11:43:13
bca52ee5fc699061c5fbd5b7cb99d47a,19cf4ef9675b3aaebe19267c20ef8128,SP,piracicaba,garden_tools,59.9,13.44,73.34,delivered,2017-10-18 13:41:33,2017-11-06 00:00:00,2017-10-26 22:00:07
798b9fc552a89606eb4d38b1f8a4760e,f85afbaa789589a925e9d3d2f8298f0c,CE,brejo santo,books_general_interest,115.0,54.48,169.48,delivered,2017-06-06 11:40:14,2017-07-13 00:00:00,2017-06-26 13:29:54
f5b3d7bf340b33e9fac5e7f314525614,7dd2c905ddaf64b18b82f8709eb79649,SP,guarulhos,pet_shop,99.9,16.46,116.36000000000001,delivered,2017-09-26 22:33:50,2017-10-19 00:00:00,2017-10-03 18:06:24
f3fe458f9ea7468f40f3c535818a7e80,7560103da12e3588b3af6fb56ce9dcee,PR,curitiba,electronics,103.9,18.31,122.21000000000001,delivered,2018-06-06 11:11:40,2018-07-13 00:00:00,2018-06-12 10:32:34
9b9bad2c285cab8257e0dbadf191d8d9,75bfbc48d9317a171e31db58dd70d5c6,SP,sao paulo,food,27.9,8.27,36.17,delivered,2018-03-04 18:03:29,2018-03-15 00:00:00,2018-03-07 20:12:33
6317c6fb9c91943963e275a6cbe1867b,665806ef5f79740fedbc6f8be0d79ca2,SP,taboao da serra,toys,48.9,12.69,61.589999999999996,delivered,2017-05-29 00:35:46,2017-06-19 00:00:00,2017-06-05 16:22:54
943e40583d137bcc29887eadaa15e999,2a1ffd99dbed9fffa55c9fd6a31f799b,SP,sao paulo,cool_stuff,33.9,8.27,42.17,delivered,2017-10-10 22:37:07,2017-10-23 00:00:00,2017-10-14 00:12:21
ee76c8b8bd42ca7913d033a9dea1383f,d35fe16cba55d912ea21e552df60681c,GO,joviania,bed_bath_table,205.0,26.27,231.27,delivered,2017-07-20 15:44:05,2017-08-21 00:00:00,2017-08-03 17:31:41
7686c8e556ad063dbfec8224d665c37d,5ec4c90f549177a8cbbbc7419353e66a,SP,sao paulo,baby,99.9,14.46,114.36000000000001,delivered,2017-03-18 01:58:41,2017-05-04 00:00:00,2017-04-01 11:38:31
ca2da77928f874f22b190d791d8fc780,5afd7306d740e33d1115bd8afd4246c9,RJ,rio de janeiro,christmas_supplies,22.9,7.94,30.84,delivered,2018-02-15 21:25:56,2018-03-01 00:00:00,2018-02-20 19:04:43
1cfcd5c4f5a2993d6afb0d7b0227bbbf,01575c2596c13ff2422df080a71b481b,SC,otacilio costa,baby,50.0,17.6,67.6,delivered,2017-10-31 22:14:43,2017-11-27 00:00:00,2017-11-22 20:56:46
00b402e8a76d3da83714c52d3977cc2d,e2421eb09087faf4f51661d176aee08d,BA,porto seguro,health_beauty,139.65,26.26,165.91,delivered,2018-01-01 18:03:43,2018-01-31 00:00:00,2018-01-19 12:08:06
dacce96767ea2ce331e38a5ebcac5f25,a3a53af62bbe94c89dd9f99b63283e6b,MG,belo horizonte,bed_bath_table,84.0,19.83,103.83,delivered,2018-01-13 18:32:59,2018-02-09 00:00:00,2018-01-27 12:48:58
e4d08950321814112909360f9dca2e3d,1c062f62b3e67f4bc9095d332452a2b4,SP,barueri,bed_bath_table,200.0,15.01,215.01,delivered,2017-08-08 21:30:55,2017-08-23 00:00:00,2017-08-11 12:12:00
c5757562b34fa65e15e9f66a21513c45,3b578ecb471d2f0ece0a89d2c027c64a,RJ,niteroi,telephony,39.99,14.1,54.09,delivered,2018-02-18 01:17:37,2018-03-13 00:00:00,2018-03-01 13:09:10
53b8913fe5c632a9aa10069a33aaceb0,8f9c0dc510c12654a35d2add7a6c5d34,RJ,rio de janeiro,garden_tools,59.9,17.67,77.57,delivered,2017-11-09 21:46:25,2017-11-30 00:00:00,2017-12-05 19:03:35
1710114c1a278545964b28b49d85a2a4,cef354e35d130e1452229886c37e5b7d,SP,salto de pirapora,garden_tools,49.0,13.41,62.41,delivered,2017-11-24 14:18:31,2017-12-14 00:00:00,2017-12-08 18:51:16
4641eadfa66f67a7b2d37e5bbe386398,db1522683081086b5175654322308a04,PR,sao sebastiao da amoreira,sports_leisure,45.0,18.23,63.230000000000004,delivered,2018-05-16 15:07:45,2018-06-11 00:00:00,2018-06-05 19:11:58
fe04ba63128dbb904de7246b76508d7f,a7c08ec9d3cbf71e47c30a5a9cd8d450,PE,recife,garden_tools,119.0,27.49,146.49,delivered,2018-07-18 21:09:09,2018-08-08 00:00:00,2018-07-27 19:02:44
3784bc92c8ff0ca207ed55629e5df7e9,4e480261210d6151bde03ed17869966b,SP,sao paulo,health_beauty,70.0,7.75,77.75,delivered,2018-07-05 10:02:32,2018-07-23 00:00:00,2018-07-23 22:27:53
b7467ae483dbe956fe9acdf0b1e6e3f4,c9ae1d598a33315fdace01e3bfefc5ea,SP,sao carlos,watches_gifts,105.0,11.62,116.62,delivered,2018-05-21 14:14:35,2018-06-08 00:00:00,2018-06-04 18:52:15
4a0ecd7c37432ea5916a1f36f7c402de,7fd50b75c22e82c5837f314be3da0c8a,SP,santos,cool_stuff,66.89,7.39,74.28,delivered,2018-03-18 23:47:19,2018-03-29 00:00:00,2018-03-26 23:36:54
7f4990a3cadc07c4c72c6a2b5026732b,c06db3699da67e1978115d3f2bc4e6a5,SP,sao paulo,garden_tools,189.9,13.91,203.81,delivered,2017-04-26 17:26:18,2017-05-24 00:00:00,2017-05-11 14:58:08
1fde32a510f950891c57d6e69c9071bd,17aeb0f1c1dd5757f8aa0f4c098165f3,SP,sao paulo,furniture_decor,59.9,38.52,98.42,delivered,2018-07-15 12:57:04,2018-08-03 00:00:00,2018-07-23 18:06:22
ff8badd36cb2b5635a007309d3963a88,790ed9aeafa0852151e9bf544cceb8f3,RS,rio grande,sports_leisure,38.8,18.23,57.03,delivered,2018-03-18 21:22:04,2018-04-13 00:00:00,2018-03-31 13:03:35
d419b374d8c1d6ee8ef676b3d5483193,3dda04e84e15bfab1e5cca523130d064,SP,taubate,bed_bath_table,24.9,12.79,37.69,delivered,2018-05-13 14:25:21,2018-05-30 00:00:00,2018-05-17 15:18:40
f55d478953a8f260b66fd32c5e8ae26f,bff9db4b93c1d5da0e1d227850abb7d8,CE,fortaleza,bed_bath_table,49.95,37.04,86.99000000000001,delivered,2018-03-11 07:58:31,2018-04-10 00:00:00,2018-03-29 18:22:05
d1b5736f3609456b185e815112a7e096,1831d2d3eaaf943aba7969101988e121,SP,sao jose dos campos,computers_accessories,74.9,12.65,87.55000000000001,delivered,2018-02-13 20:51:03,2018-03-16 00:00:00,2018-03-14 20:03:28
0d4c211b72251b5ab768bcad1228facc,e7ea4c3049b0ffcb326d8fcf44a06c05,BA,salvador,health_beauty,61.99,19.12,81.11,delivered,2018-03-23 15:58:14,2018-04-13 00:00:00,2018-04-05 19:08:23
bbd319ae8e4b461016cbc0387ff87649,9d548607aaf242f7c925bef5c5a27abb,RJ,nilopolis,electronics,25.9,16.79,42.69,delivered,2017-11-19 02:18:35,2017-12-12 00:00:00,2017-12-05 00:03:40
86ec1d0936a3bf98ae768319835014be,afef0f55134f15a3315e7b74115adc0b,MT,cuiaba,bed_bath_table,219.9,24.41,244.31,delivered,2018-02-11 19:19:19,2018-03-15 00:00:00,2018-03-10 14:48:34
a4319b6643948acd1eb9e4e0c8b0d473,a0f3a0c053ba7501b10fb72e038bcc1b,SP,indaiatuba,sports_leisure,36.9,11.73,48.629999999999995,delivered,2017-09-19 19:50:14,2017-09-29 00:00:00,2017-09-27 17:25:25
9d6f552c9b731d52bb9c9b6051ddf5a2,c9a46f6978294b1095dffd3f228bea68,PA,belem,garden_tools,29.99,26.61,56.599999999999994,delivered,2017-01-27 12:54:59,2017-03-21 00:00:00,2017-02-13 14:44:08
73f078f94fbf270913ba09b8bb2d0f93,5badadc48b0a8ea924cb77d130365070,SP,santa lucia,sports_leisure,139.9,17.89,157.79000000000002,delivered,2018-04-17 13:00:55,2018-05-10 00:00:00,2018-04-23 22:46:48
199d865a833111b42fa9115901dbf975,208b4154b3341116b04ea16e2160f1f4,RS,osorio,baby,109.9,23.35,133.25,delivered,2018-04-10 17:04:52,2018-05-09 00:00:00,2018-04-16 18:36:38
2fe2852de76ec325582d6cb9953e86fa,aa7601db46d40e3f6a3a8a7d72797729,SP,osasco,health_beauty,66.99,28.89,95.88,delivered,2018-08-13 18:15:19,2018-09-12 00:00:00,2018-08-15 15:07:32
ea84febf2596b3e1a6f4c7eee0f05abc,85f8037147329505d4e90c200a07b5a8,RS,porto alegre,health_beauty,299.99,16.86,316.85,delivered,2017-06-16 22:16:33,2017-07-14 00:00:00,2017-06-28 15:12:42
6c6b9c17b42386d2ebd32f39c03104ad,87e4174511608b3c3c252e87fd74c0de,SP,fernandopolis,kitchen_dining_laundry_garden_furniture,35.9,13.37,49.269999999999996,delivered,2017-11-07 12:31:49,2017-11-27 00:00:00,2017-11-16 18:22:46
2be5d3a5d64ca31f9d583f261fa19585,6093a4a63c11ffdaf3b90d38a82eb36c,SP,sao paulo,health_beauty,139.0,13.88,152.88,delivered,2018-05-16 17:10:16,2018-05-28 00:00:00,2018-05-23 18:11:47
e919a8a3ee2a37858e8b5136a6ac5fd4,6c0251cb0bdf77882444458809b84a13,SP,sao paulo,computers_accessories,69.9,15.93,85.83000000000001,delivered,2017-08-16 20:22:28,2017-09-12 00:00:00,2017-08-24 16:12:32
a5ea25556316a90d6f5b6adb92e1238c,f27455cf0fe0cf23b3480aa33c3566b8,SP,mogi das cruzes,garden_tools,55.0,9.34,64.34,delivered,2017-12-05 09:22:52,2017-12-21 00:00:00,2017-12-09 00:23:31
0014ae671de39511f7575066200733b7,8e5a8d9363eb6296154b65750c8702ca,PR,pinhais,telephony,16.5,14.1,30.6,delivered,2017-05-22 13:49:03,2017-06-13 00:00:00,2017-06-07 13:52:52
95c3381db0f673aa125e10b942d1ddac,25ae9abe0b78d72df39294a640db19ad,RJ,rio de janeiro,garden_tools,49.0,17.67,66.67,delivered,2017-11-27 22:53:55,2017-12-18 00:00:00,2017-12-13 17:44:41
62721ddb070ffb1e00edd35d85a2f616,36960608076d6103c6f3a513b5123884,SP,sao paulo,home_appliances,14.0,11.85,25.85,delivered,2018-01-07 18:31:16,2018-02-05 00:00:00,2018-01-09 19:53:23
cb2171c5c2527a4f3f54ad417867c574,81766a0159376d27c9136684112bdd55,SC,chapeco,computers_accessories,48.9,12.6,61.5,delivered,2018-01-22 22:21:36,2018-02-14 00:00:00,2018-01-25 18:41:38
cf771efcb04c578f9d3619f2632d8333,bf257f507db19138f5bc4065313c1f87,SP,taboao da serra,computers_accessories,74.9,12.65,87.55000000000001,delivered,2018-02-12 17:33:54,2018-03-15 00:00:00,2018-02-24 15:28:49
ac046246a304e47bb50a9c923430aa55,e07cddb94e7699c001f366b6ab7c62a1,RS,lagoa vermelha,sports_leisure,69.9,19.68,89.58000000000001,delivered,2018-08-07 22:40:08,2018-08-29 00:00:00,2018-08-16 19:26:57
261033841f1c6e15f180ad43e885d845,c98507c388790d09b7d14c10833e789a,RJ,cachoeiras de macacu,electronics,19.9,22.07,41.97,delivered,2018-06-18 10:57:01,2018-07-19 00:00:00,2018-07-04 16:58:41
96cd3b3b210139b9da39ca90d9839595,63a041eb953719e8dd981b82811f4291,MG,santo antonio do amparo,health_beauty,125.02,18.13,143.15,delivered,2017-11-26 17:47:26,2017-12-20 00:00:00,2017-12-07 23:33:51
83356f1b8d875976b75b83c623f73546,ca0df7f35d19dfb909ba09b176ee5a25,RJ,niteroi,garden_tools,57.7,15.16,72.86,delivered,2017-08-02 13:03:12,2017-08-24 00:00:00,2017-08-07 17:43:19
1d812d7b785dff5e4568cc8f7e76f230,66d201c13937598dd4e036788a10a203,MG,arapora,electronics,13.7,15.1,28.799999999999997,delivered,2018-02-22 16:11:14,2018-03-19 00:00:00,2018-03-06 19:06:41
89c037e2b749a2ed5e9e1219189e241e,f06942697cbf8ac82f5f63ef7a8877c3,SP,sao paulo,bed_bath_table,53.99,12.72,66.71000000000001,delivered,2017-11-25 02:49:19,2017-12-15 00:00:00,2017-12-11 14:24:00
0ba66e23f27848fd3bbff7f24632b0b1,c0827c312eb6ede446cc8e0bec6b7893,SP,mogi das cruzes,furniture_decor,89.9,11.83,101.73,delivered,2017-12-15 14:37:16,2018-01-04 00:00:00,2017-12-20 14:39:18
ed5ef608c882944a831992d6ca0cdc66,1377d9215edc3e6561ea64d1287f215f,RS,porto alegre,construction_tools_construction,16.9,26.54,43.44,delivered,2017-10-13 07:54:53,2017-11-08 00:00:00,2017-10-24 18:00:04
a19d79983ace7b3b6785db9f7284eb7c,07540f2fffbe583e4bde29fe25ba450e,SP,sao paulo,computers_accessories,36.9,12.69,49.589999999999996,delivered,2017-08-02 21:29:56,2017-08-22 00:00:00,2017-08-08 18:00:05
3382c4920abfc57a48aa39d9120f3f67,8daed8656ebd5207d291f66538455e05,SP,valinhos,baby,30.0,8.82,38.82,delivered,2018-05-07 12:38:04,2018-05-15 00:00:00,2018-05-23 13:38:32
ab1a70d5cd14419a6f2c2aca5ee8a79b,82ddb85c2420994d709ee21503e44eb8,SP,braganca paulista,furniture_decor,169.0,3.64,172.64,delivered,2018-04-20 20:37:50,2018-05-14 00:00:00,2018-04-25 19:12:43
add07aec0f5cae7d936f30137e686c40,b439bf017db76aa19751bb210f736afe,PR,california,furniture_decor,59.9,17.67,77.57,delivered,2017-08-02 12:53:37,2017-09-01 00:00:00,2017-08-15 16:17:51
636cdd02667dc8d76d9296bf20a6890a,39552b92919b5aacffcd326b13af0397,SP,taubate,garden_tools,179.0,45.71,224.71,shipped,2018-02-17 14:31:22,2018-03-14 00:00:00,
e27f8086e3d62693b719af33a78cffdc,e40e7d0ef640e2610a16944557d8b32a,SP,sao jose dos campos,pet_shop,69.9,11.1,81.0,delivered,2017-04-12 16:39:44,2017-05-04 00:00:00,2017-04-20 12:24:13
4a7187a003cd08090bc8effb19765333,7ff16ad2e795bbfc09bd07c19f45712a,SP,itaporanga,health_beauty,152.0,12.55,164.55,delivered,2018-04-15 13:07:36,2018-05-09 00:00:00,2018-04-20 15:36:36
3dd5626c63f493f8b8f8788c2be24baa,4683ad127301c1bcbd601a30bb22d2ba,SC,joinville,baby,2699.0,306.06,3005.06,delivered,2018-04-27 19:50:43,2018-05-18 00:00:00,2018-05-03 20:28:35
07d9d11b0175952638ddd53d7855f8a7,12e7867bb47d014edf9f37ce4c609621,SP,sao paulo,housewares,34.78,8.72,43.5,delivered,2017-11-22 16:40:23,2017-12-04 00:00:00,2017-11-30 13:49:03
5fdc1bf5ee308d53a4d93be57828c888,f8c1c61e15db294813a24ad5795a54dd,RJ,rio de janeiro,sports_leisure,279.0,19.38,298.38,delivered,2017-02-13 20:21:07,2017-03-20 00:00:00,2017-02-17 20:24:08
61533cd20b6e0d2b003a57dd6b78fddb,e9af3346037b93ff6da00c65f3122ada,GO,goianesia,perfumery,56.99,15.15,72.14,invoiced,2017-12-14 18:53:55,2018-01-16 00:00:00,
6a7dad3734ef2c19df2e8739e4ba0e77,59d8a88a7a0eb9d9eaecd772d07bab67,SP,hortolandia,sports_leisure,57.9,9.34,67.24,delivered,2017-09-14 14:38:04,2017-09-26 00:00:00,2017-09-25 22:18:08
13bddc208e2f4682972c349499746fd2,cfbe062f703adcef50f1457ee8027c4e,RJ,rio de janeiro,electronics,15.12,22.06,37.18,delivered,2018-03-14 09:51:47,2018-04-23 00:00:00,2018-04-03 22:08:54
5b70374ba741f581985a6f4f4f491c68,e0f58d4868f03cdb286a83ccb5bb112e,SP,nova odessa,consoles_games,24.5,11.85,36.35,delivered,2017-12-11 21:37:57,2018-01-04 00:00:00,2017-12-18 17:49:14
f7057bf47ad8d184d0857bdaee0a1603,79eb97e18e448f1fdacc721658ff6eaa,SP,campinas,health_beauty,20.9,7.39,28.29,delivered,2018-03-30 12:00:06,2018-04-12 00:00:00,2018-04-05 00:18:24
ca8ff03738f16d623d89e6d57e54715c,7aa421cd0ccf7b0d96499d976462c379,SC,florianopolis,housewares,44.9,21.43,66.33,delivered,2018-03-20 12:24:39,2018-04-10 00:00:00,2018-04-07 12:08:38
63a301cc49568c5b437aa940f1fbb388,db539c729198334582efc7b53c803c79,RJ,rio de janeiro,telephony,18.99,14.11,33.099999999999994,delivered,2017-04-03 00:14:44,2017-04-26 00:00:00,2017-04-11 15:51:55
ed1ebc0780061795a30c800423075f78,7e77955246dbdcc33cb611f6a519a336,CE,fortaleza,fashion_bags_accessories,49.0,17.63,66.63,delivered,2017-09-26 22:50:20,2017-10-23 00:00:00,2017-10-04 18:15:07
1a66f333fc14fa09a218cbb11f00233d,1eba2c022ae2202d0999a7c547671f7f,SE,aracaju,sports_leisure,84.9,27.44,112.34,delivered,2017-08-04 11:33:53,2017-09-08 00:00:00,2017-09-12 21:02:59
82c4a1e90ae81031b8bbd68f32130787,09fda7853bc6c9c585f288349c38a6ba,SC,sao jose,furniture_decor,150.0,23.59,173.59,delivered,2018-03-13 15:51:29,2018-04-03 00:00:00,2018-04-04 17:21:22
10feb46f47b85fa9eee572eb5521dd54,fb05684961656c39c375d6ad8608d579,RS,santiago,computers_accessories,12.88,18.23,31.11,delivered,2018-05-10 10:45:00,2018-06-11 00:00:00,2018-05-23 14:54:57
9d7f8c7566bb8c83694361b9838d9a2a,c637cc2ecf10ec341680aa95b476f125,PA,redencao,housewares,56.9,25.68,82.58,delivered,2017-10-12 11:51:40,2017-11-22 00:00:00,2017-10-31 19:27:44
a8096d0b94faa1314dbd562efc6a0967,12c4c68f9af94cf0051ae7068211aa98,BA,salvador,toys,69.99,17.06,87.05,shipped,2018-01-18 04:37:44,2018-02-22 00:00:00,
875457c60d42163f5d8bc4b4e94b2412,d633949030fd101bb4bb0683b0d90f50,MS,campo grande,furniture_decor,35.0,18.74,53.739999999999995,delivered,2018-05-21 15:15:27,2018-06-08 00:00:00,2018-06-07 15:21:15
a9342834aa696e06f0b243493288351a,86861e974eed32436985ea504a2e3f20,BA,mata de sao joao,bed_bath_table,93.0,23.8,116.8,delivered,2018-06-18 18:55:43,2018-07-18 00:00:00,2018-07-13 12:06:40
396712c68f59e647911d707604f4591a,1b17c26c5ae0fa014dafc6101d08f6ef,SP,americana,fixed_telephony,33.0,7.87,40.87,delivered,2018-05-24 20:37:51,2018-06-11 00:00:00,2018-05-28 17:16:27
1fa2f14ef2c0672f66f1e2ef26c8fdf5,4a44fbfe000c8524d02fe9ed29f194a1,SP,itupeva,electronics,18.9,15.1,34.0,shipped,2017-12-12 21:37:39,2018-01-12 00:00:00,
fd5bd3708628df1f0104d49b995f87d7,f891d90242142ed6bdc6f6be9b3ef4c5,RJ,rio de janeiro,electronics,17.99,15.23,33.22,delivered,2018-07-05 17:15:10,2018-08-07 00:00:00,2018-07-12 21:04:16
ec79ae97ce242a5f1ba6c9aa1dc902d9,e9999972797e433766f3bca71104b263,SP,osasco,home_construction,190.0,49.91,239.91,delivered,2018-06-04 22:12:02,2018-07-03 00:00:00,2018-06-15 22:24:56
e726c0e987fd6d15b61c7effe28bde27,41b4af321ed477242aebe74652fd8219,SP,sao paulo,furniture_decor,46.0,6.12,52.12,delivered,2018-05-13 21:29:49,2018-06-08 00:00:00,2018-05-16 21:10:54
2c52a5a630ca9e849ec5fad8932bab44,9f227c6fa314eba38c6481b38736ba75,SP,hortolandia,watches_gifts,29.0,10.0,39.0,delivered,2017-03-16 14:41:46,2017-05-16 00:00:00,2017-04-05 13:43:51
8705f63a4f33f2570126a9f57336b1e4,7647c15a4f2e66304c91fcf86573a2a3,ES,vitoria,home_confort,89.9,19.5,109.4,delivered,2017-11-29 15:41:09,2017-12-21 00:00:00,2017-12-21 19:15:24
b2b374adf21bf99c939e6fe72d186ec7,39fa55d841f1c032644b9eafc62e25a2,PR,campo mourao,cool_stuff,129.99,17.65,147.64000000000001,delivered,2017-04-21 22:55:36,2017-05-15 00:00:00,2017-05-10 16:34:46
30d4c11e2d8f40f29583f52fb620296a,668516e2b97d15cae49c16310816ed11,SP,sao paulo,drinks,58.0,7.87,65.87,delivered,2018-05-10 11:40:25,2018-05-23 00:00:00,2018-05-15 16:54:37
ace3b21c5c57456d2e2215452829073b,216a722b5668d566af889be36d892dad,SP,taboao da serra,cine_photo,15.9,7.39,23.29,delivered,2018-07-19 08:44:59,2018-07-27 00:00:00,2018-07-24 15:12:29
347a523a41b9c5ff0194b0cbdff11fc7,58a76d190359218b65947ec94f397fd2,PR,curitiba,bed_bath_table,79.99,32.07,112.06,delivered,2018-04-22 12:10:46,2018-05-18 00:00:00,2018-04-26 20:46:37
4d5bae0860712936c87891ce32cf0d76,fe947af6540d580b9703d0332d04f0e3,PR,curitiba,auto,359.0,51.99,410.99,delivered,2017-02-13 18:00:53,2017-03-16 00:00:00,2017-02-21 12:21:37
365a29772a912d0662071fa7572fdebe,ff959aedd362b48bb97c0abeb0b36b62,PE,itambe,toys,66.99,24.67,91.66,delivered,2017-03-29 14:39:31,2017-05-11 00:00:00,2017-04-18 11:48:12
1e5b9ba96bdd2f8c7836f6fb5c7f9712,f8b92214fbeac3a143e52c61c9b4f979,MG,uberlandia,stationery,169.9,16.95,186.85,delivered,2017-12-18 12:49:54,2018-01-15 00:00:00,2017-12-26 19:54:07
274dcad5cc91fe9d87df96510c093836,14e6192f574d9555fb9788d73e9383c1,GO,goiania,toys,119.9,21.64,141.54000000000002,delivered,2018-01-20 20:18:18,2018-02-20 00:00:00,2018-02-01 17:37:01
2868cec2c0d3cc29873e13a46f55f532,382d87ad789873a3337747526a053bd9,SP,cajamar,stationery,66.0,11.54,77.53999999999999,delivered,2018-07-24 19:04:45,2018-08-16 00:00:00,2018-07-30 15:38:48
6376db8b01455ca1b4a1c3d89ad69316,b4bd5b8eddca5e0b8e0a80a3b4d5e9f9,MG,lavras,auto,130.99,18.17,149.16000000000003,delivered,2018-02-16 01:51:04,2018-03-12 00:00:00,2018-03-29 17:24:48
50aee6309ac7a0d4fd5c78ac0d4e5404,a73031fcd093e2e6f46dc11bb2760832,GO,catalao,computers_accessories,119.0,19.74,138.74,delivered,2018-04-25 09:06:16,2018-05-21 00:00:00,2018-06-19 14:29:06
2ed2cecbd0a129265173791a944b3a43,dc7db033534dd88c993be14c98ac7de6,SP,botucatu,computers_accessories,30.21,13.37,43.58,delivered,2017-11-05 19:15:31,2017-11-28 00:00:00,2017-11-17 00:26:45
941d226d049bdb705438d2df05047b54,e61abfc55382f5862e43b1c41ae93c17,RS,espumoso,telephony,35.0,15.1,50.1,delivered,2017-09-21 22:27:12,2017-10-25 00:00:00,2017-10-05 14:52:47
23596e6832498c8de23143a595a7dac2,408cb3e09282d6705f2887f824ded5ee,PR,londrina,bed_bath_table,69.9,19.46,89.36000000000001,delivered,2018-05-01 19:13:43,2018-05-29 00:00:00,2018-05-10 21:22:00
499f4d2d2bf250a1bb18ca1feab13262,8a9a406f05659971d083f93017a109f6,SP,sao paulo,bed_bath_table,52.99,11.87,64.86,delivered,2017-11-23 17:58:39,2017-12-13 00:00:00,2017-12-11 16:07:50
1c7348dbdae957a76d7886476cbc97e1,0f5886490fab461243285065ba5143d6,PR,ibipora,auto,32.99,18.33,51.32,delivered,2018-08-14 08:45:16,2018-08-28 00:00:00,2018-08-20 18:09:00
070678021e2517b12a66622b99dca958,cdf6624676e73845359a6ddf9799e963,CE,fortaleza,telephony,25.99,17.63,43.62,shipped,2017-09-05 18:51:14,2017-09-25 00:00:00,
e21fb196bd04dacce0907722f0660282,8c6b988947e2b4e81b8a6b0cbb797f2b,SP,guarulhos,housewares,105.99,18.99,124.97999999999999,delivered,2018-08-14 20:10:19,2018-09-14 00:00:00,2018-08-16 21:26:31
ffe3153dcf1c03911848f64ed557764b,21b5bd1b2c31a2baf0f6f49f3d35ae5c,RJ,rio de janeiro,auto,259.9,27.31,287.21,delivered,2017-04-10 18:36:47,2017-05-08 00:00:00,2017-04-20 06:42:41
de5b9ed8a33e27633d1c4a31445dddd1,8070db3b8885dcc18e798b4ab9da2050,MG,belo horizonte,bed_bath_table,89.9,18.21,108.11000000000001,delivered,2018-04-20 13:50:27,2018-05-14 00:00:00,2018-04-30 20:28:28
d08af97946f43d83db8dfda3f21dfc94,8953237dbe1191529ee4acbfc8aae276,RS,sao sebastiao do cai,bed_bath_table,134.9,23.52,158.42000000000002,delivered,2018-04-24 02:19:18,2018-05-25 00:00:00,2018-05-03 19:28:49
2681f4e9d333e5795a30836c81340c85,3b3839fba53bd347e707043fe02825e5,RS,triunfo,auto,82.9,17.02,99.92,delivered,2017-06-27 10:36:44,2017-07-25 00:00:00,2017-07-06 16:24:31
e11c61aa2d539f826865ea728496f6d4,c838fd26278f9cb8752f1a067d488dc7,GO,rio verde,electronics,25.89,18.28,44.17,delivered,2018-08-11 19:20:38,2018-08-24 00:00:00,2018-08-22 15:58:38
378f58a3d4b989b3517b56488dc4e3cf,ae3b3b982c1ec166edf6883547f6567a,MG,araxa,computers_accessories,95.0,22.38,117.38,delivered,2018-03-13 07:30:48,2018-04-16 00:00:00,2018-04-02 16:54:27
9934e7ff8eaacba82131dd85b7a0e156,2f36b9e4684b5a910573dbee723bcb69,PE,recife,consoles_games,689.89,31.09,720.98,delivered,2017-03-15 10:48:52,2017-04-18 00:00:00,2017-04-04 13:17:43
c05e7a155611cc12aedafb3d0440f105,86e0461fc6752243b01e4170bb6ffe7e,CE,fortaleza,watches_gifts,239.9,18.96,258.86,delivered,2017-05-24 13:49:56,2017-06-28 00:00:00,2017-06-13 11:44:03
e06c6d2cccfbf53339917bf60c317955,f17b7c86a8eaa3ed4056e4dff553490a,SP,rio claro,sports_leisure,37.5,18.23,55.730000000000004,delivered,2018-03-11 11:45:43,2018-04-03 00:00:00,2018-03-19 15:03:18
195416246665b8268100ef5fde9722b4,7d08a8005756c215935d45bcc0e9a760,RJ,rio de janeiro,furniture_decor,129.9,20.99,150.89000000000001,shipped,2017-01-08 19:27:22,2017-02-22 00:00:00,
7133cd362a0471dc79e40be4dc66a410,7ec1eababd5b609375f53565333a16ca,SP,sao paulo,sports_leisure,25.9,7.78,33.68,delivered,2017-09-28 19:04:36,2017-10-16 00:00:00,2017-10-09 17:33:30
bda35b10977d165ff7f6ae6ce187a4e3,013689381e404bf6304f57bab4b8f01d,SP,sao paulo,garden_tools,106.6,24.36,130.95999999999998,delivered,2018-07-28 13:14:46,2018-08-13 00:00:00,2018-08-02 13:08:30
10224c72b9364fe2d0608e92ae535f88,a40c3bde3d454da5fa72d029c33aa76c,RJ,paracambi,furniture_decor,59.9,18.3,78.2,delivered,2018-03-16 11:52:58,2018-04-10 00:00:00,2018-04-24 23:16:49
2eecb0d85f281280f79fa00f9cec1a95,5a4fa4919cbf2b049e72be460a380e5b,MG,abaete,garden_tools,135.0,19.23,154.23,delivered,2017-02-17 17:21:55,2017-03-20 00:00:00,2017-03-03 12:16:03
2c2a19b5703863c908512d135aa6accc,ce9f8b9c31d83341764708396ac7e38b,MG,juiz de fora,housewares,20.7,16.11,36.81,delivered,2017-10-09 20:45:45,2017-10-27 00:00:00,2017-10-18 16:19:17
ed273cdf7e2668c17d6cb199ad52d7c4,aebdb8f05f5ebf99f858c1a75fb7035a,PR,ponta grossa,telephony,29.99,18.31,48.3,delivered,2018-07-10 11:36:10,2018-08-03 00:00:00,2018-07-20 15:46:36
c9784c87841fb49ac88950030e64c514,5caa8fccaa325c51275da70ef323fb45,SP,itapevi,housewares,39.0,9.02,48.019999999999996,delivered,2018-06-13 17:27:16,2018-06-29 00:00:00,2018-06-15 20:08:32
b543e95769f2da5f435df6a8ccb13eb6,5a08097006a04f95acc3c2501d0df29b,SP,piracicaba,electronics,19.9,12.48,32.379999999999995,delivered,2018-01-16 13:25:36,2018-02-14 00:00:00,2018-01-29 21:37:06
ff0d3c8b486f123087d9d9da102afaf6,5faa665d5980f821e7dfe72d577fe35d,SP,sao paulo,bed_bath_table,115.9,18.06,133.96,delivered,2017-09-02 00:50:36,2017-09-21 00:00:00,2017-09-08 17:03:56
bd67f781813f153083d633f8c81d0820,71e1f051740a6d2fcdc204e989035526,SC,blumenau,housewares,85.0,21.08,106.08,delivered,2018-01-19 14:58:55,2018-02-16 00:00:00,2018-01-29 14:47:42
544d54b3dc0d2262b5dfe130d16800b3,63fdf3833cb90f8eb5f03f3a00c60e03,RS,girua,telephony,19.9,15.1,35.0,delivered,2017-11-26 15:22:11,2017-12-28 00:00:00,2017-12-11 18:39:32
661e77bbf3e487db278f9fdef584550b,b679873b72df26318869974877c766d5,SC,tubarao,office_furniture,79.99,45.02,125.00999999999999,delivered,2017-09-19 14:41:39,2017-10-16 00:00:00,2017-10-17 21:37:13
63e7f3b68db3707aee7cb7b4c10db358,a3b894ee3c49c153eaeab9afa95caf85,SP,guarulhos,auto,50.0,8.72,58.72,delivered,2018-01-03 13:28:19,2018-01-19 00:00:00,2018-01-06 12:27:03
89e7c74fa7b7671a581e7e36485f88da,18f81769a6112c52d34c081f3467e73a,SP,campinas,watches_gifts,145.9,13.46,159.36,delivered,2018-04-23 11:04:21,2018-05-10 00:00:00,2018-04-30 13:44:49
abba74619f268802c3e98234e1d2deac,cd94dd7a37a6160bf004a86f9d36765d,SP,santa barbara d'oeste,furniture_decor,35.0,8.88,43.88,delivered,2018-04-02 22:54:33,2018-04-13 00:00:00,2018-04-05 23:20:36
7c25901497bcbcd47e95319a15d2730c,a0e2f56981d89ed966ffc3fa68c6466e,SP,sao caetano do sul,computers_accessories,319.12,14.36,333.48,delivered,2017-12-01 11:10:01,2018-01-05 00:00:00,2017-12-12 20:33:08
54c5976111a966ff8a2224dd242cd07a,b5b2882db888ad0bd26af3bae0873524,SP,santo andre,toys,219.99,53.89,273.88,delivered,2018-07-15 21:12:17,2018-08-07 00:00:00,2018-07-24 01:03:46
8ed3cf9546af963a08c97b1edfe352d2,54651e094343904f0f71eb3d95bde11a,SC,tijucas,bed_bath_table,148.9,17.69,166.59,delivered,2017-12-17 18:26:09,2018-01-15 00:00:00,2017-12-29 18:18:08
f6661fe3177a741fbfd91547b86a00e9,463879dc0f781a8eecd4bfac763b5e6b,SP,campinas,toys,65.0,23.11,88.11,delivered,2017-11-24 23:21:49,2017-12-08 00:00:00,2017-12-01 15:46:37
42d8cfd4e239b47ae745848a8bdd5193,9e59404a9868b5fdfe293667404c9a40,SP,sao paulo,bed_bath_table,54.9,13.08,67.98,delivered,2018-02-26 10:30:52,2018-03-12 00:00:00,2018-02-27 12:38:55
689a70a3223b705af011e81bc75323b8,b4d35a5be49013c6fc719a6fee2da2fe,SP,fernandopolis,furniture_decor,230.0,37.64,267.64,delivered,2018-04-17 17:42:31,2018-05-15 00:00:00,2018-04-25 09:36:48
926f4d2c77e865137fca6a656848dc74,607c700339572a2c42127bffd80b635b,RJ,rio de janeiro,toys,39.9,14.1,54.0,delivered,2017-07-16 22:11:51,2017-08-08 00:00:00,2017-07-21 23:09:52
1f6c594830067e510e93534e3e3d0a2d,95ebae49ad8c37779ee72d5acacdb679,RS,porto alegre,housewares,43.98,17.6,61.58,delivered,2017-08-04 04:37:15,2017-08-28 00:00:00,2017-08-15 19:43:52
b92a772cba8a9bd47b3440908ef29359,24bde8b6cd83ccb8ee3fa91466be3b11,SP,penapolis,computers_accessories,28.0,11.85,39.85,delivered,2017-06-12 15:20:54,2017-07-04 00:00:00,2017-06-19 20:11:49
1c215cc70a409c7297e2f0f228fd6801,1ad4dbc30056b9ffd37400b026e5bd5b,RJ,rio de janeiro,furniture_decor,24.9,7.55,32.449999999999996,delivered,2018-05-14 19:35:53,2018-06-06 00:00:00,2018-05-25 17:38:43
d5ea2169e37b50c52923ed4e62482bda,12b1526369df5657772deb2c24672625,SP,campinas,telephony,39.99,9.58,49.57,delivered,2017-05-29 14:32:09,2017-06-19 00:00:00,2017-06-02 12:15:18
af3ad705f2a257c863532e7fec91462e,dda3eb6b3ec5eecd65bce234b27b8a7c,PA,belem,watches_gifts,249.0,26.77,275.77,delivered,2017-11-13 14:52:21,2017-12-18 00:00:00,2017-12-01 19:13:56
7a329b60eae7f23f2633872c2682bf88,cf58793b5ffd2d8e0a17b0c397d598a1,SP,sao paulo,computers_accessories,180.0,10.01,190.01,delivered,2018-01-31 14:21:53,2018-02-21 00:00:00,2018-02-07 23:22:42
4896842ba3beb75beaf555d335e3aa5a,077044b4e07695d1fb5e97e9e99eac82,RO,porto velho,pet_shop,36.8,24.9,61.699999999999996,delivered,2017-08-28 22:54:57,2017-10-04 00:00:00,2017-09-09 17:02:46
a00c2705f34c2a1714b0f36b80ba8fe1,aeeb6502629453606f6256a2c2e134eb,RJ,rio de janeiro,food,169.9,14.94,184.84,delivered,2018-02-19 13:47:17,2018-03-09 00:00:00,2018-03-05 18:12:26
1431ee47e31c27528b8ae56b66689afc,a655539d1946324cc7a22fd0085cc384,SP,sao paulo,pet_shop,22.9,8.27,31.169999999999998,delivered,2017-08-09 18:20:16,2017-08-24 00:00:00,2017-08-15 22:29:56
216a8b668866adcc7e2651ffa6c5ebcf,8c4c10e29f4905df38860241832eda35,MG,itajuba,stationery,179.0,18.5,197.5,delivered,2017-09-07 22:16:12,2017-09-29 00:00:00,2017-09-15 20:57:24
219b8a2c642a7c314644b58fa1036c7f,76b101afb403899789408bdc8c2ca8c5,MG,muriae,health_beauty,325.0,17.02,342.02,delivered,2017-11-24 20:16:44,2017-12-15 00:00:00,2017-12-03 16:05:09
f6ed6898419c893a57cd88e7dbbdb2c7,059fa076fac3b456fd6592d4f7142b9e,RJ,rio de janeiro,sports_leisure,144.0,18.26,162.26,delivered,2018-02-27 18:31:39,2018-03-20 00:00:00,2018-04-09 23:33:38
c6701e6d9b17bfd2a252ecb5aa4c7949,2d7c6bd64b139f0f40968dd19c629532,RJ,sao pedro da aldeia,health_beauty,91.49,15.39,106.88,delivered,2017-07-23 02:05:55,2017-08-15 00:00:00,2017-08-01 14:28:32
55463000ff2ec17f2fc06a0b6a1c846c,5f37e3a4e259226acfcff519bb54fbc5,RS,porto alegre,fashion_shoes,35.9,14.11,50.01,delivered,2017-04-04 00:55:54,2017-04-27 00:00:00,2017-04-17 08:12:36
c4b40afc3b677501f34190204aea02f1,8d09e7835ad7017c9c4420a07e6d8c18,SP,presidente prudente,small_appliances,20.59,12.79,33.379999999999995,delivered,2018-05-10 13:12:46,2018-05-29 00:00:00,2018-05-15 21:21:27
988ed9a83d6e55d6eaef87fac1a94439,a810d4c1794f8aeb5a7774c85cfe1700,SP,piracicaba,housewares,98.75,7.88,106.63,delivered,2018-04-26 13:47:17,2018-05-21 00:00:00,2018-05-04 17:58:45
3ce8c5cf3d6b4356d90656b6ac73ab9a,0c85013ac2f907200089cd3461382a06,SP,sao carlos,bed_bath_table,35.0,11.85,46.85,delivered,2017-07-10 21:37:19,2017-08-09 00:00:00,2017-07-25 19:36:41
67b2034550d68134bdb9bac8c1988c39,c30772dc02e182f555db4b042efdb110,SP,sao paulo,health_beauty,79.99,8.91,88.89999999999999,delivered,2018-03-15 10:00:16,2018-03-29 00:00:00,2018-03-20 15:52:30
d168723fbc108ab922a23516046a4b42,baca240b69cd4bd9bf08199640ae8da3,PE,santa terezinha,bed_bath_table,259.9,35.62,295.52,delivered,2017-05-26 23:43:10,2017-07-26 00:00:00,2017-06-12 11:42:23
dfa6eead1006319e9774de25417757a7,4c0dc4c1650460e296cf9e51ea06c993,BA,luis eduardo magalhaes,bed_bath_table,38.99,22.06,61.05,delivered,2018-05-16 15:48:09,2018-06-07 00:00:00,2018-06-20 15:12:04
b045148b008764ce0e232a9345a65bf4,d0e935b8b846764902437be74d4b1b8d,SP,sao paulo,perfumery,146.73,17.94,164.67,delivered,2018-03-09 08:24:59,2018-03-27 00:00:00,2018-03-24 20:21:57
8531a53599c482d78f5eab067187c7fd,b08c819639360dcaa6b051252a52b6ca,ES,ibatiba,computers_accessories,180.0,16.01,196.01,delivered,2018-02-11 10:09:17,2018-03-08 00:00:00,2018-03-01 23:31:54
2f8efac9068ded7f96cea13ecf271dd7,816e808e3042b39419ced774da4bbdaf,SP,osasco,watches_gifts,65.0,7.78,72.78,delivered,2017-05-28 20:16:50,2017-06-12 00:00:00,2017-05-30 11:13:03
ae8a60e4b03c5a4ba9ca0672c164b181,7390ed59fa1febbfda31a80b4318c8cb,GO,mozarlandia,toys,128.9,25.67,154.57,delivered,2016-10-03 22:44:10,2016-12-01 00:00:00,2016-11-03 14:04:50
04401428491f4e0e839e31e835c5e7bd,4b4ad67ad2088e78616a7bc2ab89bdb3,CE,nova olinda,watches_gifts,55.0,25.67,80.67,delivered,2018-01-04 15:10:45,2018-02-07 00:00:00,2018-01-23 12:53:10
28a1ff56441c9df5d5bfaead83cd76fd,54e488dabb575f7fbdb4dea2060f688b,SP,americana,health_beauty,112.99,29.2,142.19,delivered,2018-07-10 21:49:39,2018-08-01 00:00:00,2018-07-24 21:33:09
d66cc620bf1415956e645bc1123aaa50,9776ff05fe105b6c7e4008a0eb87092e,SP,serra negra,bed_bath_table,170.0,29.59,199.59,delivered,2017-12-02 17:28:08,2018-01-03 00:00:00,2017-12-13 22:37:49
991bf1c6e96eaac9da55927eda155d99,d99a96f319a4a782a7a93aea9d6358d3,SP,sao paulo,home_appliances,20.0,8.83,28.83,delivered,2018-06-25 08:52:14,2018-07-12 00:00:00,2018-06-26 18:23:53
4ac122e6ce71a07175e5bf2551f02c40,14ad45db79e7e1f916815d7e8503eaff,SP,sao paulo,sports_leisure,85.9,11.62,97.52000000000001,delivered,2018-07-22 21:23:58,2018-08-02 00:00:00,2018-07-26 00:03:10
fda9a222267a9db0d0831209bfe668e7,c5f654df41f8e436e97ce72ad3df2825,ES,vitoria,drinks,284.99,14.0,298.99,invoiced,2018-05-20 09:53:33,2018-06-08 00:00:00,
2bcf195f4b476e9e1a4bd6d139db37ea,19f8f9892bebd09d55d0b148287a4b00,PR,curitiba,home_appliances,33.6,19.32,52.92,delivered,2018-05-18 16:58:03,2018-06-07 00:00:00,2018-06-06 20:44:37
4bf076e869b9f6d8f4a470a9850ed57a,4fe3986eb91014e00639e601582e60f1,SP,jundiai,fashion_bags_accessories,59.9,7.39,67.28999999999999,delivered,2018-06-06 08:37:16,2018-07-03 00:00:00,2018-06-07 17:06:27
c767c6e164464c133c309cd34b800997,023e5eed74131f86d5893680d88d88d7,GO,anapolis,watches_gifts,99.9,0.0,99.9,delivered,2018-04-26 10:06:10,2018-05-28 00:00:00,2018-05-15 21:09:17
f1d6087db90cd2b8feb467f5924d4f08,c38ea92aa01ad97a67b5fdc061846fc4,RJ,rio de janeiro,toys,459.0,11.55,470.55,delivered,2018-08-14 17:26:41,2018-08-22 00:00:00,2018-08-21 12:35:38
1a7705c11f9e0ac39a2e86ce7c49d089,37d96e337d68c6e37e9612dcd39f5de6,RJ,rio de janeiro,furniture_decor,35.0,16.44,51.44,delivered,2018-07-20 17:13:47,2018-08-22 00:00:00,2018-07-26 19:50:50
2307f3782fd14d75b1098608959769ff,fe19a08291d3d1fb9debf8ee44ec129e,SP,sao paulo,perfumery,117.8,15.58,133.38,delivered,2018-02-21 22:53:10,2018-03-13 00:00:00,2018-03-05 22:38:44
b99e5b462412361aab3168e1a40bdde8,49823ffcaa3d1b5b5e95aebc40ca0c9b,SP,sao paulo,unknown,122.99,8.63,131.62,delivered,2018-04-11 18:50:41,2018-04-26 00:00:00,2018-04-13 20:51:21
b9fd88cc9e5734657e5b5936d5227367,78fc364597fe7b72d1a3562339d8f225,RJ,rio de janeiro,furniture_decor,47.9,22.27,70.17,delivered,2018-07-12 17:26:44,2018-08-17 00:00:00,2018-07-25 17:58:33
903db3e1980ea3e0fc2138852af7d3ca,1508a07c19134ddc099d6161ef9ae4d9,CE,fortaleza,electronics,12.25,17.63,29.88,delivered,2018-01-02 20:12:54,2018-01-30 00:00:00,2018-01-16 23:56:02
aad53ab538dea5e7315dca5fc140ec84,7bff95e83b82ed3228e004115e553731,SP,ribeirao preto,sports_leisure,209.9,19.75,229.65,delivered,2017-03-25 12:48:45,2017-04-18 00:00:00,2017-04-03 15:27:38
73314e79b29b8857a78a32853790a9d0,b265cccc1d91834ad1a2a2ee58fa09c8,SC,rio do campo,furniture_decor,249.0,48.27,297.27,delivered,2017-08-17 17:18:28,2017-09-21 00:00:00,2017-09-08 15:13:54
c3e808e0aba3cd04567957666cdbe28d,62234b40911ee339711177467c343754,SP,promissao,telephony,17.99,11.85,29.839999999999996,delivered,2017-06-06 15:32:24,2017-06-27 00:00:00,2017-06-22 16:45:41
95781e5f0d6c976b1d32e609be9c4acb,171b7c6ac249631fc3890b13476fba63,MG,ipatinga,electronics,59.9,18.52,78.42,delivered,2018-07-16 17:36:52,2018-08-07 00:00:00,2018-07-23 20:36:47
d7f0f03f8aff02c307964f1ecb044a5f,ffb572185af25751289ac38f38c7e2f9,RS,dois irmaos,toys,119.9,9.97,129.87,delivered,2018-08-05 13:31:47,2018-08-09 00:00:00,2018-08-13 16:48:47
36b7b9c89099230dbecdcde16e84c1cd,d05013504cc471a973af3e91dc6b52fe,RJ,rio de janeiro,watches_gifts,49.0,15.23,64.23,delivered,2018-03-27 18:22:21,2018-04-27 00:00:00,2018-04-03 14:51:18
9edc784457fc74368eeab9b7012495f0,1450ca0539e1e64a77c08ba841c8be94,SP,araras,sports_leisure,91.5,12.77,104.27,delivered,2018-01-03 23:40:14,2018-02-01 00:00:00,2018-01-12 20:59:11
5a892744c3b95e66967667046d882541,1dacb145d464fb9673c38b1a13670af5,SC,irani,housewares,51.5,19.33,70.83,delivered,2018-04-08 19:22:17,2018-04-30 00:00:00,2018-04-13 22:41:46
0c2a184d46c54e6a31e9d7a2a920b4b4,decae38f66f5103a60f351c30f1c80dd,PE,santo antonio das queimadas,health_beauty,84.99,27.13,112.11999999999999,delivered,2017-11-24 17:43:45,2017-12-28 00:00:00,2017-12-13 16:42:36
2a26d2bff48eca96ae022096754602f0,653104bffaaac1eb89c8c593a76fa200,SC,itapiranga,sports_leisure,134.99,23.75,158.74,delivered,2018-08-07 21:39:59,2018-08-23 00:00:00,2018-08-17 13:10:51
29b199897e15bd5a4b501cf5eee8b948,3b6572635fb53a6846bacb6947a91e93,MG,tres coracoes,stationery,127.0,18.14,145.14,delivered,2017-11-19 18:00:41,2017-12-12 00:00:00,2017-11-27 23:11:55
9457f83b9faf36f40019d656cb5679f1,6b11061762a537f7775a5a6bca7d000c,SP,sao paulo,bed_bath_table,109.9,11.86,121.76,delivered,2018-05-30 23:21:15,2018-06-25 00:00:00,2018-06-06 13:58:53
ca8fdc1b534df33544ec27fed6dc5fbd,817ac0eeed3fb788b02474e60a02fb68,RJ,rio de janeiro,cool_stuff,249.9,69.21,319.11,delivered,2017-10-03 15:29:51,2017-10-26 00:00:00,2017-10-13 17:08:04
89ca163ca854eaee18b4ba6110f524fe,c279fd11adcb20e83612c27b91b98048,SC,concordia,stationery,39.5,18.38,57.879999999999995,delivered,2018-07-04 21:45:50,2018-07-26 00:00:00,2018-07-11 21:03:42
9387dc46ae037c9d7eeec8ec1ace0f10,782f78691d986d45ed2341715082b993,SP,sao paulo,health_beauty,330.0,10.07,340.07,delivered,2018-05-17 14:35:04,2018-05-25 00:00:00,2018-05-30 16:38:01
46dace37daa6edc055503fda275724b2,adfe4475e0a095f701ac198a4a73f252,SP,barretos,computers_accessories,104.9,16.36,121.26,delivered,2017-08-31 13:13:28,2017-09-20 00:00:00,2017-09-08 20:12:37
23d69db9fe30226c8347963edcdf819c,29dd3982f14fb2e5f9fa61c5886448d8,SP,aruja,health_beauty,159.9,15.87,175.77,delivered,2017-09-21 14:06:32,2017-10-16 00:00:00,2017-09-26 20:22:49
c4efe9b9dcdeb1a96497a8f580c1e411,128063f468c95a5ee1317b1007435739,BA,irece,art,49.3,22.28,71.58,delivered,2018-07-26 09:09:24,2018-08-22 00:00:00,2018-08-08 14:17:51
ad1e181092a016f9c984f5ba59bd9119,6c286f4b415764f00f8ebbe4f8fe271c,BA,itapetinga,watches_gifts,278.5,23.88,302.38,delivered,2018-07-21 18:24:39,2018-08-15 00:00:00,2018-08-02 16:25:00
833d8240f42e55ec0f05be5b78efd6de,93fddf79f18ee3d70973e4fc05f20555,RJ,mage,sports_leisure,43.5,15.1,58.6,delivered,2017-05-18 22:32:31,2017-06-21 00:00:00,2017-06-16 16:53:41
0ec7299d65db721d9a6b5c95c2ff494a,d10687a929e58de647bfda07ce41713e,PA,belem,cine_photo,49.8,19.04,68.84,delivered,2018-05-11 16:51:46,2018-06-07 00:00:00,2018-06-08 22:03:02
74748a8ba7d523ab46fe3354996609f6,2e61a8d70f5bd8fa8dd742ed198aceaa,SP,sao paulo,furniture_decor,89.0,39.51,128.51,delivered,2017-02-08 12:55:23,2017-03-17 00:00:00,2017-02-14 16:08:45
b293643d38b49d3f824bc6be2fece99e,55ab86d9b0939b03afebc707ed6c81a9,SP,sao paulo,construction_tools_construction,135.0,8.21,143.21,delivered,2018-07-26 11:25:33,2018-08-03 00:00:00,2018-07-31 15:24:33
889ea351c8a3773acec1c4652d87a9c1,2e10c3004916b6b54a16582dbb2de7a7,SP,sao paulo,toys,64.99,18.33,83.32,delivered,2018-05-13 19:53:11,2018-05-30 00:00:00,2018-05-17 12:22:02
48bc52c2b508d82a24686b9dceddf414,8239ca2046201271c02b956da21fd067,SP,sao paulo,cool_stuff,65.99,10.64,76.63,delivered,2017-03-09 17:30:52,2017-03-28 00:00:00,2017-03-14 12:32:50
1170def5f575ee492231108cb5185570,0537b5ab20888f8cb3f5e2c1dec3841d,RJ,macae,health_beauty,69.9,13.48,83.38000000000001,shipped,2018-05-06 07:09:28,2018-05-29 00:00:00,
952da942e2586c7131de1381aba049a3,002cdf87d4c03f08f7eb4551a923affc,SP,hortolandia,office_furniture,196.99,31.68,228.67000000000002,delivered,2017-10-31 17:32:22,2017-11-16 00:00:00,2017-11-30 20:03:57
cec3fc5de594e2fdec6ca3becfcbab46,9963c7b63b74a97221e7552de0cba703,SP,sao paulo,sports_leisure,49.9,7.78,57.68,delivered,2017-12-10 14:48:26,2017-12-28 00:00:00,2017-12-21 20:16:56
a123cd9821687920113cb485d989016c,4dfeb6b99bc972ab0dcd1db4e187a827,MG,belo horizonte,auto,59.9,23.0,82.9,delivered,2018-03-11 10:53:47,2018-04-02 00:00:00,2018-03-21 11:08:41
36da3594f270f9d28bae07df5974d240,8ce1466844e91c831b7ceaefff65b18a,RJ,quatis,health_beauty,149.9,14.64,164.54000000000002,delivered,2017-10-21 12:35:40,2017-11-09 00:00:00,2017-10-26 20:32:43
9564498225916371a8670c3b0253ea81,3509c8111bbacb04f27aa58752d99b47,BA,salvador,sports_leisure,17.55,26.78,44.33,delivered,2017-05-06 08:54:37,2017-06-16 00:00:00,2017-05-29 16:00:01
0cf9e3fb10440c4f24991613c58587ca,383ee4e0af292559059e0ba0415af7be,MG,campos gerais,perfumery,129.9,17.39,147.29000000000002,delivered,2017-08-14 23:01:29,2017-09-01 00:00:00,2017-08-22 20:54:36
470aaf67aea3ff90fa50bada79776333,c0caeeba08db2b172fe93cd73998a978,RJ,duque de caxias,toys,309.99,16.93,326.92,delivered,2017-10-09 21:06:49,2017-10-27 00:00:00,2017-10-23 19:13:02
e23e45778ae735856e12dd12750e2b14,30b25e94cd8582e92ef193531bc531b8,DF,brasilia,bed_bath_table,189.9,22.17,212.07,delivered,2017-09-03 13:14:37,2017-09-25 00:00:00,2017-09-08 16:22:41
7b55e0ab39964f4d062638b827734371,e31e57a5fcc85d9f53064571ec89390f,SP,sao paulo,furniture_decor,69.9,11.15,81.05000000000001,delivered,2018-04-16 22:26:28,2018-05-03 00:00:00,2018-04-18 18:54:50
881206af1a6a9cd34119b99782759dd4,6d141730d4ed0958992008a4b5ad62f3,SP,sao paulo,pet_shop,36.9,7.87,44.769999999999996,delivered,2018-05-29 14:01:37,2018-06-21 00:00:00,2018-06-02 12:35:45
577e6fdfae22d140e0167cc4a674c1a0,ff9c030fb4209fbf442ae1368a6b376a,PR,toledo,furniture_decor,150.0,20.41,170.41,delivered,2018-05-13 21:11:17,2018-06-04 00:00:00,2018-06-02 14:58:53
41277f3a6a9033447c24bd3e1ff04c86,7a83708d2551253dd81d5453093be6b3,BA,salvador,office_furniture,154.99,16.52,171.51000000000002,delivered,2017-07-15 16:01:02,2017-08-16 00:00:00,2017-08-18 17:57:44
38e58cdf27a57490e8945bd9f8150e45,d0187608cac8c82a53583c72649e9d61,MA,candido mendes,health_beauty,119.9,38.39,158.29000000000002,delivered,2017-11-28 15:34:46,2017-12-27 00:00:00,2018-01-05 11:19:40
31dd19623d916b1848334732b797d5f5,034917dc638e05834a69e3c5417fd57d,SP,itanhaem,art,36.9,20.84,57.739999999999995,processing,2017-06-25 17:50:06,2017-07-18 00:00:00,
8aad27637248090b933a0697be57c443,10117b5de5f5a438af572fce7b0639c6,BA,salvador,sports_leisure,107.9,17.47,125.37,delivered,2018-03-15 15:54:57,2018-04-09 00:00:00,2018-03-28 17:14:55
556a840ca8df33d08ff39fed4a28792b,73c516a64ff064268d32efce2a9b333b,RJ,resende,furniture_decor,29.9,23.36,53.26,delivered,2018-08-01 09:54:54,2018-08-23 00:00:00,2018-08-15 15:09:53
cc07a8fdd3a8e94d683c8142a117dbc1,e5dbefdfdf3eff75c8e6cd655f128279,RJ,nova iguacu,unknown,122.99,14.61,137.6,shipped,2018-01-11 17:11:11,2018-02-09 00:00:00,
840cfabd91dbe1c98ad86fe2e7bc3ad7,d2303e113ab570be6816c67d949176c3,SP,sao paulo,sports_leisure,62.79,15.19,77.98,delivered,2017-10-17 01:19:17,2017-11-09 00:00:00,2017-10-26 21:08:28
67c2939389900ee5ef95296df8691336,78b47e917e6732e91b9fd5e23205b830,SP,sao roque,bed_bath_table,19.99,2.14,22.13,delivered,2017-10-26 22:54:02,2017-11-14 00:00:00,2017-10-31 21:28:59
682bc14ace7856a832cef3a783e4886a,f58bfa7fe6c7b7f7c7e2e1dc1321740e,RS,porto alegre,housewares,98.0,16.88,114.88,delivered,2018-08-22 13:54:18,2018-09-10 00:00:00,2018-08-30 23:16:19
4d51efabbf910d08f6cd53443acfb25e,d7b8efcb66895ccfb0d9b1c94e527dc2,RS,porto alegre,stationery,36.9,15.1,52.0,delivered,2017-07-03 09:20:46,2017-08-02 00:00:00,2017-07-13 19:43:31
8431f97a257ec43f34fd13b183d362b9,277125a4e4d6b40f9bf6f2d460774b8b,RN,mossoro,furniture_decor,44.99,51.04,96.03,delivered,2018-08-16 13:20:52,2018-09-21 00:00:00,2018-08-24 18:36:19
1ae5e030d89d7b67c836e475fd6724e7,b809df6e0b4a7fcd017b930833022256,SP,paraibuna,auto,16.9,12.79,29.689999999999998,delivered,2018-05-08 16:05:31,2018-05-28 00:00:00,2018-05-16 18:44:33
a3270f2613a807c71433dada7bf3876a,7e387c726a8b2cc0ef5bc3908e30a7c7,SP,sao jose dos campos,perfumery,32.9,7.49,40.39,delivered,2018-07-03 17:05:33,2018-07-30 00:00:00,2018-07-06 17:36:45
c00f3f641666e8a8aa2014b9fb8f1b68,26b62aa58a703c082ea1bef6cf826c0d,SC,brusque,fashion_bags_accessories,50.9,16.12,67.02,delivered,2018-02-16 17:30:20,2018-03-14 00:00:00,2018-03-14 00:26:46
e9deefc5724bd9c035dc3727fa4ad4d0,63f03d1fe1363c8d910910529297a56b,RS,caxias do sul,bed_bath_table,44.9,18.23,63.129999999999995,delivered,2018-04-22 15:06:51,2018-05-25 00:00:00,2018-05-07 11:38:37
e623ce1206781e57a58020bca18aeb28,3ca2f14e7557aad9076a9056d0c41c5e,PA,santa isabel do para,telephony,49.0,25.63,74.63,delivered,2018-01-30 23:41:41,2018-03-13 00:00:00,2018-02-21 17:19:12
731d09efba8a2040506f3097b149c979,bcc613447f8ad78b10c2d4e3198b3151,SP,sao paulo,bed_bath_table,109.99,15.88,125.86999999999999,delivered,2017-05-01 20:04:31,2017-05-23 00:00:00,2017-05-12 13:16:46
7a76fba56e5e78997c15b4e7a3a7e760,4fc64dfc8aaeb02ba72134681233c9a4,ES,vitoria,health_beauty,37.9,15.1,53.0,delivered,2017-09-25 17:28:37,2017-10-19 00:00:00,2017-10-04 21:32:32
96f51ec3fb1b8781a86bfaf4a4c94494,68bcb3a214bd2742c071d48804432a5a,PB,patos,perfumery,259.9,45.67,305.57,delivered,2017-10-12 17:38:54,2017-11-16 00:00:00,2017-11-09 20:23:55
b3dbda02f0861fee4f3d609a22e904d6,c28f4785ee1f68c298874a466cc1445f,BA,salvador,baby,388.0,24.59,412.59,delivered,2018-01-13 23:32:48,2018-02-09 00:00:00,2018-02-02 01:42:36
54d84dc0eff0132dfeae935a6c27eb45,46ccb0012f64c53a1ed1e87bb8ae60ed,SP,suzano,sports_leisure,74.99,11.73,86.72,delivered,2017-07-27 11:45:11,2017-08-09 00:00:00,2017-07-31 17:41:28
d289934bddf878e1cac62c95c8ee5402,f4bb7e15b8197cc177adec7d3ca5923c,SP,sao paulo,consoles_games,69.99,18.59,88.58,delivered,2018-08-15 17:53:14,2018-08-30 00:00:00,2018-08-22 22:41:16
244e91c4c416908e17829094e3eb7aa6,93703e703e163c46a2382d695551a962,MG,carandai,computers_accessories,26.9,15.56,42.46,delivered,2017-03-28 09:24:55,2017-04-19 00:00:00,2017-04-05 13:22:56
020d90b47730f065a03723587c20a57f,381dfcb40faad1f227305b69e6535d34,SP,santos,watches_gifts,284.8,9.18,293.98,delivered,2018-04-27 11:14:54,2018-05-16 00:00:00,2018-05-04 21:42:50
af9590febcbcb2c619ddf09330abc567,34bac84cfbd0ba1da052e4f5b266c80a,MG,juiz de fora,market_place,119.9,27.16,147.06,delivered,2017-11-10 16:31:07,2017-12-04 00:00:00,2017-11-25 13:37:05
50ae47026ede04338be3d8711d8e8a7a,2129ef15b2761ae29663d414cb66978a,RJ,rio de janeiro,home_appliances,185.0,16.04,201.04,delivered,2017-09-03 15:40:26,2017-09-21 00:00:00,2017-09-12 20:42:05
9a75a775d17d37cd19193fe02c3f21de,9ff65289796499ec62ee319b027dcff0,RJ,rio de janeiro,garden_tools,380.0,44.04,424.04,delivered,2017-01-11 15:56:35,2017-02-23 00:00:00,2017-01-24 14:14:24
3ae63a94693532d56e8408de2a30ac10,64b4630b1015051dc3c2e286684d444f,MG,uberlandia,housewares,89.9,17.88,107.78,delivered,2017-06-18 19:59:52,2017-07-11 00:00:00,2017-06-27 17:48:52
ec8e9a10b613682c45e614fd392bb666,3cebc638abdd92da9c304b8250bdcc7c,AL,matriz de camaragibe,health_beauty,64.0,20.9,84.9,delivered,2017-05-04 11:01:02,2017-06-16 00:00:00,2017-05-16 08:33:55
2609c6729fdff11b1686733d0852c7ed,eb4ef41d614050eb2f59bb3ea068cf93,RJ,mage,fashion_underwear_beach,73.0,14.68,87.68,delivered,2017-02-11 16:59:01,2017-03-14 00:00:00,2017-02-21 14:52:00
34fb24b31d9f7c52c22cc20e8c81449f,a3fa9f85ff02862dd94e82ace1f4f245,RJ,rio de janeiro,sports_leisure,45.0,16.32,61.32,delivered,2018-04-09 11:36:08,2018-05-16 00:00:00,2018-04-23 11:16:53
4060a8c4cf4cdd2f9ffd6f7af3930fde,1208c8555f90541f4ca397baeb16a26d,SE,sao cristovao,consoles_games,40.0,34.15,74.15,delivered,2017-11-23 18:49:03,2017-12-19 00:00:00,2017-12-15 01:28:34
1ebeec1bb9ce388ee2e00d401058ca8b,6b681e2738264eb39f1da19f82919630,RS,santo angelo,sports_leisure,39.9,15.7,55.599999999999994,delivered,2016-10-09 22:36:49,2016-12-02 00:00:00,2016-10-15 05:02:16
c3cb4c7c4b963ab08b07a5dca5baf05d,4521ca49d47fa50f2b98f0c71cbf5ae7,RS,trindade do sul,stationery,119.0,15.58,134.58,delivered,2017-05-15 16:29:03,2017-06-08 00:00:00,2017-05-23 12:51:55
5317d6f0c0b5822201596d8f4aabdc6e,336a58bfc72c8a05d6f17fe74a7ecda4,MG,belo horizonte,toys,158.9,29.28,188.18,delivered,2017-03-01 06:24:20,2017-03-24 00:00:00,2017-03-14 15:52:24
c432657bb18ddf7f48b7227db09048d4,e890c412a8b910d4709660658d700483,GO,mineiros,consoles_games,38.9,16.11,55.01,delivered,2017-12-12 00:29:08,2018-01-11 00:00:00,2017-12-22 17:28:04
9d9963c450921c5db41bfa4095ea57ba,f1a617e9eae04ad1b4dfdd04baa507a7,SP,itaquaquecetuba,garden_tools,126.99,14.49,141.48,delivered,2017-07-10 13:02:07,2017-07-21 00:00:00,2017-08-03 16:09:05
e298159aa5f22e9d556add24a66be952,356c2a2edf34ce811f5d75d3a48d1632,SP,jandira,bed_bath_table,22.99,15.49,38.48,delivered,2018-01-26 14:36:23,2018-02-19 00:00:00,2018-02-01 03:03:48
5e8b4aa74976e14d93bdf32760b2e1f0,2f155c1ffcbca8202180cd9f38ee9e2b,RJ,volta redonda,bed_bath_table,39.9,19.47,59.37,delivered,2018-06-26 08:14:39,2018-07-26 00:00:00,2018-07-03 21:44:00
99b504380657b5d582c36a7748f77842,f9ba2cfb1ae12c5c19b625e4b9f88ec6,SP,sao paulo,furniture_decor,45.0,8.72,53.72,shipped,2017-03-20 13:10:20,2017-04-12 00:00:00,
dc176963313df28e26c74cddb9ed665d,db799b502d35711fc090b4a9d68ca21a,SP,campinas,baby,134.9,10.25,145.15,delivered,2018-06-18 18:12:07,2018-06-29 00:00:00,2018-06-22 15:37:46
38ec15a8c5ee8b06e98a7db4f56f066a,e773a42bacfb194f0f480d9e52d0f688,PR,cambara,bed_bath_table,89.9,15.38,105.28,delivered,2017-06-24 10:50:33,2017-07-18 00:00:00,2017-07-10 20:13:52
b99b9205eafc5fa75cfce1be7d1d9bff,87db600753c78160792e4fbfde4a3025,SP,piracicaba,pet_shop,129.9,12.45,142.35,delivered,2018-04-06 09:20:57,2018-05-03 00:00:00,2018-04-13 22:51:49
eb2eaefa4195b7025954852dd88844a1,9fc74175f571140da6c160cb27ffed4f,SP,itaquaquecetuba,health_beauty,150.0,12.55,162.55,delivered,2018-02-06 17:06:54,2018-03-02 00:00:00,2018-02-15 15:03:45
22aa38d79daf931ecd4c115fdb1f9c05,c76ec4b6c3ef80913c4744442973a501,SC,taio,garden_tools,59.9,17.67,77.57,delivered,2017-08-27 11:29:23,2017-09-27 00:00:00,2017-09-06 19:48:42
7c70f1c05b2c170358a1765511517175,212de5904c4fe864c3a66f26d3043d97,CE,fortaleza,sports_leisure,113.0,29.19,142.19,shipped,2017-09-14 14:36:00,2017-10-11 00:00:00,
cd8676507ccbfc96f9e0908910b9e0bb,3c548f8815ccc730a538bd754b555dfb,PR,imbituva,furniture_decor,38.4,16.11,54.51,delivered,2017-11-29 13:47:30,2017-12-27 00:00:00,2017-12-13 13:18:02
23fe7e1e5139248d8e9e379e1a910860,57714ca1784d22630b2a7b52627c4b94,SP,ipaussu,bed_bath_table,33.99,13.41,47.400000000000006,delivered,2018-06-16 19:06:54,2018-07-17 00:00:00,2018-06-25 18:38:41
2dac1809f9dbdd8fa97870ee26c2736f,bfe4719cdbc3a93a56e3da2ba000add9,SC,cacador,pet_shop,59.9,19.39,79.28999999999999,delivered,2018-05-20 10:30:21,2018-06-18 00:00:00,2018-06-07 16:09:57
c253cb678b5c3b8e8c9a13fc97d8e7f5,8b42400c4cb61d91fbc68a94467a700a,PE,camocim de sao felix,dvds_blu_ray,14.9,20.8,35.7,delivered,2017-02-06 14:31:27,2017-03-13 00:00:00,2017-02-14 13:41:46
e388ba23a7be5ab887a1ee138de9e8d3,5ff2a60da4020c59a1fcb445bd7f571d,SP,maua,telephony,27.99,7.46,35.449999999999996,delivered,2018-06-26 18:31:58,2018-07-12 00:00:00,2018-06-30 16:18:36
39df1de47e267f7b0ab662c18a428319,8fdf68f35964ea44bf5b3b4316ef5f64,SC,blumenau,drinks,38.49,15.1,53.59,delivered,2017-11-21 19:58:08,2017-12-12 00:00:00,2017-12-08 14:57:31
8882b69ff0006727224cd56da4932e89,fd9498521525ba7fe2a8515f00e7415a,MG,lavras,fashion_bags_accessories,34.0,14.52,48.519999999999996,delivered,2017-03-16 12:03:27,2017-04-07 00:00:00,2017-03-30 15:42:36
798c01f3a7c277a170c5a669935fb85b,4a4a8bf9c5ce8d2a9a76e23804a5c533,SP,taubate,housewares,16.99,14.52,31.509999999999998,delivered,2017-04-11 20:22:44,2017-05-05 00:00:00,2017-04-20 09:06:25
be8825818ef90fa22e25614dad11854d,396adb4d8570f382a271ba14a73d0190,SP,sao paulo,furniture_decor,69.9,46.6,116.5,delivered,2018-04-13 13:09:30,2018-05-11 00:00:00,2018-04-18 13:58:42
29152a6bbb878d0f03d10e9ee8f59093,07b5c3178c3ad710834bbcdae248f737,BA,eunapolis,construction_tools_construction,48.0,22.06,70.06,delivered,2018-05-19 10:55:03,2018-06-13 00:00:00,2018-06-09 13:39:22
f15823135aadc5deaa75fac279913c00,362109339da687eb86d48ebdbea81a9a,PR,japura,furniture_decor,14.9,12.48,27.380000000000003,delivered,2017-12-23 10:23:30,2018-01-19 00:00:00,2018-01-08 23:13:03
409e065598ea4a9dba359d894ab0cab9,9934d9121d7b75929c14c754f1ffed75,SP,mogi das cruzes,health_beauty,69.9,0.09,69.99000000000001,delivered,2018-01-03 21:53:52,2018-01-30 00:00:00,2018-01-09 22:39:43
97f4b655ca8dc69d90d799601c94c3f1,b222070e603972f720d979f5454e0b15,SP,sao paulo,telephony,39.9,15.1,55.0,delivered,2017-11-12 15:07:20,2017-12-05 00:00:00,2017-11-21 16:57:02
be00cfaf4e0d5de6b164815a10ca0ad3,8eda36b1582f48911a40565f7646e442,SP,santo andre,bed_bath_table,99.99,71.78,171.76999999999998,delivered,2018-07-09 12:49:51,2018-07-24 00:00:00,2018-07-16 13:32:32
95f9d289eb0d1034066dbe1638e696f7,18d61a27f478cd6201df948578f814f9,SP,jundiai,fashion_bags_accessories,39.9,7.78,47.68,delivered,2017-06-22 10:53:49,2017-07-05 00:00:00,2017-06-23 11:51:42
1ad61c926dff6777c28e962510cc2c71,fe6b54cd897e53d07ecec69074ddf7b9,SP,sao paulo,fashion_underwear_beach,79.9,11.76,91.66000000000001,delivered,2017-08-21 14:18:21,2017-09-01 00:00:00,2017-08-25 18:32:25
e75f1da586f734da31fb56a851068857,55bb91a06e34d43837b86890e1c9a217,RS,encruzilhada do sul,garden_tools,59.9,17.67,77.57,delivered,2017-11-17 15:30:03,2017-12-18 00:00:00,2017-12-06 17:16:11
f891a5652a32da88979c1328c7cb73db,7538ab19c6d24c3b66a0986332fadfe4,CE,sobral,health_beauty,680.0,193.28,873.28,delivered,2017-03-13 22:32:23,2017-04-13 00:00:00,2017-04-22 20:40:08
c1e8ab8d063eba72d530b57e5b05f919,b7c897200ac65c43a131e71b8ae3b8f3,PA,belem,baby,999.0,31.44,1030.44,delivered,2018-03-01 17:29:35,2018-04-03 00:00:00,2018-03-23 02:57:56
be72913e7cd72283b3a40dea048c3689,c91f28d2897be83bf943056ef4cf252e,RS,casca,baby,250.0,132.28,382.28,delivered,2018-05-21 15:30:28,2018-07-06 00:00:00,2018-06-21 00:42:30
54b4da510fed5dc3cf3e7a8e50a5f224,4dcabe94c61f202327839a734955b0cf,SP,sao paulo,furniture_decor,59.9,37.3,97.19999999999999,delivered,2018-03-05 22:57:31,2018-03-15 00:00:00,2018-03-09 19:41:40
7cfabaea28ed8990f6ed91454a1a7cd1,4ee37991abb735e85b6965adfb0316cd,SC,presidente nereu,health_beauty,52.99,17.62,70.61,delivered,2017-12-11 22:45:48,2018-01-11 00:00:00,2017-12-27 17:52:41
98991dc034323e310fdd97b8af6064b0,6741fe058b7a7605920b9060b234294e,SP,franca,housewares,130.0,15.0,145.0,delivered,2018-05-08 12:12:30,2018-05-22 00:00:00,2018-05-14 17:58:16
16f3197b63d493ba1c9fa0fd6c75f985,5f44b92cf9c269ddbe36a97991a7ed3b,SP,osasco,health_beauty,30.0,7.39,37.39,delivered,2018-03-25 23:19:51,2018-04-06 00:00:00,2018-03-28 18:41:52
5e1e97f999b0aa80d601a6619c1c050f,f2abacc7fc5f774032585b02eb823d9b,SP,sao paulo,sports_leisure,89.9,27.48,117.38000000000001,delivered,2018-01-06 23:02:07,2018-02-09 00:00:00,2018-01-15 23:26:38
eced501ea6ea98469acff0ccbf3ca09b,5182c0939da37d2f3acd9f2fb8b60d4f,RJ,rio de janeiro,bed_bath_table,89.9,19.5,109.4,delivered,2017-11-27 11:13:06,2017-12-18 00:00:00,2017-12-11 21:19:09
c39d785e16b7798f5c2654780d533ce1,a2db815b0f1b2ee7993ab1ca583f8bf4,SP,sao paulo,bed_bath_table,8.99,8.5,17.490000000000002,delivered,2018-02-24 11:06:11,2018-03-27 00:00:00,2018-03-19 18:51:38
5352c1dc5dd9f4aa2a6dedff4b9da9d9,81d863988b3c9126207c8fc282c503fc,SP,matao,health_beauty,47.65,12.79,60.44,delivered,2018-03-23 12:14:42,2018-04-12 00:00:00,2018-04-02 19:59:00
9435ca5afd4668e55d0dbd99c204b42b,c8a0a50ecb5462ccf003ad5e3639df2d,SP,campinas,stationery,99.0,9.51,108.51,delivered,2018-02-27 10:12:37,2018-03-13 00:00:00,2018-03-08 22:52:43
3f6484ca65eed5c701aa5e348623537f,406b3f44f5f94a0bd14d6672e0de4266,RJ,sao goncalo,health_beauty,135.9,21.88,157.78,delivered,2018-04-01 23:05:58,2018-04-20 00:00:00,2018-05-06 18:48:46
3c31676dda1c2731a56d31f4157f72b4,6a612d163c494321a5a32bca5f558296,SP,sao paulo,sports_leisure,113.0,28.15,141.15,delivered,2017-07-10 09:21:18,2017-08-01 00:00:00,2017-07-14 17:34:00
b99a2fee4c6c76f8f22757566c90d534,a3057829f96dc368f93a30abda21c970,DF,brasilia,toys,30.5,14.1,44.6,delivered,2018-02-27 21:52:11,2018-03-20 00:00:00,2018-03-14 01:33:02
d9f44613b4dc08ecd6baa55f2fd5aeed,0326b5f0f7b97564beacafb4bc3f051b,SP,sao bernardo do campo,furniture_decor,24.9,15.23,40.129999999999995,delivered,2018-04-19 12:56:38,2018-05-14 00:00:00,2018-04-30 18:26:12
81896eba4fe92a3bb71bcf392296f77f,83abd11daa7c9c89e248e0ac8806d296,RJ,rio de janeiro,cool_stuff,90.0,16.07,106.07,delivered,2017-11-26 23:47:31,2017-12-20 00:00:00,2017-12-22 17:17:59
40f3b86bf26d578cbe4fc74c6c3a18f3,f8555e5bcbb0ded3765a3f64651dd381,ES,vila velha,cool_stuff,69.9,14.24,84.14,delivered,2018-01-22 11:40:28,2018-02-15 00:00:00,2018-02-14 21:33:00
81633234173b1cd685789057d87021c9,6894859226b72a108f30b988fb60c71e,SP,carapicuiba,bed_bath_table,199.9,13.7,213.6,delivered,2018-08-13 10:12:41,2018-08-20 00:00:00,2018-08-18 16:58:54
ce8690397f7d93704f8d39df619190fa,be2a6ba6f77e333c3c2d42228666cfba,SP,votorantim,furniture_decor,35.0,10.09,45.09,delivered,2018-03-07 22:41:40,2018-03-20 00:00:00,2018-03-13 17:16:30
dab1208f2886c43e8bd155b40523d343,98dbf8eb4655115b637a4932f71b0b72,PR,lapa,health_beauty,119.33,38.39,157.72,delivered,2017-09-24 10:06:38,2017-10-23 00:00:00,2017-10-04 18:14:28
a0f1211e31ceacafc826779466a6d82b,94cf5ed198257bcf58ee59bfb7099bb1,RJ,rio de janeiro,electronics,21.9,15.23,37.129999999999995,delivered,2018-05-03 11:47:28,2018-06-08 00:00:00,2018-05-11 02:06:58
ba0a364cb39fced1809a921478499aa2,7ee397d3532b08254b5d9ef4e8c129a9,CE,milagres,costruction_tools_garden,255.0,89.94,344.94,delivered,2018-06-27 10:08:49,2018-08-06 00:00:00,2018-07-05 22:28:40
9d53d672d0f8a9f2884dbf37bbb4d7fc,bd3d8576417686aaa8c3973f7b5a0ba3,MG,uberaba,health_beauty,535.9,20.19,556.09,delivered,2018-02-28 14:07:13,2018-03-27 00:00:00,2018-03-27 00:05:49
36771b8397722fea49a6ea5a0255c985,4c3e4294b5475801f151e107b85809b3,SP,sao paulo,toys,89.9,11.25,101.15,delivered,2018-05-09 22:32:47,2018-05-21 00:00:00,2018-05-21 18:04:24
0fb1f7c7042e9fa84d8d415c5fdec5c9,ad2800c67b1324861b2e5fa0a617a627,RJ,rio de janeiro,electronics,15.0,14.1,29.1,delivered,2018-02-23 15:11:04,2018-03-15 00:00:00,2018-03-19 19:58:50
11d2a4111b0de56991e1ccbeaf4eb0e8,7e6d80de9f643556c0ef48a8bba5e830,MG,juiz de fora,computers_accessories,195.9,19.96,215.86,delivered,2017-03-08 17:14:18,2017-03-31 00:00:00,2017-03-21 10:32:46
6b492e90666acecd3f5d1fd3fab7afbf,294b8a4a0434e2071aec3ebdbaa0e080,RJ,rio de janeiro,food,89.49,25.47,114.96,delivered,2017-09-23 10:23:58,2017-10-17 00:00:00,2017-10-07 14:46:17
556a854645a80f5c86ec936469f6903a,732b284b3fb6c4aefaee529bc6c61999,SP,jaguariuna,sports_leisure,180.0,13.7,193.7,delivered,2018-03-27 14:58:24,2018-04-13 00:00:00,2018-04-18 20:57:27
794d8552a259e61b5e8a46a573c77b41,1df28da6a384e9822da017c6d44b0656,SC,indaial,luggage_accessories,99.9,61.44,161.34,delivered,2017-08-01 17:03:10,2017-08-23 00:00:00,2017-08-11 19:58:30
871ab967b724c659c2678dc802f154d1,458124a6c6c5deb7428523d51a60dd59,SP,sao paulo,cool_stuff,199.0,17.64,216.64,delivered,2017-10-30 17:24:10,2017-11-29 00:00:00,2017-11-10 17:04:44
6c1b56e12310e446624917427d430c95,6c714b014e84bfb2f117ed8429e63c9f,SP,guarulhos,perfumery,13.99,7.39,21.38,delivered,2018-03-20 22:02:46,2018-04-02 00:00:00,2018-03-27 23:28:45
90c12c43daa0435fe23b69ff3f76d8ee,0be419a69453900fff1337bc4c3e0f0f,SP,sao paulo,health_beauty,66.99,27.75,94.74,delivered,2018-06-20 14:17:15,2018-07-19 00:00:00,2018-06-29 10:28:27
432a9adaeaabee5a6d9ffa692ef34689,4efc606b565c55b693fcda6c502466e9,PR,arapoti,health_beauty,46.4,16.11,62.51,delivered,2017-12-08 18:41:56,2018-01-10 00:00:00,2018-01-04 22:47:55
5b018cb93699b67367756f17e0a383a8,e84aaed23d396c8267a21604477f38cb,RJ,niteroi,watches_gifts,229.0,16.35,245.35,delivered,2017-09-25 15:21:20,2017-10-23 00:00:00,2017-10-02 16:49:16
c1591a9316b2fcc4c98ddcb8aac1e929,0ccfd1c3caa127d3dc2567ec5fc1072f,SP,sao manuel,housewares,79.0,23.94,102.94,delivered,2018-05-19 19:38:01,2018-06-08 00:00:00,2018-05-25 13:28:22
afed4265a8b956d840bc032e54dfccd1,6a80a86f478a93a5f4c7ba8db6441a6b,MS,ponta pora,bed_bath_table,82.99,17.83,100.82,delivered,2017-07-26 17:22:34,2017-08-23 00:00:00,2017-08-16 18:45:49
166b91d58933959ea50aad0939cb5caa,5683f4e2b934479bb52058862b6ab3c6,RJ,mage,health_beauty,134.9,18.19,153.09,delivered,2018-01-10 21:23:11,2018-02-09 00:00:00,2018-01-24 15:03:13
ee09e937cddd9928e172000410e19c57,a005730a6f530f5932063b70c1ea4b88,RS,esteio,pet_shop,64.0,22.51,86.51,delivered,2018-03-18 13:45:54,2018-04-13 00:00:00,2018-04-04 14:12:50
d982abd090f18bcf182f0a41284696c1,fa87617e04f3f46415d6e7c6c251b891,RJ,angra dos reis,health_beauty,29.9,15.13,45.03,delivered,2018-08-16 15:28:56,2018-09-05 00:00:00,2018-08-22 12:31:53
82bce245b1c9148f8d19a55b9ff70644,f9effeed3df9ae063a58c0759b96f8b2,PR,cascavel,housewares,38.0,15.56,53.56,delivered,2017-04-20 17:15:46,2017-05-12 00:00:00,2017-05-10 09:17:55
3a9731efdd545919f0c6c36c8633b7fd,5df0c87636ac65c60a7e0e17964a5072,RR,boa vista,health_beauty,23.9,28.97,52.87,delivered,2017-02-03 00:18:35,2017-03-28 00:00:00,2017-02-09 18:08:30
4383f393667331c267d9cdce510b849c,198675ebabb0d7424fa53c3f4e04a85e,SC,brusque,housewares,54.9,18.48,73.38,delivered,2018-07-24 10:40:12,2018-08-13 00:00:00,2018-08-02 01:46:27
827b21495b95bc672dfaa1fd55d7025f,9891c0edb2a2bfd2facc5cbe11bbf46c,BA,feira de santana,books_technical,29.9,16.79,46.69,delivered,2018-02-19 14:26:27,2018-03-15 00:00:00,2018-02-27 11:59:38
199e57082aefc964e7135792059718a9,0937f85b7a96b6ad600405e9bf94255b,RJ,rio de janeiro,watches_gifts,38.0,15.23,53.230000000000004,shipped,2018-03-23 18:46:14,2018-04-25 00:00:00,
bc26562fb9717b24a6b7b1b4b7ee642f,55eba592aeb0505e92a1db72d8d2a038,RJ,niteroi,bed_bath_table,36.5,15.56,52.06,delivered,2017-04-05 19:20:38,2017-04-28 00:00:00,2017-05-04 15:14:34
85d0c23b95880fa1aa38c08bac7848ca,d2705e2ba83d6358fd95d29bbf8d3c3d,SP,sao paulo,telephony,29.9,7.39,37.29,delivered,2018-03-18 12:39:05,2018-04-03 00:00:00,2018-03-24 07:17:41
d61b915b69851aec8a8865f36cfd793e,00cc12a6d8b578b8ebd21ea4e2ae8b27,SP,sao paulo,bed_bath_table,69.9,11.88,81.78,delivered,2017-03-21 19:25:23,2017-04-07 00:00:00,2017-03-28 14:54:11
5441ec6c31e10fcdf8e336f1cff74659,8910756e56fefa701ff0efde3e4f6b4b,MG,ponte nova,sports_leisure,89.99,16.39,106.38,delivered,2018-01-08 19:24:09,2018-02-02 00:00:00,2018-01-16 04:28:55
ebd7da4bdaffcf5891595b0f78707bba,60d801e7acaea7b1368ba117854ef4a0,GO,goiania,home_comfort_2,12.9,19.32,32.22,delivered,2018-07-28 14:44:00,2018-08-22 00:00:00,2018-08-08 23:31:48
706a381b79e44be10223ef1a12a71d8f,8ff56a38095961259a4e61b19df3cf85,SC,florianopolis,perfumery,233.0,16.39,249.39,delivered,2017-12-04 21:26:17,2018-01-02 00:00:00,2017-12-28 20:45:19
7122be37b1b21797619ed0a6cf64f043,35b887857d9e7902094a37e9f2e51796,CE,campos sales,home_appliances,1190.0,178.11,1368.1100000000001,delivered,2018-04-09 21:35:35,2018-05-08 00:00:00,2018-05-09 22:47:31
ad29d62dc7e0a18661b20a1ad16217bd,a01cd3babae6cb01833af5e5f668bfe2,RJ,sao goncalo,health_beauty,28.9,16.11,45.01,delivered,2017-07-11 10:16:34,2017-08-02 00:00:00,2017-07-27 11:44:57
ee42c12c15a059baf7ed413b090b2bc1,9b73da29e198e5d12828f584b76cf471,SP,jundiai,sports_leisure,27.0,8.72,35.72,delivered,2018-02-22 18:11:25,2018-03-08 00:00:00,2018-02-26 19:17:16
f1b8058b666097152bfa8495286f8c61,72abcd406bff5122c45828b69034479b,SP,sao bernardo do campo,computers_accessories,23.9,12.83,36.73,delivered,2018-08-07 00:35:20,2018-08-15 00:00:00,2018-08-09 14:45:33
b7d6f9e405deaa6ff82ab9d96608482f,8dd3a5d6ea26c84101c49f5d4eadbb81,MG,sete lagoas,electronics,239.0,12.28,251.28,delivered,2017-04-28 11:50:40,2017-05-22 00:00:00,2017-05-08 12:50:15
260134f5f43f28b62a2a9512fa7eae91,f671bfb0681ebc5e528db9f93df8ec6c,SC,florianopolis,sports_leisure,55.0,21.19,76.19,delivered,2017-11-29 15:24:51,2017-12-21 00:00:00,2017-12-11 21:59:59
dc0026d5ff685eb725a42925ff3aa5eb,5dca306dea49c24aa9cb2ea552589db0,SP,barretos,watches_gifts,199.99,12.82,212.81,delivered,2017-09-01 13:13:18,2017-09-20 00:00:00,2017-09-08 20:53:50
d4fea11ff5517f07ba8cd4220302d1fe,b92521a4c53914658017fda4e09397ba,SP,sao jose dos campos,auto,149.9,12.55,162.45000000000002,delivered,2018-02-23 22:11:52,2018-03-15 00:00:00,2018-03-06 20:57:53
2eb148d17176fe23318301162e290974,a616efa5c39f96dd2ac56f99b4b3b14d,SC,blumenau,furniture_decor,150.0,42.03,192.03,delivered,2018-07-23 18:08:41,2018-08-15 00:00:00,2018-07-30 16:42:19
417a8cf8c81a07cfdabc86eb32055c88,3e465fef36c3e2a1742b5067f7a2178e,SP,sorocaba,bed_bath_table,119.9,12.54,132.44,delivered,2017-12-22 22:27:44,2018-01-12 00:00:00,2017-12-27 16:25:05
b95d5ef6f9819b245a7354862ed0ec51,229a63d95e8de666db8d89e8a767ee66,RJ,rio de janeiro,computers_accessories,25.52,15.23,40.75,delivered,2018-05-13 19:08:08,2018-07-02 00:00:00,2018-06-06 20:28:54
2d20b2e2272e869dbdc7f194d98e76a9,b1b39d2d7f736c765aa7a1752bfb47a9,SP,campinas,telephony,104.0,11.34,115.34,delivered,2017-02-23 22:50:03,2017-03-16 00:00:00,2017-03-08 02:14:33
8d7e588f9edf5e801cf455bf1961cffb,e12d8a612d0688d5e1d41fc6bf837e90,ES,sao mateus,health_beauty,89.9,19.82,109.72,delivered,2018-06-19 14:01:34,2018-07-13 00:00:00,2018-06-29 21:08:28
6ca2f668191c33ed41c967acf4b9841d,93456039190d2a2c0cb5cc96b29bb9d5,RS,novo hamburgo,watches_gifts,665.54,18.41,683.9499999999999,delivered,2017-05-20 16:07:06,2017-06-16 00:00:00,2017-05-29 13:23:48
94f6265a57323f7ddf9795f2d46a50e8,8b4361de59896c017194b507a4ceb7c1,MA,pastos bons,auto,59.9,37.97,97.87,delivered,2018-01-09 12:35:42,2018-02-09 00:00:00,2018-01-25 15:35:44
b0b5cb8bc442bc5599f4bf65dfc67cf8,b94ccf1b18e4cb26dba7ad3f6138b7b6,SP,sao paulo,cool_stuff,38.99,8.72,47.71,shipped,2017-03-23 12:10:06,2017-04-11 00:00:00,
c8cdd4400eb4d108c4fb6992339c9fa1,4820f42c8203dcad5d2c17cf363048b0,SP,sao paulo,watches_gifts,219.0,16.28,235.28,delivered,2018-01-05 09:00:35,2018-02-06 00:00:00,2018-01-15 18:12:37
cdd28b19608da7e96804c00fdfd2faf2,d1e168c5731277824b65a332cd7a99f1,SP,sao paulo,health_beauty,49.9,21.15,71.05,delivered,2018-01-14 16:26:03,2018-02-09 00:00:00,2018-01-22 13:32:28
bea1ab5c0fe7913f170dd7e82e53dac4,d5247fb0d8e7aa1ecdd9267757c329d5,SP,sao paulo,construction_tools_construction,120.0,14.14,134.14,delivered,2018-08-15 15:18:12,2018-08-27 00:00:00,2018-08-17 22:51:33
d3123a8def350af103d31c2026666c25,915e75e4cb2d49ca4f2f11df06c57b06,MG,uberlandia,garden_tools,33.0,23.03,56.03,delivered,2018-08-18 18:04:29,2018-09-19 00:00:00,2018-08-27 20:03:51
48085a2da6f7f5d46958b76af0dadf07,d4b64da51faecbdf6cfe1cdcfbba9d38,PR,maringa,costruction_tools_tools,32.0,18.23,50.230000000000004,delivered,2018-03-21 09:40:27,2018-04-13 00:00:00,2018-04-02 23:52:03
b8b755f4dbfb058b20c5c4ef662ddc9f,ff5dc18f33f97199609b4dd60918b6ae,MG,divinopolis,pet_shop,142.9,27.73,170.63,delivered,2018-04-04 16:43:47,2018-04-30 00:00:00,2018-04-18 12:12:53
79730096d219216eb484e1e16568ef23,d7adcdb433f3dffc954f4b7f5cfe9dd0,RJ,rio de janeiro,sports_leisure,99.9,15.45,115.35000000000001,delivered,2017-12-09 12:29:50,2018-01-10 00:00:00,2018-01-08 22:13:02
7e4d4a50dc999bcf59d2e055db0f4b37,8c7be63e191ee9f0045e3b61a4d44867,ES,vila velha,stationery,59.9,19.66,79.56,delivered,2018-01-08 01:30:12,2018-02-07 00:00:00,2018-01-19 20:49:02
70ecbe22c2346dd38085cba820c9c462,26a6e3e036636ef1d5636f98b66094cc,SP,sao joaquim da barra,sports_leisure,99.9,14.28,114.18,delivered,2018-06-19 12:51:41,2018-07-12 00:00:00,2018-06-26 14:38:51
7b1ae58b5229a97d804f2275f3cbd3ed,28bb17381dcd233eeb29142b4693c257,SP,varzea paulista,housewares,40.5,43.07,83.57,delivered,2018-05-22 22:39:03,2018-06-11 00:00:00,2018-05-28 17:08:54
5bfd0cddafa5fbbaa95429ed5577be6c,148d8cd416a18b1b5d014cb2ec6ccefe,PR,curitiba,bed_bath_table,59.9,19.39,79.28999999999999,delivered,2018-03-28 10:06:01,2018-04-19 00:00:00,2018-04-06 18:33:45
6e55e4357294c390e20e59615b237026,9944b76be9da41b165d61c89598763d7,SP,sao paulo,housewares,259.0,60.74,319.74,delivered,2018-05-20 15:15:42,2018-06-12 00:00:00,2018-05-29 15:22:05
9fafe6b668f5ea28dd3759326d76597a,dca9a13536adcef18c6c5859487347b1,SP,sao paulo,auto,45.9,16.25,62.15,delivered,2017-12-26 19:20:48,2018-01-15 00:00:00,2017-12-29 14:05:45
dac240c372efa20977771d685d447ec2,db99289567e2c741bcc6efe55b30215d,MG,contagem,sports_leisure,120.0,14.59,134.59,delivered,2017-12-05 16:09:22,2017-12-28 00:00:00,2017-12-18 11:55:29
b29696b3c00ec6ac4adfa001a2c7cd3f,72a91ae0e3071d2b223ab8abb71639b0,GO,itapuranga,furniture_decor,349.99,44.86,394.85,delivered,2017-08-19 10:49:59,2017-10-05 00:00:00,2017-09-11 20:31:57
1d309784fd7cb2fc8c74ef03c942426c,7108c2b8b62f2855e7a6570ba2fb9b39,SP,itapevi,perfumery,13.99,7.78,21.77,delivered,2018-01-27 10:24:36,2018-02-14 00:00:00,2018-01-31 21:12:07
0f2f7e210f5079ed1f797cb4aed6dfbc,dcd27efb93b723b301f8bac00e5d7e01,RS,porto alegre,furniture_decor,196.8,15.72,212.52,delivered,2018-05-02 15:40:15,2018-05-29 00:00:00,2018-05-11 12:33:07
3ee62ebf18aabbf553dfaa8dc35264f0,66a77ba2e8fb1b11cfa1a94a82f551e9,BA,salvador,small_appliances,109.9,21.22,131.12,delivered,2017-03-07 00:01:04,2017-04-05 00:00:00,2017-03-20 17:28:05
210f6de2695396bc0cc864241676e17a,6892effbf8013b8d62e2c47cf3d3bd58,SP,rancharia,bed_bath_table,19.9,11.85,31.75,delivered,2017-10-25 21:33:47,2017-11-13 00:00:00,2017-11-03 18:18:02
545c81f766ce4811ebecb78efc1a665a,1ad6206aa9d7467668c8432b19047be3,DF,brasilia,furniture_decor,29.9,9.09,38.989999999999995,delivered,2017-09-20 15:56:25,2017-10-05 00:00:00,2017-10-07 16:17:17
0c2c69625643d98afb22fc2e8dea27ba,2d187d54d031a542ffa9d09e83a9b1d0,SP,osasco,housewares,29.9,8.82,38.72,delivered,2018-05-16 08:36:16,2018-05-24 00:00:00,2018-05-17 15:05:05
ab8f85575996e2f61235b8943be55eb9,1c08b06f4ab93921cad72057eb69403f,MG,lambari,watches_gifts,864.9,24.15,889.05,delivered,2018-07-13 21:39:22,2018-08-01 00:00:00,2018-07-23 17:46:04
a02d824dac198415585e19860908b022,0f55ceea97cf144601fad8d9becf9bb2,SP,piracicaba,housewares,33.0,12.43,45.43,delivered,2018-04-29 20:23:29,2018-05-14 00:00:00,2018-05-03 20:14:56
e862ab2c5b9da53dea30d39617038ffd,d73f93902231dfd67c3d5f22803ec0d3,BA,lauro de freitas,telephony,18.0,15.79,33.79,delivered,2018-03-04 13:17:05,2018-03-27 00:00:00,2018-03-18 15:29:37
c8190ec25152e9e725de81876f1b9125,7dd4140585d02a0583952506e4b36784,SP,sao paulo,consoles_games,49.9,7.61,57.51,delivered,2018-06-27 19:58:01,2018-07-24 00:00:00,2018-07-03 22:51:12
896701a2a04dda03c6d3d7b31f0a827c,d91d9ea7958ab17a6b03e40dc7124e3b,SC,ibirama,garden_tools,16.9,14.52,31.419999999999998,delivered,2017-03-15 17:10:49,2017-04-05 00:00:00,2017-03-30 14:43:11
fc4e3d907bbca064eee88088667f4e98,3df4912077693dc7933267da9542825c,SC,rio do sul,cool_stuff,199.99,18.65,218.64000000000001,delivered,2017-07-01 22:03:10,2017-07-25 00:00:00,2017-07-11 19:26:43
2a717d97f9d41948b82901d96fb388ff,3a0574daec0fb1f91d70844690300a3e,MG,belo horizonte,health_beauty,188.0,19.12,207.12,delivered,2018-06-18 21:48:14,2018-07-19 00:00:00,2018-06-25 18:14:48
cc7e03bc8530749e5b107609bb905580,a3dc27d87234f862d7e61a0148c77fa9,SP,guarulhos,health_beauty,32.0,21.15,53.15,delivered,2018-02-23 17:55:18,2018-03-16 00:00:00,2018-03-06 19:47:39
fa3bee504523342f3e1b29cfc38a91d3,34f29b8ed62748c6b5a9e64628e411c1,SP,campinas,fashion_bags_accessories,74.99,11.55,86.53999999999999,delivered,2018-06-22 19:23:05,2018-07-05 00:00:00,2018-06-26 16:08:27
df940e48580d0f2c2283d0782c7f99e3,15fd3a159a9f61c5fcb578bda17dcf57,SP,campinas,luggage_accessories,94.9,14.39,109.29,delivered,2017-08-21 14:55:09,2017-09-13 00:00:00,2017-08-25 23:29:54
6bf136259829d50a608304ba02fb14b3,a21dab9a023e31db25a426c6787b65ff,DF,brasilia,computers_accessories,39.9,21.15,61.05,delivered,2018-01-11 13:24:49,2018-02-07 00:00:00,2018-01-18 20:53:14
10631633611fba698054772b43dc118c,8a11c1f8a6ec66283bdcff8829df7918,MG,pouso alegre,housewares,109.9,16.4,126.30000000000001,delivered,2017-06-22 14:03:48,2017-07-14 00:00:00,2017-07-07 17:47:40
94179e454a575df8240e5f5246490129,bbf1349e7ebca6c69bd44b15ed861be2,BA,mutuipe,auto,279.99,75.12,355.11,delivered,2017-04-29 14:34:26,2017-06-13 00:00:00,2017-05-15 04:43:56
a126eb32402a71a28a7c314405a24f12,7708be0184a28acaf3d4b9bb7bb8dc51,GO,goiania,office_furniture,139.99,30.56,170.55,delivered,2018-03-29 00:48:37,2018-05-07 00:00:00,2018-04-26 23:05:11
0b3d6a94ff1d643af663f55ca8418520,bce11bb3c53f9d7c5d4196a88e27937a,MG,espera feliz,sports_leisure,99.9,21.19,121.09,delivered,2017-12-14 08:27:10,2018-01-12 00:00:00,2018-01-05 16:09:20
c5a6dfaf1fb21d1d8988383d017123d1,608916ce8652b2692255dad852f13b32,RJ,queimados,telephony,169.99,15.95,185.94,delivered,2017-11-25 13:16:21,2017-12-21 00:00:00,2017-11-30 23:44:53
4ebbbd231e136e72a341eb57a1d74159,ed14c914fb7b1a6077b79889275f99b3,MG,belo horizonte,stationery,49.9,9.09,58.989999999999995,delivered,2018-01-14 21:42:27,2018-01-30 00:00:00,2018-01-18 21:11:40
0725ad25260ef550bc00be1179252efe,257e8bba41b26c664373168d27c5a0e9,SP,sao paulo,home_comfort_2,12.9,12.79,25.689999999999998,delivered,2018-06-08 09:34:48,2018-07-04 00:00:00,2018-06-16 00:22:40
cfa77ac0694c1a3fca0789c087b84411,b7eab7a6fd456a4a5971575074a89b50,RJ,niteroi,watches_gifts,49.0,14.52,63.519999999999996,delivered,2017-03-06 19:35:44,2017-03-28 00:00:00,2017-03-13 11:18:09
61fd7198f99b6dfea49f9a7cd0fe2789,e670025d21280a9cfff41b26531c04bf,MG,juiz de fora,stationery,129.0,18.15,147.15,delivered,2018-01-13 11:52:09,2018-02-15 00:00:00,2018-01-30 21:35:10
4d3d69fc5da58b96ec1c571580f89070,2c22bd0f6f94ba7aaa846a3c3285f2dc,DF,brasilia,computers_accessories,100.0,38.97,138.97,delivered,2018-07-23 10:12:07,2018-08-17 00:00:00,2018-08-06 21:52:46
9135c65d6b2718f079e23287d8459be2,f6b12abd5112545273ecbdc84f6cf35f,SP,sao paulo,health_beauty,110.32,7.64,117.96,delivered,2018-05-14 16:01:23,2018-05-25 00:00:00,2018-05-16 13:28:52
49d10d709e14496d0d1d8d6cb556d2f3,767f240a60c7341190384b2d0bc82f01,MG,uberlandia,watches_gifts,139.0,14.31,153.31,delivered,2018-06-26 18:49:53,2018-07-23 00:00:00,2018-07-03 16:12:58
976c9f4a0b6d3158f01dcd00b625756c,8e9dddf8ef649a61f67a74c066089cf1,PR,curitiba,health_beauty,60.0,19.39,79.39,delivered,2018-05-10 11:28:36,2018-05-30 00:00:00,2018-05-16 12:53:08
f3b7df7b744296234598c2e1fc83ffd4,252acd679e2fdfa8429a5197519745f3,RJ,rio de janeiro,sports_leisure,69.9,17.92,87.82000000000001,processing,2017-04-28 07:04:04,2017-06-06 00:00:00,
79d316a7d0d628895124bcefd1040ed7,3c02b5a724d31387f0276108e82245aa,SP,sao paulo,housewares,239.9,9.5,249.4,delivered,2018-08-14 19:12:16,2018-09-14 00:00:00,2018-08-25 14:41:41
cede6783681ee6ca1c00eb85d602ead4,ba66e5bc2e087243b725c956f1765196,MG,uba,furniture_decor,38.4,19.46,57.86,delivered,2018-08-16 00:46:24,2018-09-03 00:00:00,2018-08-24 16:58:44
9c97b6fd565f95265f18684e83c99bd3,65f4134d6895b82c9eae37bee5a6dbfe,MG,belo horizonte,sports_leisure,59.9,14.17,74.07,delivered,2018-02-08 14:00:52,2018-03-06 00:00:00,2018-02-27 20:28:49
055148178e6fef1a7c02a3a04b6ef6e2,4e645a53f570db099324b8427b360c60,BA,seabra,sports_leisure,269.9,18.33,288.22999999999996,delivered,2017-11-10 02:02:37,2017-12-08 00:00:00,2017-11-27 16:32:51
bbeea8dfee8c14c1cf2d53c17971b6c6,70bb8d40cce49a25b570533ee5ac3d28,SP,sao paulo,furniture_decor,69.9,12.43,82.33000000000001,delivered,2018-04-27 22:38:14,2018-05-11 00:00:00,2018-05-02 18:58:29
ecfc1ad7d40898a7862c0791430bf513,a2370b590b2453d5a748d4c4c35f900b,MG,oliveira,garden_tools,16.9,15.1,32.0,delivered,2017-11-13 17:12:35,2017-12-06 00:00:00,2017-11-20 19:54:23
09268d8b25dd31ae78b464efd453d069,85c9cc82766d61484d4014b8f1d62dd9,SP,sao paulo,health_beauty,59.99,3.03,63.02,delivered,2018-06-08 21:53:39,2018-06-28 00:00:00,2018-06-14 21:41:54
be9544c2dfb58675d21a0a735fa1d32a,5992a50227b3fba205b0dc1dab14bafb,PE,petrolina,perfumery,56.99,25.68,82.67,delivered,2017-07-21 07:31:26,2017-08-29 00:00:00,2017-08-21 22:09:42
8f32ee82ea0fe678bd4aae681f1637cc,51c2f039f08424330a6bbba4c9949d98,SP,indaiatuba,cool_stuff,229.99,14.16,244.15,delivered,2017-06-25 16:16:00,2017-07-07 00:00:00,2017-06-28 16:16:52
c2ce0c4ec17fc536b85fb3363853bb17,60c9aac573e07a0ac0a9678f43ac25e1,ES,serra,food_drink,39.9,15.11,55.01,delivered,2018-02-05 16:41:52,2018-03-02 00:00:00,2018-03-02 22:27:27
672d0085da7d96c6350cb54170e4b944,ebeeaf8cb797f6b00c9170a18a7b7ecb,RJ,rio de janeiro,watches_gifts,52.5,20.6,73.1,delivered,2017-07-28 19:12:29,2017-08-23 00:00:00,2017-08-02 18:33:57
885935156ba43094f3ae95f3c14e0381,f72d1ee92d55688d07ca88506300715e,RJ,rio de janeiro,housewares,26.18,16.6,42.78,canceled,2018-02-02 16:06:44,2018-03-08 00:00:00,
4575195c5ca6f5a5e4b623b45e865a6e,e760917999c097b45bc34b3de8efdb8f,PR,maringa,sports_leisure,38.48,15.1,53.58,delivered,2018-01-29 08:47:19,2018-02-22 00:00:00,2018-02-14 17:50:11
fc373604aed2464ded6a10235309ed93,a1044dd75b74fbc485b040575a14acf0,SP,cerqueira cesar,construction_tools_construction,32.0,11.85,43.85,delivered,2017-12-12 18:19:22,2018-01-05 00:00:00,2017-12-26 19:42:53
bb25059436e00953081ab3e7429fc03a,506c5701ab4b3dd6deb38db10f66f03d,SP,sao paulo,health_beauty,15.75,10.96,26.71,delivered,2017-03-01 15:08:28,2017-03-21 00:00:00,2017-03-10 03:47:44
87466e583daa1445bfc03e595265cdcb,cb9b2734376e44264637ebd85ce7d961,SP,osasco,baby,49.99,12.65,62.64,delivered,2018-08-01 21:36:45,2018-08-09 00:00:00,2018-08-16 00:20:35
466a9ffb983d3e662816b47c2108a776,230dc3250a924ee4ed6671d897396fea,SP,sao joao da boa vista,bed_bath_table,199.9,19.29,219.19,delivered,2017-05-18 15:17:59,2017-06-08 00:00:00,2017-05-31 09:57:41
efadf4336d9cb2a9d13f4472921bef2a,01c12b236caa6f6d630b985da0ab5d30,BA,juazeiro,computers_accessories,89.9,44.48,134.38,delivered,2017-08-21 23:13:10,2017-09-25 00:00:00,2017-09-06 23:39:32
8599e76adf580692cddfebfcea8042f0,973fe649ac96d8a5764ace509f146b0f,RJ,nilopolis,watches_gifts,204.0,18.68,222.68,delivered,2018-02-24 15:42:33,2018-03-22 00:00:00,2018-04-04 21:14:54
0a178d660889f4e9ef1087483fd6ce9d,71f5d6c0cf885d0b2b52836a4c469bc3,SP,sao bernardo do campo,furniture_decor,29.99,10.96,40.95,delivered,2017-03-23 16:34:16,2017-04-11 00:00:00,2017-03-28 19:08:04
fc2d0ca5fbd67451a5f6afcac20b4805,c7e486fcea13d8bd9e8a19d840a0fc51,SP,santo anastacio,cool_stuff,129.99,13.49,143.48000000000002,delivered,2017-04-30 14:53:59,2017-05-23 00:00:00,2017-05-11 11:15:58
0406e86d8cc991f78438e19919b901de,4b8bcb63e827badf2656d21892e4fc1b,SP,araraquara,perfumery,69.0,12.92,81.92,delivered,2018-05-02 18:03:05,2018-05-22 00:00:00,2018-05-09 20:11:59
1aa9011725c8870edc81277571e62ad7,31f17782d83a4204ed956e1caa0291a6,BA,cruz das almas,telephony,39.99,22.06,62.05,delivered,2018-05-14 23:15:44,2018-06-07 00:00:00,2018-05-17 23:59:43
aa60d116f345c481d434f63ffe565710,afdc1af09e4bd876f0b3e3a73ad0436c,SP,sao paulo,computers_accessories,149.9,25.18,175.08,delivered,2018-06-04 14:11:16,2018-07-13 00:00:00,2018-06-13 15:03:25
c2b88e285b675e490d60c733f34c3d7f,a10ffe9b02bf8f42943187b0172a3d4b,SP,praia grande,bed_bath_table,53.99,12.72,66.71000000000001,delivered,2017-12-04 08:32:07,2017-12-28 00:00:00,2017-12-21 16:17:16
f4784cc10b71c854627d55e0f3999ed0,61b25268ca362baae45cc7e38a7bd8e4,SP,guarulhos,computers_accessories,316.0,10.57,326.57,delivered,2018-04-01 17:53:49,2018-04-12 00:00:00,2018-04-10 17:27:23
dc80f04232a571734b52cd2c5b40a9f8,754f0aa37a9a58685e42e70973bc511c,RS,novo hamburgo,sports_leisure,26.9,15.1,42.0,delivered,2017-08-15 17:08:00,2017-09-11 00:00:00,2017-08-28 16:03:31
c785921c49242bfac499ee30c455154f,3e04d4a97b15031c0b6dc8ab7f574aee,PA,jacunda,auto,65.0,25.73,90.73,delivered,2017-09-09 19:25:38,2017-10-18 00:00:00,2017-09-29 13:10:18
cce3f49cd454ef2ad2924bc694eb1df8,4d645a79f9e8db4f4ce063f6fdc1556f,MG,porteirinha,health_beauty,79.9,13.58,93.48,delivered,2017-12-06 16:08:08,2018-01-22 00:00:00,2018-01-29 20:18:58
e391c35b78728b170cead56c6a53980a,3a03c18e57b25beb04fab567f3a38153,SC,balneario camboriu,pet_shop,95.28,23.91,119.19,delivered,2018-08-12 15:27:19,2018-09-05 00:00:00,2018-08-17 23:12:27
638c43326cd8c7403a2bf818e46b779e,f734a4e29dceee80c8f0a7e318d6ad34,MG,teofilo otoni,sports_leisure,39.99,16.79,56.78,delivered,2017-12-01 16:19:38,2018-01-02 00:00:00,2017-12-24 10:28:02
a2714ecbf6eeb3bb9cd7dba6dc1c5e82,0eb85c748bb33072cb864a7c8b54aa97,SP,sao paulo,housewares,99.8,33.97,133.76999999999998,canceled,2018-02-14 18:01:38,2018-03-06 00:00:00,
062ce984a468dfa021e43bdf17ae158c,de25a31bbf207c8718b7b03764f95ddc,SP,carapicuiba,sports_leisure,119.48,13.28,132.76,delivered,2018-04-26 18:53:53,2018-05-18 00:00:00,2018-05-07 17:46:45
186ac860f8928db64590e1fdd744c9f5,8a76f6caba5736d6309877ea9d99f4a3,MG,uberlandia,baby,52.0,22.94,74.94,shipped,2018-03-08 16:10:21,2018-03-28 00:00:00,
740878f3c8a802a2617e3879ea2d4f86,78c29e3657617fa139ce31b9d7ae46a4,MG,pedro leopoldo,furniture_decor,24.75,15.56,40.31,delivered,2017-02-28 18:47:03,2017-03-22 00:00:00,2017-03-15 12:51:42
8f0057f230f19e9f7ad1a5566ef6a980,a9b026c8fe47c00c02d1eac79fb78cec,DF,brasilia,watches_gifts,818.0,20.83,838.83,delivered,2018-07-22 23:14:34,2018-08-14 00:00:00,2018-08-03 18:57:04
c11a22a599df12f33da9a25948a605ca,b3eebec096d31ea54f19a2bca6d08724,SP,embu das artes,computers_accessories,34.99,7.51,42.5,delivered,2018-06-12 22:35:03,2018-06-21 00:00:00,2018-06-15 18:03:52
a3c7d28de01c698e2ce11cd0d2b63714,c5523adf6d3ddba8e8b033d73ed90920,SP,santos,auto,143.8,18.3,162.10000000000002,delivered,2017-03-23 09:05:01,2017-04-11 00:00:00,2017-03-30 14:56:26
f0cd3d160659eabeeb6afba44c0c04f7,bc5513bc2455c654f4426b1079f4faf3,AP,porto grande,garden_tools,29.99,34.15,64.14,delivered,2017-08-17 13:50:10,2017-09-28 00:00:00,2017-09-08 19:42:27
c382d84d35f4d874b1f1c372f4bde27c,393c2ace23a135d0bcc7e70167448e16,BA,barreiras,drinks,145.9,15.47,161.37,delivered,2018-07-20 09:42:40,2018-08-14 00:00:00,2018-07-27 11:54:15
8988ef6f1858c7a5aa1615b42f874193,59e6140afedcf24d3286af92b57489f8,DF,brasilia,bed_bath_table,199.9,21.89,221.79000000000002,delivered,2018-01-11 14:17:19,2018-02-05 00:00:00,2018-02-01 00:05:14
d9e4018a5f1071690492d2b2b8c20f08,e6f1cccd4050b4ebccc3e5dc9b5993f0,SP,osasco,bed_bath_table,17.9,11.85,29.75,delivered,2017-08-26 20:10:00,2017-09-18 00:00:00,2017-09-04 12:17:51
e0172fe93d1e49afb84d1b9041640b18,e9e96ff4f36a319a3621b95b43343532,SP,atibaia,auto,19.0,8.11,27.11,delivered,2017-09-27 18:48:59,2017-10-13 00:00:00,2017-10-02 19:29:05
5718be47d367f91087182c0b796f77fb,b688e646e12a367e13e5d5f77dad15db,SP,holambra,furniture_decor,49.9,28.39,78.28999999999999,delivered,2017-08-03 09:40:25,2017-10-02 00:00:00,2017-08-07 19:56:30
5979684d63c8a62e550943dacdd1231c,797000faae1adb6e87066d2ecc50cd09,DF,brasilia,electronics,18.9,25.63,44.53,delivered,2017-12-07 13:39:33,2018-01-05 00:00:00,2017-12-28 21:18:16
4c69bbdad86856084206eaf2d9349122,d77f9e20bf24f723cb3d4472a1d1b837,SP,sao paulo,musical_instruments,1899.12,26.69,1925.81,delivered,2017-05-23 08:23:07,2017-06-05 00:00:00,2017-05-25 10:29:56
3158707358b447fc894a497446d1acbe,22dbde006daf8ad7c9335c2c286d2ab9,SP,caraguatatuba,housewares,79.0,16.18,95.18,delivered,2017-10-17 08:51:42,2017-11-03 00:00:00,2017-10-25 19:04:50
59322ccc8917e2a716dfd4f60499b983,9136946b6b16453f79f2dfcef449486e,BA,salvador,computers_accessories,35.7,17.63,53.33,delivered,2017-06-28 22:42:02,2017-08-04 00:00:00,2017-07-17 19:04:38
8fcc69a880483df5f5e3d9f588f186a3,c1dcfe043d7b1415a4abeb7a040a7a03,MG,rio acima,housewares,179.0,25.12,204.12,delivered,2018-08-21 10:48:37,2018-09-05 00:00:00,2018-08-27 22:40:49
d5d4ca33b423849f8f7a0645d0919738,4872c9f7d17baafcf572c49c824bbca5,SP,sao paulo,cool_stuff,109.9,16.53,126.43,delivered,2017-10-17 20:52:55,2017-11-06 00:00:00,2017-10-20 14:37:53
73435a60acd2fe1260eb7bb6587465ed,effbebdf9854a4a1fa1783211054115e,MS,ponta pora,toys,89.0,22.96,111.96000000000001,delivered,2017-03-01 22:05:27,2017-03-27 00:00:00,2017-03-08 15:31:45
1a03dc5bbc2707562b5874fa0253154f,371fb2f33bf1c61a176e937e60c401c7,RJ,rio de janeiro,garden_tools,79.95,14.31,94.26,delivered,2017-10-26 17:13:23,2017-11-14 00:00:00,2017-11-03 21:47:56
f6e2898af2dbe4582426003c31aedaf1,d9bd6d1973348661bd1fdfa9ad00f0bb,SP,cerqueira cesar,furniture_decor,19.9,12.8,32.7,delivered,2018-07-18 23:13:14,2018-08-03 00:00:00,2018-07-24 17:04:44
de66a309a3d6c4b34157f77edddc248e,6cb7b5d9dfb3f9ef86a8c498ed378502,SP,bonfim paulista,stationery,46.2,8.27,54.47,delivered,2018-01-04 20:32:23,2018-01-22 00:00:00,2018-01-08 20:03:49
b408f4a2019ebaf05a37c861b4c611bc,cd505ead1861e0fcb29ae974afc83eeb,RJ,rio de janeiro,musical_instruments,59.0,15.29,74.28999999999999,delivered,2018-03-21 14:05:22,2018-04-27 00:00:00,2018-04-25 22:32:29
753c0bfa44e84d26e6e8f9095a12607b,01d8f02b7ae915fddc5736ecdf613cd1,RS,charqueadas,electronics,97.9,16.94,114.84,delivered,2018-01-15 19:06:08,2018-02-19 00:00:00,2018-01-25 21:38:54
60e04ef7b695b4d6bae420059a317028,936a0706a3a07a59f53549d6d5a7f12e,SP,jandira,bed_bath_table,59.0,14.72,73.72,delivered,2018-08-08 21:41:41,2018-08-29 00:00:00,2018-08-13 16:30:40
666361dc35f61cd6ac10ec287d682b88,b6f424d6007b27912d37816a7d74ffaf,SP,indiana,computers_accessories,19.9,12.79,32.69,delivered,2018-05-01 18:56:48,2018-05-23 00:00:00,2018-05-08 20:24:29
14819d9c6768f38817898f5c7ad3a8c1,5015caa21691d148f370c1574b17d32d,RS,porto alegre,computers_accessories,19.9,16.11,36.01,delivered,2017-11-16 19:07:33,2017-12-15 00:00:00,2017-11-29 18:17:21
40123a82aca2fbe9a11c1d53fdd2a679,3633988b70e4c4788e02277855aa0ca1,SP,sao paulo,health_beauty,59.9,9.11,69.00999999999999,delivered,2018-06-22 13:20:40,2018-07-05 00:00:00,2018-06-26 17:46:34
37151727c96ceda28bc5b0eb91a25867,9d5436ae02eadf36b1665cd72c23c03d,SP,sao paulo,electronics,40.0,16.47,56.47,delivered,2018-08-04 19:56:18,2018-08-13 00:00:00,2018-08-10 18:54:30
c11b5924ad0d8c5d5d391d87178f00a8,95e3f46e6735179a04550904b29c9696,SP,marilia,bed_bath_table,47.9,13.71,61.61,delivered,2018-03-18 12:26:15,2018-04-05 00:00:00,2018-03-23 00:05:05
955e2b622db1a1f4031ef035ce9a861f,56509f7bc43892a0da09ee14f50a6f84,SP,sao paulo,health_beauty,199.0,12.89,211.89,delivered,2018-01-16 22:34:16,2018-02-06 00:00:00,2018-01-22 23:23:25
e1c236043073a6a483972402917e8cc6,cd6eeee5f80930410a3bdb55808132d5,MG,carmo da cachoeira,computers_accessories,44.99,16.11,61.1,delivered,2017-12-24 11:35:32,2018-01-24 00:00:00,2018-01-03 21:09:22
388de25316d9a1c7eb4ffe3f7d73814d,5ff173acc9bb9f877577cbf9bb0c4f06,DF,brasilia,toys,20.0,15.1,35.1,delivered,2017-10-08 15:56:49,2017-11-07 00:00:00,2017-10-23 17:27:53
5417f73c560c9f52b1a22639681e14ab,8aee80827a6de496b7fb059944e50318,SP,socorro,bed_bath_table,109.99,16.4,126.38999999999999,delivered,2017-05-14 15:21:50,2017-05-31 00:00:00,2017-05-22 09:00:04
41bdeaa82c72b91de63ad6853ec75046,e139cc1019486af87f64fda5176e4bf0,SP,sao paulo,furniture_decor,29.99,14.08,44.07,delivered,2017-11-24 20:42:43,2017-12-27 00:00:00,2017-12-13 00:14:26
193a665b822ac18f6b67b7705da3d66c,d26420cca939f78a409db32872c4c8f5,SP,americana,bed_bath_table,35.9,7.39,43.29,delivered,2018-05-14 10:49:41,2018-05-24 00:00:00,2018-05-17 21:46:54
a664490883c0131d7eca5cfbe6794aa0,be3cfc8453519e48371cf115f0b15e2c,ES,cariacica,computers_accessories,54.39,18.97,73.36,delivered,2017-02-20 17:29:50,2017-03-23 00:00:00,2017-03-03 13:34:43
b8197dddd8d9e9a9789a8573d6f84d7e,f01c66e4f31c07264f1e67bbcb588842,RJ,rio de janeiro,watches_gifts,699.0,19.99,718.99,shipped,2018-06-25 12:01:55,2018-07-31 00:00:00,
6e094f9da57fda90223610bbba3d4c6a,1c30bdec83f29f5c8bd1683b0df3b0dd,PR,campo largo,construction_tools_construction,73.9,13.86,87.76,delivered,2018-07-08 19:58:06,2018-07-25 00:00:00,2018-07-12 17:03:18
ba58944fed9eea8a43f9fc3b2cdca75f,d96579e3cfb6d4f233fc048ecc6c0b12,MG,curvelo,sports_leisure,139.99,23.78,163.77,delivered,2018-06-16 17:43:34,2018-07-17 00:00:00,2018-06-22 13:34:41
49268496ecf8148bd16540c2a23c6c70,25f287951bd4fd3e2ab42be9b6ad356a,SP,sao bernardo do campo,furniture_decor,109.5,37.71,147.21,delivered,2017-01-19 23:12:08,2017-02-15 00:00:00,2017-02-01 18:06:52
6c80694f60ad5694975dc614b2a7e723,e4dfe28d804fe41883093064c994436c,SP,ariranha,sports_leisure,175.99,23.81,199.8,delivered,2018-05-16 12:26:21,2018-06-11 00:00:00,2018-05-29 11:03:31
cb5856e20e27928c1e437683b9c0c9ec,dccd906d70e7ddcd40675d85d6f63433,SP,santa isabel,office_furniture,106.94,18.46,125.4,delivered,2018-01-27 12:57:09,2018-03-06 00:00:00,2018-02-14 21:12:38
5251ac9886fbf2953b24c9f45364837e,a730ad9267cedcf638ac302cb101dc1c,SC,itajai,perfumery,39.5,15.1,54.6,delivered,2017-09-10 16:30:16,2017-10-10 00:00:00,2017-09-16 16:27:47
9a9e42d30fd1e23865968c5aafc1898e,0cb5bfc9d8e5591f2f2216cdf425f733,SP,osasco,housewares,177.99,17.01,195.0,delivered,2017-11-25 07:22:45,2017-12-20 00:00:00,2017-12-07 00:44:56
feeca366b9564e8753ab062807da307f,3ff7348e1688263b4d6cf7ff9f7a525b,MG,belo horizonte,computers_accessories,119.9,17.28,137.18,delivered,2018-01-14 20:05:44,2018-02-09 00:00:00,2018-01-31 19:04:18
1f50915cd289eb7e0a0da3f4300b92bc,6008d79e117d1d1fbacc424371165c62,PR,reserva,fashion_male_clothing,24.9,14.52,39.42,delivered,2017-03-26 17:55:38,2017-04-18 00:00:00,2017-04-10 08:50:03
816ccd9d21435796e8ffa9802b2a782f,7cd455c1d71d264771df28ab75c49bde,PR,campo largo,housewares,249.0,35.82,284.82,delivered,2018-08-01 22:00:47,2018-08-22 00:00:00,2018-08-07 15:13:50
82fb8895a278d7ff122edb5df3e4abed,cc199206f8d4c4779cb84eeab5831d0c,MG,belo horizonte,telephony,65.0,15.2,80.2,delivered,2017-10-16 06:20:04,2017-11-07 00:00:00,2017-10-23 20:57:43
39c85a598770e3810eb97fd7bc6232d3,576e325a9c37a4784fba13135bd20129,MG,belo horizonte,furniture_decor,59.9,13.0,72.9,delivered,2017-03-19 13:26:19,2017-05-16 00:00:00,2017-03-29 15:18:06
07f593272eee0c411250e23e84846787,f4834f89f6c1cba8c1ce4ad1b99c4574,BA,salvador,bed_bath_table,38.9,19.59,58.489999999999995,delivered,2017-11-14 13:58:30,2017-12-08 00:00:00,2017-12-11 14:42:03
7c5a7744669451871d2bd31dbcd8f80b,6ea8b9c8b459ea401d6e3b50e3dd32a9,SP,sao paulo,health_beauty,15.5,8.29,23.79,delivered,2018-06-15 10:11:35,2018-06-28 00:00:00,2018-06-21 13:32:45
fd367f6c9ff07dedbdbf5c44b23d209a,a753abf624ce896d0afd0618b8708aa5,SP,indaiatuba,housewares,288.02,40.24,328.26,delivered,2018-04-19 11:17:13,2018-05-04 00:00:00,2018-04-28 00:16:56
5d77e1d80ea67e8a68570ae87730fc2d,d86c24c6858579f47494fe770074214e,SP,sao paulo,bed_bath_table,56.99,12.74,69.73,delivered,2018-01-25 16:25:41,2018-02-19 00:00:00,2018-02-03 13:39:00
9c402f04e5ead60c0a79746ecaa35aa8,f6b5803c77d51cd68bfebc6032c1b485,DF,brasilia,health_beauty,29.9,15.1,45.0,delivered,2017-12-19 20:57:04,2018-01-16 00:00:00,2018-01-08 18:15:40
5a130e5571bc83bee3bbf7524d83b831,976894a9f3e1aa6ad8fe43ba1fef7861,SP,campinas,sports_leisure,14.33,9.27,23.6,delivered,2017-05-22 12:30:30,2017-06-02 00:00:00,2017-06-06 10:34:30
43d6e5bfdbbfac022b7dad46056dfa64,24e1bb8b3927e015aaed7b67597ac938,SP,jacarei,perfumery,21.9,18.23,40.129999999999995,delivered,2018-05-01 00:36:33,2018-05-29 00:00:00,2018-05-07 20:58:36
f3e80ce79cc543e78b626ae391d7ee5a,faac67bb444d96b79cb100bd31f82cbb,RJ,duque de caxias,computers_accessories,59.89,17.35,77.24000000000001,delivered,2018-07-23 20:01:09,2018-08-10 00:00:00,2018-07-28 20:15:01
2536e0f8936553b5d7c7de59d0dc4b0e,72ec26bf0abc8fe446cd95849276b127,RJ,rio de janeiro,baby,89.99,18.21,108.19999999999999,delivered,2018-06-08 11:22:55,2018-07-23 00:00:00,2018-06-25 17:41:32
a2be25bfae58419f64922010bd631e74,42cbfde6a595790d057c4df09b3d660b,SP,orindiuva,baby,159.99,32.15,192.14000000000001,delivered,2017-09-20 18:14:44,2017-10-05 00:00:00,2017-09-27 21:10:08
849eace12a4c38cc5d4647af9f942eff,8f6ce2295bdbec03cd50e34b4bd7ba0a,RJ,marica,auto,199.0,21.71,220.71,delivered,2017-02-09 12:48:59,2017-03-14 00:00:00,2017-02-17 16:32:56
15aafc9c68a1f0c0d2208dfbcc33a7f3,9165b4c1c7a7a292574a47e4e1852933,AM,manaus,sports_leisure,179.9,38.81,218.71,delivered,2017-09-20 12:42:08,2017-11-13 00:00:00,2017-10-03 21:48:54
f6a273cbe3f0dc8916053b129c00efca,c1d9da3192d453850f688d0a6a066dc0,MG,contagem,sports_leisure,65.0,17.88,82.88,delivered,2017-02-15 00:49:07,2017-03-23 00:00:00,2017-02-25 05:52:27
deefddac1368fc8231f1db9657f5d69d,7e13ffee44d522fc06504d61abbe9839,SP,sao carlos,office_furniture,146.99,41.02,188.01000000000002,delivered,2018-01-21 16:37:23,2018-03-05 00:00:00,2018-02-14 18:59:41
c852ec0ec6e1f9cc2219fbccac02a688,9dcc15e122dbc973e6114e323ded3c76,SP,campinas,luggage_accessories,249.9,44.49,294.39,delivered,2018-03-14 17:58:51,2018-03-26 00:00:00,2018-03-23 16:46:39
e0017093576ff7e25777c2d023eb1cd9,b1fa8a69946f10ba9b6010afde8f4762,RJ,rio de janeiro,telephony,21.99,15.25,37.239999999999995,delivered,2018-06-26 14:57:28,2018-08-01 00:00:00,2018-06-28 21:48:51
4783ae8bbe76b7f392dcc84c1e17d052,835e7854d4c6aced3451a4cfe1ec5864,SP,sao paulo,small_appliances,28.0,8.29,36.29,delivered,2018-04-01 15:07:28,2018-04-12 00:00:00,2018-04-04 20:52:58
675bf74092a382fe6821f84ecc8b41b1,81bd8eafd9a96d3e52b7254f4d383b81,RJ,rio de janeiro,health_beauty,121.9,18.1,140.0,delivered,2017-11-14 14:00:31,2017-12-05 00:00:00,2017-11-28 18:03:27
f5b1cfba9fe979f87dcfefc578010e8a,d401a17e88e606a3ce275061995a2074,MA,sao luis,baby,12.9,21.15,34.05,delivered,2017-09-16 16:11:55,2017-10-06 00:00:00,2017-09-29 20:13:41
5ca8f6d85ddd134a1a7fb558f60bf4d6,f78f134a54a9d5e719eac8cdb8878fc5,SP,sao bernardo do campo,toys,149.99,15.81,165.8,delivered,2017-07-14 19:52:15,2017-08-07 00:00:00,2017-08-04 16:57:44
a17e67cf367982680aa3ace732869610,5065acda1beb44289fbf3f6b396d3685,GO,goiania,health_beauty,150.0,15.8,165.8,delivered,2018-02-01 15:57:59,2018-03-01 00:00:00,2018-02-20 20:28:37
4fceaea9a24d7498757816821e271a46,21a9c9dd4248d18bf8edced7762b70ae,SP,piracicaba,garden_tools,53.9,13.4,67.3,delivered,2018-03-03 16:48:43,2018-03-21 00:00:00,2018-03-14 14:19:09
3ce4038922670fead496aeae61a8a393,83e7958a94bd7f74a9414d8782f87628,PR,curitiba,stationery,10.9,8.72,19.62,delivered,2017-01-05 13:52:39,2017-02-13 00:00:00,2017-01-16 14:04:35
3515fac755456eb1f251c50808fb6b12,6ad4b83e739c43649684823adbd0725d,RJ,rio de janeiro,computers_accessories,39.9,15.1,55.0,delivered,2018-02-18 11:38:22,2018-03-14 00:00:00,2018-03-07 19:42:29
372072460d5ca7c6a3cd1f155aa97205,dc691fc6a36871dce71e9b32490a4362,SP,hortolandia,watches_gifts,127.9,16.53,144.43,delivered,2017-12-04 17:23:57,2017-12-29 00:00:00,2017-12-20 23:26:00
9d444e4250635c5dc4e08fe078a6d723,7e8ace5e83e019d284a1cf0108b57f94,SP,salto de pirapora,housewares,159.49,17.32,176.81,delivered,2018-05-12 08:16:16,2018-06-11 00:00:00,2018-05-17 20:27:44
241b1a5ff1d152dc47bf2093ea154edf,b6891a3a9c250146c914c8f6dc8940c7,SP,guarulhos,stationery,46.9,13.37,60.269999999999996,invoiced,2017-07-27 11:53:08,2017-08-18 00:00:00,
3bb8ecf664bfd847878cd39b191d5b79,56d712095533382d8543d34592f00118,RS,porto alegre,pet_shop,239.9,80.49,320.39,delivered,2018-03-26 08:35:15,2018-04-23 00:00:00,2018-05-05 15:58:37
e2a9b051883676e2f50cd619fe68bee6,d90b888daa31aec38b3fca6b428de3e7,MG,araguari,auto,99.9,23.28,123.18,delivered,2018-05-08 09:41:23,2018-05-30 00:00:00,2018-05-16 16:16:36
d2fd6afcbebfee356931bf32f9f67e0f,c23350a5f9bad5e2cbc3a3e04f6791f0,PR,uniao da vitoria,fashion_bags_accessories,49.0,15.1,64.1,delivered,2018-01-24 17:02:14,2018-02-20 00:00:00,2018-02-08 18:28:52
2e62dadd571541842fefc7c3b4bf4527,42bd33006febd2e5a3a5eb0feed6b7d5,BA,vera cruz,sports_leisure,56.61,23.27,79.88,delivered,2017-06-04 13:03:43,2017-07-07 00:00:00,2017-08-18 15:52:19
6dff5f464df4049f98419b19d120c5f2,d0b453cf64250349d52859b9b95d4a6c,MG,tiros,bed_bath_table,93.0,15.86,108.86,delivered,2017-03-29 17:55:09,2017-04-20 00:00:00,2017-04-10 14:19:40
0550f231a3ccfd0e87217ef2e816c7dc,1b04e17bdad15bf2b7229a940839aad7,RJ,goitacazes,sports_leisure,59.9,18.52,78.42,delivered,2018-06-17 01:47:19,2018-07-12 00:00:00,2018-06-26 06:54:36
98f78a197120b3961071362531dbb247,24d2024d150b5b7ece1c1c7c5d6abe0d,SP,sao paulo,sports_leisure,104.9,13.07,117.97,delivered,2018-01-10 16:31:08,2018-01-31 00:00:00,2018-01-19 01:19:29
acee82e21828ddd887e48ad3afc6704e,208fe9aa6033a77419f8f503b7698e03,RS,sao leopoldo,health_beauty,88.99,99.65,188.64,delivered,2018-08-06 23:07:45,2018-08-27 00:00:00,2018-08-14 18:42:40
1734ed627ecb469f8a302694d9481eb4,c47781b9cde8aaf98066cc94064537bf,SP,sao paulo,baby,64.89,13.47,78.36,delivered,2017-12-03 18:39:51,2017-12-27 00:00:00,2017-12-18 21:07:21
7ce709f07a1593a395e419ec63e8a766,d580d4c926cb10f3b0cb66fca7f40e2f,RJ,belford roxo,bed_bath_table,69.2,31.13,100.33,delivered,2018-03-09 14:16:32,2018-04-04 00:00:00,2018-03-26 17:13:00
857026945972df7017e1a4930a8a2ada,345657b88489fbe4e0872e7ace9140e7,PR,guarapuava,furniture_decor,51.9,16.12,68.02,delivered,2017-08-14 22:45:01,2017-09-05 00:00:00,2017-08-21 19:17:07
9144181fd06902570ce9c34860652f55,34502bdbecbd6a3b1dd162fe201556dd,SP,campinas,health_beauty,110.32,8.03,118.35,delivered,2018-08-23 13:46:00,2018-09-04 00:00:00,2018-08-30 12:55:25
4123a46501472ba0fa021d7532462e27,9bc4ef23c74dcd13aa52c0c7f9dd8c65,SP,ribeirao pires,sports_leisure,30.9,13.8,44.7,delivered,2018-06-29 14:12:57,2018-07-24 00:00:00,2018-07-05 18:22:03
012a238ab54294a3b365812ccc82b135,b1079e3544bf2cf3786e52f5f0220738,SP,campinas,furniture_decor,45.9,12.65,58.55,delivered,2017-09-07 18:21:44,2017-10-04 00:00:00,2017-09-19 18:44:20
dba3d308cfb77b3fcc46a50e560080bb,66ec2bc0802dd4fa439e49dcfcf813b6,PB,sape,electronics,1850.0,48.27,1898.27,delivered,2018-01-07 22:41:05,2018-02-14 00:00:00,2018-01-19 16:52:32
e001ff2589d23a48871d224d2a54e187,06ac7f149dcf07ec7cde299a2787739a,SP,sao paulo,electronics,13.3,7.39,20.69,delivered,2018-04-30 19:26:44,2018-05-16 00:00:00,2018-05-03 19:48:55
cdf7511b632d2a9b53d70b1e24a45e70,6afe12a6671753d4c6e52acc8438910b,SP,aracatuba,bed_bath_table,69.0,20.42,89.42,delivered,2018-07-04 16:35:27,2018-07-30 00:00:00,2018-07-07 17:37:36
6160672f31a87bdbafd522f69d9e5d8b,1e415ca5e025817aebacba148d3d52f9,RJ,rio de janeiro,health_beauty,14.89,14.1,28.990000000000002,delivered,2017-06-18 18:58:51,2017-07-11 00:00:00,2017-06-29 13:29:41
907eabc0a9a6d9ce32c146695b677a6c,df2400a9266c8653ae9874525eafa172,MG,belo horizonte,home_appliances,24.4,18.23,42.629999999999995,delivered,2018-04-16 20:06:48,2018-05-04 00:00:00,2018-04-25 20:53:35
a9fb450008d4a94311a7288937b880e6,33176de67c05eeed870fd49f234387a0,RS,cachoeirinha,computers_accessories,69.9,16.25,86.15,delivered,2018-02-22 09:03:59,2018-03-22 00:00:00,2018-03-06 17:16:55
810a20b5d63b93c766be34093cf05187,8359bfaca63e1995f611738775bfe136,PR,curitiba,watches_gifts,29.0,30.46,59.46,delivered,2018-05-28 13:57:59,2018-06-29 00:00:00,2018-06-11 20:13:39
e5e6a20a4c3fbe6ee280c01f8fe279cc,66b1d7f471c8c9e8d9f9f624d6962aff,MG,uberlandia,baby,49.0,22.27,71.27,delivered,2018-08-05 11:05:53,2018-08-15 00:00:00,2018-08-14 18:06:37
ac1de8fa694be661c516f1df6cd72a24,8230e3a4f90966341dec1a7b544e6cac,SP,bebedouro,electronics,18.9,11.85,30.75,delivered,2018-02-19 08:22:23,2018-03-09 00:00:00,2018-03-26 22:26:35
87e6012cbee71826e51d13439f497eb9,6db94887b2f41be9187f7695878999cf,RS,porto alegre,electronics,23.7,14.1,37.8,delivered,2018-01-25 17:52:09,2018-02-26 00:00:00,2018-02-14 19:09:08
8a8c365841ef48982c95bbf95f9b7d02,1f9127ae1fce2f368bfc3837ab3b1f69,SP,franca,bed_bath_table,540.0,11.52,551.52,delivered,2018-05-09 14:40:37,2018-05-30 00:00:00,2018-05-21 14:46:50
698856ebb1ed71af56a153fffb47b0a7,b7bcbb7690a9ac6e59532ed6385f97e8,SP,santos,housewares,65.0,18.73,83.73,delivered,2017-03-23 11:42:09,2017-04-18 00:00:00,2017-03-31 08:16:50
98ee8e44acc6e6a2986386f53160ab24,44c442d6502b297d695216b80b2c9928,GO,goiania,perfumery,119.9,17.55,137.45000000000002,delivered,2018-05-09 14:55:29,2018-06-04 00:00:00,2018-05-16 19:29:56
0dbfe0ba49bde79404577f3b85d0058e,2369cc934990a1abc5b18b5ccf8da1ba,RJ,rio de janeiro,furniture_decor,65.9,16.22,82.12,delivered,2017-11-29 18:09:50,2017-12-20 00:00:00,2017-12-14 17:28:41
8b4b66868641eb5fc2bc090dc4f702f7,8c3d5f1918f1c3f03642c376627fda5e,ES,vitoria,computers_accessories,22.32,17.09,39.41,delivered,2018-08-15 12:09:22,2018-09-19 00:00:00,2018-08-27 14:56:51
5da51b8b5965a7fba98bd18c5ef4c27e,97c5ee4484ef2c7159c3f646377cb49b,MG,poco fundo,pet_shop,119.0,69.71,188.70999999999998,delivered,2018-02-26 20:28:20,2018-03-21 00:00:00,2018-03-08 17:22:48
d1b3c3d319347abd31b56c3d894b2b2d,72531ff1dd56720f51b8588a662091a5,SP,boituva,pet_shop,42.99,13.71,56.7,delivered,2018-05-02 20:14:01,2018-05-25 00:00:00,2018-05-08 20:18:36
42faa5e8832ee94d503e6a18da7b671f,0dd730c9749b49cfc711cf622d0fa54b,ES,sao roque do canaa,perfumery,42.9,15.1,58.0,delivered,2017-09-22 10:31:18,2017-10-23 00:00:00,2017-09-27 17:42:17
1a398850849e1f3b0532d27dddacf637,e3b4afcb56abffc0ea514aee91ac1c6f,SC,florianopolis,pet_shop,37.5,16.11,53.61,delivered,2017-05-15 10:40:31,2017-06-02 00:00:00,2017-05-31 14:52:15
e53874a6abcec503e0fd5d85948f36c9,599f81972e2b3db776c9bf3691e2c61b,RN,carnauba dos dantas,cool_stuff,129.99,38.46,168.45000000000002,delivered,2017-12-28 22:34:34,2018-02-05 00:00:00,2018-01-15 18:34:47
cf53791f14dde2f6520a9af8dc72c413,e787ea4a48e8226b61576428336fd41f,SP,limeira,furniture_decor,79.99,11.18,91.16999999999999,delivered,2018-05-06 21:13:51,2018-05-15 00:00:00,2018-05-10 20:22:38
3b981944c4d2df767cc524ebcb06d7e9,e4fae7c719983b63017bd3777af312c4,PR,sao jose dos pinhais,computers_accessories,28.9,17.13,46.03,delivered,2018-06-12 17:30:23,2018-07-04 00:00:00,2018-06-20 20:12:08
8db75604855db18d2672d5697268938c,bc566e7376447f9dd149308fd08428df,SP,sao paulo,stationery,89.0,13.64,102.64,delivered,2018-01-06 01:28:12,2018-02-05 00:00:00,2018-01-17 15:48:57
32b1d3f7e7a0149ea3c10792131839d5,46014217dceae9154e4f85ae292bc9d0,MG,belo horizonte,bed_bath_table,62.0,23.23,85.23,delivered,2018-07-19 11:22:55,2018-08-06 00:00:00,2018-07-25 19:06:32
8b141e527f5e1f02caf783718ab2af37,6c904f057f4f437a0a8c7c98bd434b21,SP,sao paulo,bed_bath_table,138.0,9.78,147.78,delivered,2017-12-18 12:33:29,2018-01-05 00:00:00,2017-12-21 18:40:23
06b0e5a0e09e97a92ab2614c36c4bea6,485bb7a7439d2e169b88b530385db387,RJ,rio de janeiro,housewares,125.0,21.95,146.95,delivered,2018-05-03 14:32:27,2018-06-06 00:00:00,2018-05-10 00:28:49
d9715bd8635503e2e6bf01a078df8c10,da9a03e098e776cf14b358ef2b648374,SP,sao paulo,perfumery,12.99,15.23,28.22,delivered,2018-04-09 20:45:28,2018-05-02 00:00:00,2018-04-17 00:28:21
5fa64c45b0cb986d05533f91c67c801e,7572e5cef60b963282594a4475752b3f,MG,montes claros,perfumery,89.9,14.36,104.26,canceled,2017-10-01 08:15:15,2017-10-24 00:00:00,
4560df0eb1f79fd95f8acef34281bfdb,b6593548e36db69a1add169ef02e77e6,PR,arapoti,sports_leisure,89.9,21.12,111.02000000000001,delivered,2018-01-05 16:23:44,2018-02-09 00:00:00,2018-01-29 16:37:05
58d2daf589cf891698126d1b77ed5860,7bad21424b3455c0be2ac92e07700ddf,DF,brasilia,watches_gifts,78.0,15.65,93.65,delivered,2018-06-21 21:08:29,2018-07-16 00:00:00,2018-06-28 20:07:46
3bc21ef8ec2cadd7703b05a26cc51b35,8c8d91273330ce597546a695893d8d85,SP,sao paulo,health_beauty,199.9,20.59,220.49,delivered,2018-07-25 10:52:55,2018-08-13 00:00:00,2018-07-30 12:51:34
da48c3a7c7a54b3a4fa8e4f0d0a0e49a,b88c3bbbc58730f55e8fcd1405c67a8c,MA,sao luis,furniture_decor,99.0,29.26,128.26,delivered,2017-02-26 01:05:37,2017-04-03 00:00:00,2017-03-15 11:51:49
88147bfe4762e9d0e545871dbc994734,73f97c6a5af65a71194cc2265ae82501,RJ,arraial do cabo,auto,66.64,23.4,90.03999999999999,delivered,2018-05-28 23:06:44,2018-07-05 00:00:00,2018-06-05 23:04:57
2b4b44b2668666eb59404ad3212d4826,bc0c41b70e1126510082daf85aece147,RJ,rio de janeiro,telephony,21.99,14.1,36.089999999999996,delivered,2017-11-17 13:14:15,2017-12-06 00:00:00,2017-11-29 22:04:56
d5bd26cb62e49fde71c09ef5039cf2f6,4e30efee78a5719e98c2499691d08413,RJ,rio de janeiro,furniture_living_room,89.98,39.56,129.54000000000002,delivered,2018-02-27 20:19:32,2018-04-04 00:00:00,2018-03-28 17:46:35
80176445f6976a30f014195eb46053c1,dd3c1473dd2061e08c79e5b469454b05,PI,matias olimpio,housewares,120.0,48.28,168.28,delivered,2018-03-05 14:31:20,2018-03-28 00:00:00,2018-03-16 16:28:54
2c7166305c873b61875185c04a58fce5,d2d53ab27fda8e5ffd2b4d2f531665ff,PE,capoeiras,perfumery,143.0,47.53,190.53,delivered,2017-10-10 09:27:07,2017-11-13 00:00:00,2017-10-19 20:39:46
5e703e05bcb502963f75e2a2a2eb7b73,95525127999a756443df590cc5aabe88,PB,joao pessoa,housewares,130.0,27.68,157.68,delivered,2018-07-01 14:01:27,2018-07-27 00:00:00,2018-07-20 17:11:48
aeb656e39cc0a83dd545f079f099d7e7,1cbda36ee89944baa7a738ddbdc4679a,RJ,niteroi,toys,289.0,20.99,309.99,delivered,2018-05-09 10:54:34,2018-05-29 00:00:00,2018-05-18 13:23:47
9cd4acec394235fdf417882afb629ae6,a3a6f2d1b8311efa1f58c7755e022a4e,SP,sao paulo,luggage_accessories,174.33,18.5,192.83,delivered,2017-06-30 11:11:04,2017-07-28 00:00:00,2017-07-10 18:47:51
9b32795311e821b3314911f55bb8a327,8ee8b7d504a2a0f5a7e2fdcd6b984208,SP,embu das artes,furniture_decor,8.9,11.85,20.75,delivered,2017-06-09 13:52:07,2017-07-10 00:00:00,2017-06-19 11:53:36
6f2d988a27fa7727f74225e3ad4b0f15,691d7c123d38d152eaf29bb03ab75a53,GO,caiaponia,fashion_bags_accessories,23.99,18.27,42.26,delivered,2018-07-25 21:17:54,2018-08-14 00:00:00,2018-08-02 21:54:59
1cbd71feda5da8baea7160be1168fbc5,90ec0a8d2609ed45405891f011004a8f,SC,camboriu,furniture_decor,59.9,15.63,75.53,delivered,2017-03-04 15:23:16,2017-03-29 00:00:00,2017-03-23 14:48:13
d4ed3d242ba3c0082668360172454c65,de23e1541a5e1a7b07a3ea983264cbe5,SP,sao paulo,health_beauty,49.9,13.65,63.55,delivered,2018-07-17 21:17:43,2018-07-30 00:00:00,2018-07-20 20:28:48
c505b8336db9c66f9459056a2ec767b5,b66da64051c395958d49bcf6f98589b4,SP,boituva,health_beauty,760.0,145.18,905.1800000000001,delivered,2018-05-22 13:59:54,2018-06-21 00:00:00,2018-06-12 09:26:38
83ca4ac8af7cb175c24225800f0e5abe,99ff5c853e97490194a9c063c5062d6e,SP,ibiuna,bed_bath_table,69.9,11.88,81.78,delivered,2017-02-07 20:57:58,2017-03-10 00:00:00,2017-02-17 09:54:29
8bf8a39f0859c5d00da3d27e8ef39d7f,6ae6900d06a60bd54a3f4abe432af382,MG,claudio,telephony,21.9,18.23,40.129999999999995,delivered,2018-04-29 17:11:58,2018-05-23 00:00:00,2018-05-14 22:34:48
88096595631e8d26b658306256e3ce34,e0faaaa5e888cd42e05f697c6dcb398f,RJ,rio de janeiro,baby,278.0,20.19,298.19,delivered,2018-01-05 16:35:15,2018-02-06 00:00:00,2018-02-19 22:54:48
7999895f514b30a8de833a4b7c3dd042,7f4c1190dffe5dc69870ec021c95b42f,RJ,rio de janeiro,housewares,219.99,28.49,248.48000000000002,delivered,2018-08-01 19:00:46,2018-09-03 00:00:00,2018-08-06 17:56:44
b12e6c26723c864922c152d097c3e87e,5c65a2076c901f375b01aad3a60c7447,RJ,petropolis,sports_leisure,104.9,16.49,121.39,delivered,2018-02-19 21:58:59,2018-03-13 00:00:00,2018-03-02 16:11:39
48e86fac091ccf24da8a7ebc63ec3111,9dcd3d06dd06a98c6a13a9f8260d6172,SC,florianopolis,cool_stuff,49.95,15.1,65.05,delivered,2017-06-12 11:34:57,2017-07-12 00:00:00,2017-06-26 16:39:50
f7cb1a22366eb2e46a22d3626871d1d5,9cf375c4d747cd1c2552138252cd392c,BA,salvador,construction_tools_construction,115.0,27.88,142.88,delivered,2018-05-02 15:14:09,2018-05-23 00:00:00,2018-05-30 20:41:15
75b1511f0476d39acfcfdba6d11b0db5,1c2d9586a288f287f1de389496e05bda,SP,sao paulo,health_beauty,31.49,9.27,40.76,delivered,2017-12-17 15:28:02,2018-01-05 00:00:00,2017-12-20 23:24:45
953ee7496af2a4597b4a05df5ab44c1c,e619ed52c7b30be9d83d970795c630a0,SP,sao paulo,housewares,6.99,7.39,14.379999999999999,delivered,2018-05-15 10:17:03,2018-05-24 00:00:00,2018-05-17 16:53:40
e0e67abffe91118f26ee31c1d1ee8391,6596f179362ae9b3c7ae83c0ab83ab2b,SP,cotia,stationery,23.9,8.29,32.19,delivered,2018-05-08 11:27:12,2018-05-21 00:00:00,2018-05-10 18:52:14
00ed64bc080d87b4ab7f0c433bc5e98f,77479db0fa60ddc453f3743abc02be23,RJ,rio de janeiro,unknown,44.9,16.11,61.01,delivered,2017-05-30 18:18:36,2017-06-22 00:00:00,2017-06-07 13:50:52
334fe6d31dfa8c49583196dda4b260e6,f8014c5b718ebaef3f10b8bb42118207,GO,senador canedo,musical_instruments,279.0,20.92,299.92,delivered,2018-04-19 00:27:32,2018-05-14 00:00:00,2018-05-03 23:21:49
ca836e631fd3b9408c19cf18ee331e08,ce87153ae6d1e210517154ec1057aad5,SP,praia grande,computers_accessories,88.0,1.7,89.7,delivered,2018-04-04 11:40:12,2018-04-26 00:00:00,2018-04-13 19:08:30
2c70f2b99096bd1c7b05eede8e860fc8,3c3a900fac26fc4018fb1735da353166,PA,conceicao do araguaia,watches_gifts,29.0,37.11,66.11,delivered,2018-06-11 16:22:58,2018-07-23 00:00:00,2018-06-25 13:03:16
a22df5d3fb8b3ec7e7adea94b1a4b967,4f40e85081dccd9137138b76a3ca3367,PB,solanea,bed_bath_table,220.0,39.65,259.65,delivered,2017-08-30 15:05:47,2017-09-28 00:00:00,2017-09-14 11:44:40
ff23c2ed75e1dd692c237538513b27a6,6ce3661998c50588da82854251489d8a,SP,guararema,computers_accessories,93.0,18.53,111.53,delivered,2018-04-09 22:15:15,2018-05-10 00:00:00,2018-04-23 20:42:06
12bde787c7633ad4340885ee9f97e373,931edcd9ef8f3f345c234265a41451e0,SP,ourinhos,auto,238.9,21.64,260.54,delivered,2017-06-18 23:19:13,2017-07-07 00:00:00,2017-06-27 13:39:53
5308a8e3331c9fab38efdb6a6c1d89c4,2000e65767f3fd909fbbdde0378abfba,RJ,petropolis,auto,24.9,15.1,40.0,delivered,2017-06-04 17:16:08,2017-06-28 00:00:00,2017-06-19 20:42:06
1268893eaba8446ae1a02da9bb6f4ef1,8b189442c30152c248236e0224c940c3,SP,tremembe,telephony,29.99,12.87,42.86,delivered,2018-07-28 13:27:25,2018-08-09 00:00:00,2018-08-06 23:57:34
ee88361b6c2439393e5eae2c0685acbf,fbfc2aca60d5bc9867cfbe731ab3ad40,SP,sao paulo,furniture_decor,59.9,15.18,75.08,delivered,2017-12-23 16:28:54,2018-01-22 00:00:00,2018-01-17 15:55:25
33a8bfc8305e6f0805566fbe433ad880,7e0b46b577245077035f9d8f76195494,SP,porto ferreira,telephony,17.5,12.79,30.29,delivered,2018-05-12 11:42:55,2018-05-30 00:00:00,2018-05-18 20:08:44
42ed2aeb956c92e3c3bb6933ecea1d89,c3453a398113264ece1c473555770991,PE,olinda,books_general_interest,133.9,25.49,159.39000000000001,delivered,2017-07-25 10:34:54,2017-08-24 00:00:00,2017-08-03 22:13:02
2285d8448d2a9e6ff6bf3abac605403f,d9f4657291c35c601cbb4b026b9e89cb,SP,sao jose dos campos,furniture_decor,75.0,13.08,88.08,delivered,2017-12-22 00:37:14,2018-01-15 00:00:00,2017-12-26 15:39:16
c9fbd3052dbd9c9ff427806225df3ad8,82a62aed54f385f3bcfdc990fceb57fd,SP,santo andre,garden_tools,49.0,13.44,62.44,delivered,2017-11-24 20:11:37,2017-12-14 00:00:00,2017-12-06 19:48:45
2096a9ff3dcd9dc1e2e90ea7296730a0,979954d4a54bc40e3cc849313887f19f,SP,sao bernardo do campo,telephony,107.54,13.41,120.95,delivered,2018-08-17 23:15:33,2018-09-04 00:00:00,2018-08-24 14:28:59
a2ea081c06c12c25c068089e4985745a,826303f32007dc49ba0fbf597caf80ec,CE,massape,watches_gifts,110.0,0.0,110.0,delivered,2018-05-05 09:22:24,2018-06-08 00:00:00,2018-05-26 00:08:34
6637722870b88cebb4ab988aefcd1115,221307c4fbd9b8763b52ae5cb3384e1c,SP,sao paulo,computers_accessories,29.88,7.68,37.56,delivered,2018-06-15 15:53:06,2018-07-03 00:00:00,2018-06-20 15:33:17
743358c2870aaee3175044cd2552410e,f05185cf10bafd088d29321713b4a6c6,ES,vitoria,computers_accessories,159.99,33.4,193.39000000000001,delivered,2017-04-19 16:54:08,2017-05-11 00:00:00,2017-05-03 15:28:04
0902d364e14a1dc0b156a550d070cbb6,45a1f95249146b8f0345b7f4b9d5a021,PE,caruaru,watches_gifts,219.0,38.22,257.22,delivered,2018-03-19 22:57:09,2018-04-17 00:00:00,2018-04-04 18:38:32
5f9500d487e1ab13436ab55d3b1c27d6,0376362c3d6ae393dcca0d66c17a202f,BA,salvador,health_beauty,99.0,18.26,117.26,delivered,2017-10-08 16:34:44,2017-11-09 00:00:00,2017-10-31 19:17:07
5f4de9e1f0e55dc0fd443e5f4b2b362a,cfaec087ed620ecebc6e6f82fe276fe2,GO,goiania,perfumery,53.99,15.26,69.25,delivered,2018-03-05 21:09:09,2018-03-26 00:00:00,2018-03-23 02:58:38
9dbaf3879dfddfc43171aaf9a9c0a82a,2410195f6521688005612363835a2671,SP,sao caetano do sul,baby,50.0,11.73,61.730000000000004,delivered,2017-09-06 22:07:43,2017-09-19 00:00:00,2017-09-12 12:19:11
05b7b6d543fe8045020d831080945bfd,dcbccb9a6e118d352f497b94cfa57f52,MG,belo horizonte,unknown,125.62,17.36,142.98000000000002,processing,2017-12-03 17:30:49,2017-12-27 00:00:00,
73b3f1016ed8574c8260d57ac56522ee,33e70bd20cd3b69d8291b372cf022ea2,DF,brasilia,sports_leisure,55.0,13.65,68.65,delivered,2018-03-12 23:16:20,2018-03-29 00:00:00,2018-03-19 22:34:49
9870418401e8162564e7a71ffd9fd4ad,211874260152edc67405ac57428cc89d,SP,cosmopolis,health_beauty,122.99,30.11,153.1,delivered,2018-06-26 09:50:05,2018-07-30 00:00:00,2018-07-03 16:47:15
4c2c7fcf017b1d438e1d6b7898d34a3a,581b4e946d1ac8988b98af747379c150,SP,santa barbara d'oeste,perfumery,56.99,8.72,65.71000000000001,delivered,2017-05-08 15:26:22,2017-05-22 00:00:00,2017-05-16 19:42:59
535c8ce792ddc4f50d7d860ae069049d,c398a258ca1af5f3da8ae5504e24828e,SP,taquaritinga,party_supplies,257.6,19.05,276.65000000000003,delivered,2017-12-11 15:26:51,2018-01-18 00:00:00,2017-12-22 15:41:53
6fa12c96b3e4f807bef7f5fa4c6a1b58,f741e181e378a05c47198365df23c363,SP,sao paulo,perfumery,19.99,7.78,27.77,shipped,2017-07-06 15:15:35,2017-07-24 00:00:00,
79fc134b916a8831d03be5a38144e016,1d97aa6db07321e87420b6e6ec830b5c,SP,mogi das cruzes,furniture_decor,179.0,17.99,196.99,delivered,2017-10-03 10:12:01,2017-10-26 00:00:00,2017-10-06 20:33:23
d77f1a81387ccc7a918fed8c5fc8815c,9290136e0f30582d37e02b69f7dddc0f,SP,cafelandia,toys,49.9,11.85,61.75,delivered,2017-10-30 21:45:44,2017-11-13 00:00:00,2017-11-07 20:38:30
ab2bdf1229c8b790d6ebf0f703023f01,e32adc31eb7d235070c49ce1f8a946db,ES,vila velha,toys,25.0,15.23,40.230000000000004,delivered,2018-03-27 13:25:46,2018-04-23 00:00:00,2018-04-12 23:32:21
8b531c937807bb67b6cfb0afa1be6ee3,4046cc9e4828038b58ee191e1f713466,SP,sao paulo,housewares,70.99,11.15,82.14,delivered,2018-06-10 19:37:05,2018-06-20 00:00:00,2018-06-13 16:38:46
bfb50f94da6d285b05b43043e97507be,7fa29a33be80d8411d8e0ee07cb70e46,MG,bom sucesso,baby,19.9,18.23,38.129999999999995,delivered,2018-03-06 14:31:23,2018-03-27 00:00:00,2018-03-20 20:07:39
4cd45eb856471e6d7d1f85e585b81041,7fe108cef30f4cca2f8696a711a07d0b,SP,sao paulo,construction_tools_construction,78.5,8.29,86.78999999999999,delivered,2018-06-28 10:05:44,2018-07-12 00:00:00,2018-06-29 13:11:06
84d49379a00e593760307d4eaf2733da,fd7e33657f73cd56330933d9e9783142,RJ,queimados,unknown,49.8,14.52,64.32,delivered,2017-02-10 15:32:14,2017-03-13 00:00:00,2017-02-22 11:52:32
431deec11a68067a1366683c3614d364,da47eee6ab68b4f7bbc41cab7d98459a,SP,sao jose do rio preto,sports_leisure,69.9,16.25,86.15,delivered,2017-09-28 22:39:37,2017-10-24 00:00:00,2017-10-30 21:34:17
680d7235e89a19239f2562d940e7c86d,3daa1c97a3155484f70c88b19c90dfb5,CE,guaiuba,health_beauty,359.0,27.79,386.79,delivered,2017-10-10 14:53:25,2017-11-08 00:00:00,2017-11-03 17:29:49
1b3190b2dfa9d789e1f14c05b647a14a,eb21169c3153a2b507fc7e76d561ff14,RJ,rio de janeiro,cool_stuff,144.99,17.26,162.25,delivered,2018-02-23 14:57:35,2018-03-15 00:00:00,2018-09-19 23:24:07
6e0f64efb04a60cc8a5bff3e30663c02,0085139b503668b3addcfe826d91be8d,SP,urania,sports_leisure,180.49,15.44,195.93,delivered,2018-01-30 13:48:42,2018-02-21 00:00:00,2018-02-15 17:46:18
03f8a04136edb44e749e0c70e8793caa,badfe870635ba56f341a37342f9d8530,SP,olimpia,perfumery,167.92,12.68,180.6,delivered,2017-06-14 10:42:20,2017-07-05 00:00:00,2017-06-23 07:57:54
6568c925063764e35e36fa4a9b809937,1c7fae8db20821423f3155642caad457,SP,pirassununga,fashion_underwear_beach,49.9,12.79,62.69,delivered,2018-05-09 23:01:52,2018-06-01 00:00:00,2018-05-21 16:42:09
e9fecd900cce6b52424121bf98911932,bfca6e3019cdb33c3159d8c337cd0e4a,RJ,sao goncalo,bed_bath_table,39.99,15.1,55.09,delivered,2017-12-02 21:18:36,2018-01-04 00:00:00,2018-01-08 20:40:37
04f6cdae6a85ade2864cd5fc811fb9ba,bd6c8e9ea5cd9adc391f0784e02eb855,SP,rio claro,luggage_accessories,139.0,41.02,180.02,delivered,2018-05-14 11:43:07,2018-05-25 00:00:00,2018-05-15 19:28:46
32f46692d9d85353f5f51f9ffd04e90a,0b1611c702d9cdf6e413121a7517e07e,MG,santa vitoria,auto,6.5,18.23,24.73,delivered,2018-07-07 10:42:35,2018-07-30 00:00:00,2018-07-13 21:29:41
37e87d7b071633ba92f5ef06491b781a,487b72af97cd4e1dcdfae25627f3ea8a,RJ,rio de janeiro,perfumery,339.9,11.79,351.69,delivered,2017-11-23 23:28:31,2017-12-07 00:00:00,2017-11-30 00:42:59
adf094db594ac7282fe50859f69cdb31,2eff60ffbc74b60b6b0c73f9c2f21a0f,MG,belo horizonte,office_furniture,149.99,33.31,183.3,delivered,2018-06-04 17:46:53,2018-07-31 00:00:00,2018-06-18 15:29:33
c0408eaa7dc133ee7e7ec2bce1023679,e1d8ea96d64cb683a2a4abc283dd82de,SP,bastos,bed_bath_table,89.99,14.72,104.71,delivered,2018-04-26 17:57:17,2018-05-21 00:00:00,2018-05-07 20:44:31
9ac24a8afcd635709e2443e878ccfbe7,5b1f05394a4cf3356d430713353ea50c,SP,sao jose do rio preto,bed_bath_table,88.9,13.18,102.08000000000001,delivered,2017-11-29 20:27:24,2017-12-21 00:00:00,2017-12-08 14:27:59
0068468c453d28c8ef3fd089e50a5847,051be26c01eaee2404f19132b80da15f,RJ,nova iguacu,electronics,469.0,20.85,489.85,delivered,2017-11-24 22:25:25,2017-12-20 00:00:00,2017-12-14 11:47:13
4d4626c2702b9593578cca934d41a295,e6287b52d3a5a496a5dd7f44d8763f40,RS,cruz alta,bed_bath_table,60.5,23.0,83.5,delivered,2018-04-09 10:46:01,2018-05-07 00:00:00,2018-04-17 13:38:52
e7cf06bc6a8ae92d204e156e702fd227,fefb7a3dc79dd2dd6ebfdc992149ad6d,RJ,rio de janeiro,sports_leisure,45.0,16.32,61.32,delivered,2018-03-13 21:49:07,2018-04-13 00:00:00,2018-04-04 19:58:25
f644267f332fbcb9fe143fbb7478441c,31a9f3ea5883e3fa0e6ec685504251e2,MA,sao luis,furniture_decor,84.9,38.14,123.04,delivered,2017-11-24 22:21:21,2017-12-19 00:00:00,2018-01-04 20:26:46
63a1e75d65a3dcb40d5f452a248e9680,caa4de7729f9cd45c3302e258841bdb4,SP,itapevi,bed_bath_table,84.9,14.9,99.80000000000001,delivered,2018-07-16 17:18:25,2018-07-30 00:00:00,2018-07-23 12:18:38
e86b1b2dd48839d7351406434afb578d,4452b8ef472646c4cc042cb31a291f3b,SP,sao jose dos campos,electronics,19.9,12.48,32.379999999999995,delivered,2017-11-25 00:31:20,2017-12-20 00:00:00,2017-12-04 21:13:10
e7b89f99a853abea7befdc9b1f9547e1,8aee0dda01c01da4f2cbcc2b94c75b00,RJ,rio de janeiro,bed_bath_table,44.9,18.23,63.129999999999995,delivered,2018-03-27 10:36:21,2018-04-30 00:00:00,2018-04-06 20:36:29
06ca6a54b34081bd1f5b84385021ac78,4b5fe1a918e5ed2a0f61380b3d280090,SP,indaiatuba,furniture_decor,89.9,11.83,101.73,delivered,2017-10-27 11:30:51,2017-11-09 00:00:00,2017-11-01 21:04:00
04130ed2567c23daa988cca5f1860430,e6fd45b1eab3940e2bfc5ed749f653fa,SP,taboao da serra,stationery,37.5,9.34,46.84,delivered,2017-11-11 14:47:40,2017-11-27 00:00:00,2017-11-20 19:32:27
ded8a75f89ac9b3ad08c2de7f07bca70,3dc37963005c99ecf1c92928d9cdd04b,MG,sao joaquim de bicas,furniture_decor,49.97,13.64,63.61,delivered,2017-12-04 23:17:06,2017-12-21 00:00:00,2017-12-12 19:32:32
18f15d3fbb7850283b527597c8f58704,fdacb67f7f266b74730a96a5b5fbb205,MG,uberaba,housewares,69.99,19.68,89.66999999999999,delivered,2018-08-13 10:39:36,2018-08-24 00:00:00,2018-08-21 21:15:00
932c319ee28911384cce008c02f0b448,2cf2aa79a6a7165ea380a4fcea303c0b,PI,teresina,unknown,29.99,50.93,80.92,delivered,2018-08-11 16:52:23,2018-09-13 00:00:00,2018-08-27 15:24:41
f1ce9965a957c39b5753f2b82622f6fb,995dfac5a581cef9f2b3918afa42efdf,SP,mogi das cruzes,food_drink,39.0,16.6,55.6,delivered,2017-11-19 17:37:11,2017-12-07 00:00:00,2017-11-29 18:09:04
ba6c94c5c72b8ba88b0d92dcadbd4e69,2f97c4e2a25d168f7904654d309d29d5,SP,sao paulo,telephony,27.99,7.78,35.769999999999996,delivered,2017-10-08 16:03:09,2017-10-25 00:00:00,2017-10-11 19:33:02
ce66c6a0f60005b066500b1e8f467071,b6c54869679ca8297369269d3d85392d,SP,sao paulo,computers_accessories,499.99,18.38,518.37,delivered,2018-06-01 15:23:17,2018-07-16 00:00:00,2018-06-08 20:02:55
841155000418a8a525b16b90fac1dcd3,e5371f37cd73bca8d365b766109e8d62,PR,curitiba,cool_stuff,176.99,23.56,200.55,delivered,2018-02-21 16:43:03,2018-03-14 00:00:00,2018-03-22 21:48:50
52fe284b8a7ca9585835524dbd80515b,0a0dafd6c8aa41c5a50873dcc91a0c62,MS,campo grande,telephony,18.99,15.65,34.64,delivered,2017-03-09 19:10:31,2017-04-03 00:00:00,2017-03-23 16:30:18
7ebf85bfac2ce83f0e584e02a6f225b4,fa2666e84063ec0bfc0e66b89ed60a08,ES,cachoeiro de itapemirim,telephony,17.0,16.05,33.05,delivered,2017-05-06 11:33:11,2017-06-02 00:00:00,2017-05-16 12:44:55
a2aae14e6eb568f6c2f82c7cc1d5e0f2,bd95d579644675df7618e1740778b7d1,RS,balneario pinhal,telephony,12.97,16.05,29.020000000000003,delivered,2017-03-18 21:58:15,2017-04-12 00:00:00,2017-03-30 16:05:32
48c7cdcae897b5c7615110c6dbd6c837,6dc4cf42e338b15e0c5b690bfa4a9064,SC,jaragua do sul,housewares,69.5,17.74,87.24,delivered,2017-05-29 15:36:07,2017-06-21 00:00:00,2017-06-08 15:33:36
80c54b49eb28ef498e5076bb0a7ca24c,9d76aaca6dc4b936615ca296c7287a68,SP,serrana,bed_bath_table,74.0,14.83,88.83,delivered,2018-08-05 11:42:29,2018-08-14 00:00:00,2018-08-10 17:03:12
234c9bfb16c85a964249d228963d0adb,832d9b1424ba5a4e691bdb0bea10ccf8,SP,sao paulo,bed_bath_table,39.99,11.85,51.84,delivered,2017-12-21 19:18:43,2018-01-22 00:00:00,2018-01-10 00:19:47
72350c18f769b53bf1ae2519359092e5,944a3eacbae592a23be282b9858d78b6,SP,indaiatuba,auto,169.0,16.28,185.28,delivered,2018-07-16 22:35:02,2018-08-07 00:00:00,2018-07-25 19:19:36
7122630ed5f706d6cc7faddb780673d9,6419a1be8feac26ec793667b71cbaeb4,RJ,petropolis,computers_accessories,144.97,18.26,163.23,delivered,2017-07-30 21:18:52,2017-08-22 00:00:00,2017-08-10 17:37:58
729ae5716c0955d5e326ffd5bb91368e,60640dacabc43827e9a28071d0b032cd,MG,coronel fabriciano,cool_stuff,27.9,16.11,44.01,delivered,2017-11-15 17:14:58,2017-12-07 00:00:00,2017-11-22 20:17:36
fa4646aff1ebffa86487953e4143125b,d4fd3ee4bbc710dbefab8f90f3d43bb4,BA,salvador,watches_gifts,509.0,21.71,530.71,delivered,2018-07-12 23:15:44,2018-08-01 00:00:00,2018-07-20 19:38:46
88503051b9833f27c9492939bcfe2a6a,2a756a1116ed48189353ec50150b6d3e,SP,sao paulo,electronics,184.9,16.39,201.29000000000002,delivered,2018-07-16 16:25:10,2018-08-16 00:00:00,2018-07-23 20:16:54
b80658b0fe989d9699344386255ed40b,b41c195ce0ad1bd16163dba3b83637de,PA,belem,stationery,69.9,24.98,94.88000000000001,delivered,2017-03-12 22:23:52,2017-04-24 00:00:00,2017-03-24 12:08:14
5ee63c8c9ae2e5c38791b35932cf4c69,83aca63b2193ea126b287f3ae61528d9,SC,gaspar,office_furniture,124.99,15.62,140.60999999999999,delivered,2017-05-09 11:30:18,2017-06-06 00:00:00,2017-05-29 08:13:56
dd7716f186ee491831aeea6aae363bad,09c8693be0df1717475ef6360a1912a6,SP,sao paulo,auto,650.0,16.45,666.45,delivered,2018-04-24 12:33:13,2018-05-07 00:00:00,2018-04-27 22:16:33
3d4747e5a741a90f0c60acf8ce8399a2,9f18b0ab8a528588dfb698f392a55e98,ES,serra,computers_accessories,28.9,14.1,43.0,delivered,2017-10-16 22:56:17,2017-11-06 00:00:00,2017-11-01 15:46:48
0dfba10b17bfeb85f083652263d258ee,d09287e3336e8a2497bb3a39d38513cf,SP,hortolandia,sports_leisure,107.0,12.25,119.25,delivered,2017-12-14 21:32:46,2018-01-09 00:00:00,2018-01-05 19:49:36
d134a745dbca5e4a22709d57e23d4f8d,49dd4334612dbadcdb8f6f68f41310e0,SC,palma sola,bed_bath_table,169.9,20.44,190.34,delivered,2018-06-04 17:19:43,2018-07-11 00:00:00,2018-06-14 20:31:02
ed69463ce85109f7c23511a77f8dc603,f58e6074ba9ddf8b45c7843353f49621,DF,brasilia,health_beauty,34.49,18.23,52.72,delivered,2018-03-07 17:15:20,2018-03-26 00:00:00,2018-04-02 15:05:47
293195bcdbd978c21b548c48185374a7,631f49f31cd50e8cf62f210c9512afc8,SP,sao paulo,auto,59.9,13.44,73.34,delivered,2017-09-19 16:02:05,2017-10-05 00:00:00,2017-09-22 14:04:42
210cf7d3028086f57d41f03d2a240390,5758384c0722e1c8eb62d128a9cf56d3,PA,augusto correa,watches_gifts,159.0,37.8,196.8,delivered,2018-04-20 17:03:32,2018-06-01 00:00:00,2018-05-10 20:52:14
fae47c33ced01bcd86b7152ca8c6d803,2f0eafc1e2fe0fd11961bd0ca24e62e6,RJ,petropolis,housewares,149.9,17.79,167.69,delivered,2017-02-17 23:07:09,2017-03-20 00:00:00,2017-02-24 10:47:47
074fe9591f975471a7aad1d0d6ff6db0,821a512044e7e24ecb0b67338205fa7d,ES,serra,watches_gifts,179.9,16.01,195.91,delivered,2017-08-31 00:46:38,2017-09-22 00:00:00,2017-09-14 20:26:03
93b5126582016c562322518b8b504033,bad57d8056180cd25422e4f3b2147670,RS,marau,sports_leisure,99.9,27.0,126.9,delivered,2018-07-23 16:27:35,2018-08-20 00:00:00,2018-07-30 22:44:35
82984749eb983f9f558a003b3fc693f7,bcf2d3bd55f6749f7ff68b3b8417462a,SP,jacarei,pet_shop,20.9,15.1,36.0,delivered,2017-08-28 22:40:14,2017-09-20 00:00:00,2017-09-11 18:54:51
f963c329c770720f168067c84761f221,8bc55c9077e4b76de8264ffa56b646fe,SP,mogi das cruzes,books_general_interest,34.9,8.99,43.89,delivered,2018-08-01 23:50:00,2018-08-08 00:00:00,2018-08-06 15:34:40
d8cc1cf815465b0812b29a738492e4f9,478962ee4a624fdfc8989857a0da2864,RJ,rio de janeiro,bed_bath_table,39.9,16.6,56.5,delivered,2017-06-22 19:09:57,2017-07-21 00:00:00,2017-07-10 15:53:32
043c74b543e990bd18b14ef1e4344031,f4c8f8a862c73b83c4a9895e56dd67a6,RJ,rio de janeiro,housewares,129.9,17.35,147.25,delivered,2017-08-15 09:02:19,2017-09-11 00:00:00,2017-09-04 21:40:00
f015cd11f6ab9d3d6834ee99ad9bc7b3,0ee3a7ab8c5cb2a891dc602ba71c976b,MG,jacutinga,cool_stuff,144.99,18.26,163.25,delivered,2018-02-11 11:18:54,2018-03-09 00:00:00,2018-02-26 21:52:08
bfdb258080b0a7f6774ea0444dc27309,ffe4d6bcc48632f0bb1bedf53702cc4b,MG,belo horizonte,health_beauty,70.0,15.37,85.37,delivered,2018-03-07 17:15:10,2018-03-23 00:00:00,2018-03-14 13:33:57
c0f2ea4b21ba7cf42168794fcc92560a,68ac7f34d4b4d62e58822ed1d86dfe82,SP,sao caetano do sul,perfumery,219.0,14.55,233.55,delivered,2017-12-10 18:15:03,2018-01-08 00:00:00,2017-12-24 12:59:50
884b42885f11cac2abce880659eb1b0b,cc5030f151f5e94a5628d98a3733585c,SP,braganca paulista,health_beauty,32.9,12.53,45.43,delivered,2018-08-14 09:15:11,2018-08-22 00:00:00,2018-08-24 19:22:05
e29968d0d7fad6eb512591f25eca27dc,2913887204f4f95ab9f513c860b13e84,ES,vitoria,watches_gifts,140.0,18.86,158.86,delivered,2018-06-06 20:19:46,2018-07-13 00:00:00,2018-07-01 20:38:24
60d415e84551cac375bb52d28412c53f,f437fb14cbec4f465f565fef77463f52,SP,braganca paulista,watches_gifts,215.0,19.39,234.39,delivered,2018-05-12 20:04:27,2018-06-06 00:00:00,2018-05-22 20:04:34
a017bed18c5f129119f36a92642a1cc0,25084c562406811ccea6b10655d1fff9,SP,osasco,bed_bath_table,259.0,19.64,278.64,delivered,2018-06-06 10:11:20,2018-07-18 00:00:00,2018-06-15 17:32:48
cd2827ebf0110d1e9a7495cb028c14af,ee48bfba35121a1d6aeb4455e4d9d9bf,RJ,angra dos reis,watches_gifts,102.0,18.59,120.59,delivered,2018-05-04 08:40:32,2018-06-04 00:00:00,2018-05-17 16:21:05
b20de8c4d92b516b001daf5375f4532f,f153640f1dc0b321ef40f860a7dfa190,SP,ituverava,furniture_decor,79.9,23.14,103.04,delivered,2018-03-22 11:59:42,2018-04-19 00:00:00,2018-04-02 17:22:37
290b12fe53ad224d4f2ba8f1eb54a8f1,53ab54b5ebf51945d24a70cd1f65f188,RJ,rio de janeiro,baby,59.99,17.67,77.66,delivered,2017-05-16 21:51:12,2017-06-07 00:00:00,2017-06-14 13:45:59
934df00dcb85e2cc1b9077573721fa15,b0ca6979912c2d94b6370deb35f0a49d,MG,alem paraiba,toys,74.99,18.4,93.38999999999999,delivered,2018-05-21 20:30:42,2018-06-11 00:00:00,2018-06-08 00:09:49
b4e47a448289bb284758470f606229c4,307257add0e91eebec2e24a70e665b1d,SP,sao paulo,housewares,55.0,12.83,67.83,delivered,2018-05-28 15:54:55,2018-06-20 00:00:00,2018-06-01 21:34:39
f05e32e2cc67748c34a77da2ff68841c,334eee0094b36c6c06fa6461ed5cf9ae,PE,pesqueira,consoles_games,24.5,25.63,50.129999999999995,delivered,2017-12-21 16:11:33,2018-01-29 00:00:00,2018-01-09 13:35:07
17d98bdb9b550bc6b435062e09aee717,4dd12fd555c1b5fd9ce1566838ccb99c,RJ,rio de janeiro,sports_leisure,29.49,15.1,44.589999999999996,delivered,2017-07-22 02:13:28,2017-08-15 00:00:00,2017-07-31 19:24:35
403a0fd88d423ef5d91893e2787c806f,b97a913461d151c37812d11673125b52,BA,salvador,watches_gifts,106.9,0.0,106.9,delivered,2018-04-23 12:44:33,2018-05-18 00:00:00,2018-05-16 17:28:36
ce678bd6591f2487c9b4f5af45b4619f,1e9ebbaa6a3a66ad3f47d4480be0bb95,MG,gouveia,garden_tools,380.0,39.06,419.06,delivered,2017-01-13 20:08:30,2017-02-23 00:00:00,2017-01-23 12:39:22
af4bc5e9bc2ad444c7d4e2fc8e45ebda,2ef9e79cf6bf3c0dac3b48c8dd46259e,SP,sao paulo,sports_leisure,28.0,18.23,46.230000000000004,delivered,2018-03-21 12:08:41,2018-04-12 00:00:00,2018-03-31 12:56:44
bb00eb2dd9a64942be2a153901aae546,84fda66962e2d7886a6a57596299f432,SP,sabino,health_beauty,325.0,13.77,338.77,delivered,2017-08-20 20:50:18,2017-09-11 00:00:00,2017-08-28 19:33:59
4cb3d457db54c2facba2120257f1dc8d,473c779638bdbefee9d8b81d441b8bda,SP,sao bento do sapucai,computers_accessories,180.0,12.74,192.74,delivered,2018-03-17 09:38:13,2018-04-10 00:00:00,2018-04-03 23:07:47
f6d9a259f1d0e93273707909a8e59fc6,7bfbafc4d351ff632afc079bcfd93516,SP,sao bernardo do campo,consoles_games,24.5,11.85,36.35,delivered,2017-11-20 18:09:45,2017-12-07 00:00:00,2017-12-04 16:23:40
1c748687e58d9c5b30aa8ffff5747fe2,e4507501ba82f0fffb9028344e2c00f2,SP,ribeirao preto,health_beauty,69.9,18.59,88.49000000000001,delivered,2018-06-20 11:01:23,2018-07-18 00:00:00,2018-06-25 14:26:41
22d58ab98a59a304fd61d116c625ec4a,a2d396dd46cfb15b4bac087f6a9ad555,RS,rio grande,computers_accessories,945.0,108.74,1053.74,delivered,2017-10-27 12:48:53,2017-11-23 00:00:00,2017-11-07 15:51:40
3f44822628f0c503e75fad73768c844b,c345e370ec852ef4ae9ef751a62b56be,SP,sao paulo,health_beauty,20.99,8.72,29.71,delivered,2018-01-25 02:55:10,2018-02-09 00:00:00,2018-02-02 01:45:36
a1b9ef764d1de3a283a1e60320475964,4fa2076143416d9d21715729a1828c63,RS,porto alegre,fashion_underwear_beach,183.0,16.03,199.03,delivered,2017-09-28 12:03:33,2017-10-30 00:00:00,2017-10-16 20:33:48
991219777efaa02d272fbd6d04632835,7bbdfd62d43359529987ccbb3c7e272f,SP,sumare,health_beauty,88.9,15.5,104.4,delivered,2018-03-05 21:14:43,2018-03-22 00:00:00,2018-03-13 19:28:33
1098a8cc6b7514f599126c5f27706dc5,59a116551d6f781a536d874be20ea223,RS,porto alegre,perfumery,39.9,21.15,61.05,delivered,2018-01-30 17:48:20,2018-03-02 00:00:00,2018-03-07 18:04:31
657b8dbc222ac9b5b61eab078c16b3c2,ddc8905700a88c452403d3f96750f88a,SC,florianopolis,electronics,12.9,15.1,28.0,shipped,2017-07-13 17:30:30,2017-08-04 00:00:00,
67ef29c9ba12b789eb12ac5ee9743826,40a8a222280826e2de19cb02a7675489,SP,sao paulo,furniture_decor,69.9,12.43,82.33000000000001,delivered,2018-05-10 00:40:38,2018-05-18 00:00:00,2018-05-14 19:31:36
7448f861b4547fc4407e432c043ee4a0,f2215f564b72f4beda66fd611117519f,SC,chapeco,home_appliances,26.2,18.28,44.480000000000004,delivered,2018-07-15 12:04:20,2018-08-06 00:00:00,2018-07-23 19:51:31
0933defa4766a375397a4b9c9eaec017,087dd27ff788395ed2877c049672afe6,PA,belem,computers_accessories,59.9,42.45,102.35,delivered,2017-12-23 17:20:36,2018-02-06 00:00:00,2018-01-17 01:16:47
f9989a770fe566738df2291e09cddee0,a9f230e1e5804e42b363930ef31b6f7d,SP,sao paulo,watches_gifts,590.82,12.33,603.1500000000001,delivered,2017-06-18 22:34:32,2017-07-05 00:00:00,2017-06-30 15:29:47
6bb75b523d42e4354aa183cdfe82bf43,70e750c49f6d47641efaaf010f906c5d,PR,palmeira,fashion_bags_accessories,59.9,15.17,75.07,delivered,2018-02-04 17:52:21,2018-03-08 00:00:00,2018-02-14 19:47:46
d3c5d59ee5c6bd9cbb3230d8bfebfffb,00575b2023dedcc0f3e81a938834689b,PR,nossa senhora das gracas,electronics,19.9,12.48,32.379999999999995,delivered,2017-11-04 20:24:52,2017-11-24 00:00:00,2017-11-21 18:26:46
8dbf95d9c5478e672a3de4e316ab4d9a,98c9cab8294ee99442c0419a45637f03,RN,natal,watches_gifts,145.0,23.74,168.74,delivered,2018-07-04 19:46:29,2018-07-30 00:00:00,2018-07-14 18:52:39
77715dc96ea49747370a3a70f405f66c,61ade84389f61cbb662a730e5a745cb7,RJ,rio de janeiro,housewares,89.0,16.59,105.59,delivered,2018-05-05 13:52:41,2018-06-14 00:00:00,2018-05-11 20:51:18
559e3bc7d9dd587ccb23c90505340ee1,7ca19647e1200895475475186a3e072e,AL,maceio,garden_tools,53.9,0.0,53.9,delivered,2018-04-19 06:56:40,2018-05-23 00:00:00,2018-05-08 21:48:47
443038d9ed6b74bc4f7bfa679ce81bf1,81186688888d70a6d2f65677fe4bdcab,RJ,macae,office_furniture,229.99,66.42,296.41,delivered,2018-02-24 21:26:42,2018-04-05 00:00:00,2018-05-07 22:31:53
b8817cf40f8cf861cbe022a3b0c61893,effbcd5686486e99ce71e00e0087e8d2,BA,camacari,cool_stuff,62.99,18.68,81.67,delivered,2017-05-09 18:31:27,2017-06-06 00:00:00,2017-05-24 11:47:47
2825848807f070485f0f0ef3829758f4,8329519e31cb1b89bd44c3c6ae417ad6,SP,campos do jordao,perfumery,11.9,10.96,22.86,delivered,2016-10-09 22:36:44,2016-11-30 00:00:00,2016-10-17 12:03:19
de3205739b43c0284c856d5bd725dc55,b6ea04eb4b04276bb4e9731099c85443,SP,sao paulo,bed_bath_table,45.9,9.34,55.239999999999995,delivered,2018-01-31 21:39:27,2018-02-16 00:00:00,2018-02-07 23:22:55
c184e6099cefcb115ecad127cf774705,ef47bc5bdb69b9aa62f3db4e3e434d72,BA,salvador,bed_bath_table,200.0,24.78,224.78,delivered,2017-08-09 10:32:05,2017-09-13 00:00:00,2017-08-23 19:18:11
d07c50c53231a42008862d777b261ff2,43941f33ed232fab3edca66699e4d287,SP,sao paulo,housewares,72.0,11.15,83.15,delivered,2018-03-23 17:32:32,2018-04-12 00:00:00,2018-03-29 16:38:41
afca5fe0f14b7178c97f8cb22611f584,a652650842029ba5fe41ba9979c47df5,RJ,rio de janeiro,stationery,59.9,25.26,85.16,delivered,2017-09-09 15:24:45,2017-09-28 00:00:00,2017-09-21 18:57:42
336d43702a934d77766b523ef3308ba6,428fb2f8e861bae7c28b798aa8e32bf3,SP,sao paulo,sports_leisure,570.0,20.9,590.9,delivered,2018-04-19 21:27:20,2018-05-14 00:00:00,2018-04-26 17:23:33
bc4b1551a6fb2346fc87b5879402dbf2,e859e90f73478f60793f3be64ef9eb1a,SP,cotia,bed_bath_table,168.98,9.54,178.51999999999998,delivered,2018-04-02 12:40:33,2018-04-24 00:00:00,2018-04-26 21:28:50
76050ac42e05f52668728d3b535629f4,5d6222887465eb9455b65d76d5954089,MS,alcinopolis,computers_accessories,144.99,17.45,162.44,delivered,2017-05-24 21:57:34,2017-06-20 00:00:00,2017-06-02 10:46:54
a79f369e816d39951d6f26ef65842903,8c59e845478e6ca0e366fefaba4bd46f,SP,tatui,electronics,19.9,12.48,32.379999999999995,delivered,2018-01-29 16:31:12,2018-02-26 00:00:00,2018-02-20 17:29:01
31c97b9baf5fa7ec99a32d2e0f000937,72ec787e241319e85b89d18fd7a19605,RJ,rio de janeiro,garden_tools,179.0,62.89,241.89,delivered,2018-03-28 15:12:18,2018-05-04 00:00:00,2018-05-11 18:57:34
fe7f10510a9c92f4a7e617c761f16f22,d4ef2ebf5e3ca1f7146ab1625cad575b,SP,campinas,health_beauty,208.0,10.37,218.37,delivered,2018-05-11 08:26:58,2018-05-23 00:00:00,2018-06-01 16:49:46
c1b3a881aed70415ec2c1cd40d217d5d,ee93308f8889d7d12be43a9d18bcb405,MG,matozinhos,costruction_tools_garden,16.99,16.11,33.099999999999994,delivered,2018-02-28 14:42:53,2018-03-22 00:00:00,2018-03-14 20:06:31
cb6ecdef708b4c17e5c71daeecc74ae6,b48b5c9e9a1f2e456f584824c122266a,PR,francisco beltrao,electronics,22.9,13.5,36.4,delivered,2018-08-13 15:44:56,2018-08-30 00:00:00,2018-08-17 17:21:05
91260d5d88d51354a02afecbec80995a,de014eaed4c2b8eac679deb6091a7c92,SP,guaratingueta,electronics,13.65,12.79,26.439999999999998,delivered,2018-03-13 15:40:09,2018-03-29 00:00:00,2018-03-26 17:58:59
77ea41cd71582db7c8dc337bbe28b561,c75509c723877bfaa691bba889dcf227,SP,sertaozinho,bed_bath_table,98.99,15.8,114.78999999999999,delivered,2017-04-04 15:55:58,2017-04-25 00:00:00,2017-04-12 17:35:46
cf8a4a06e137d7ac5db32cb925d6aaa6,1757712418a4a1385cec3e9845cc7908,RS,torres,sports_leisure,79.0,21.84,100.84,delivered,2018-04-21 15:34:04,2018-05-22 00:00:00,2018-05-04 19:59:30
21e66217f32d0775592d587a9cee5860,e6705943467b395bfe2005f4b7128a51,SP,franca,bed_bath_table,99.99,15.81,115.8,delivered,2017-04-10 11:36:05,2017-05-02 00:00:00,2017-04-13 15:26:45
f82a2055f59b4ccf07be7a6e9d52debd,086a1331b5f75cf51610065e3ae36425,SP,sao paulo,telephony,29.9,7.78,37.68,delivered,2017-10-05 13:56:51,2017-10-24 00:00:00,2017-10-07 15:58:34
ad55129ee505d7099cfa6fa9050bdec6,2e7c511f54e9d94776c606007d672a22,SP,campinas,construction_tools_construction,199.9,9.75,209.65,delivered,2018-04-10 18:28:31,2018-04-24 00:00:00,2018-04-12 19:28:39
25fd4274a09c3a289e988295ca88a14d,c019a05c73fa307d99685887627368f2,MG,sao bras do suacui,baby,52.0,17.61,69.61,delivered,2017-12-27 10:43:33,2018-01-26 00:00:00,2018-01-09 22:36:02
66d105a8f0f6727acbe752b4da6f29ef,b4bfffe1fcd1f298ea8c011b2ee348ae,RJ,niteroi,sports_leisure,79.0,15.47,94.47,delivered,2018-08-21 09:12:03,2018-08-29 00:00:00,2018-08-22 23:38:15
3a3239fa60ea2f77a53990f66c3f1a45,87e10490e24f34fe5a034de34504f055,RJ,rio de janeiro,computers_accessories,76.25,16.97,93.22,delivered,2018-03-02 17:37:53,2018-04-11 00:00:00,2018-04-04 15:43:43
93999ce665023ff8268e26a12fc25bc3,74ea4ce57f080f34b6ccd680a9fdfb25,RJ,rio de janeiro,garden_tools,49.9,17.6,67.5,delivered,2018-02-06 10:49:35,2018-03-05 00:00:00,2018-02-26 21:43:26
6e18b903d38ac38420a6d094ebaebb50,c92e853931dcb8023141ca1cc898eaa2,MG,ponte nova,fashion_bags_accessories,29.9,18.23,48.129999999999995,delivered,2018-03-28 15:42:20,2018-04-18 00:00:00,2018-04-09 20:51:01
68810c6b108472c394da03666cf1fe74,48533831affa935557a30dd054d1d1f3,RJ,rio de janeiro,watches_gifts,239.0,15.42,254.42,delivered,2017-12-02 10:13:29,2018-01-03 00:00:00,2017-12-18 20:17:31
e72f2609834d85254ae5c812097a437e,f2e2d618020e22afab29148d1443016d,PE,recife,unknown,149.9,43.08,192.98000000000002,delivered,2017-08-11 08:48:50,2017-09-15 00:00:00,2017-08-24 20:20:02
b8cc45abc3a6bd43c8a4f86b627de53c,53cf397c4712868e6befdcdbb2f81f7f,SP,sao paulo,computers_accessories,149.88,18.3,168.18,delivered,2017-10-23 09:08:04,2017-11-10 00:00:00,2017-10-27 16:52:44
2c02d17ab6c97e9a58c6bf900a39aa46,e5f79a6107cfa4b9f6282c13a61e2604,SP,sao paulo,home_confort,89.9,13.65,103.55000000000001,delivered,2017-08-31 22:31:26,2017-09-19 00:00:00,2017-09-09 13:10:07
265b8c2415ffccf3e31e5622aa91d95d,9f1591824452a9d9a9f225b9fca168d2,MG,itabirito,garden_tools,49.9,17.6,67.5,delivered,2018-02-14 20:14:12,2018-03-09 00:00:00,2018-03-05 11:59:04
ffefb169ddf34cecc0622a6d3cc387f8,d11fd20c68a7d716b6e2df9bccda5b8e,SP,sao paulo,cool_stuff,129.99,12.11,142.10000000000002,delivered,2017-07-02 19:22:03,2017-07-14 00:00:00,2017-07-19 16:36:31
dd66c3e6a85bd67e68275e13bbc71c44,1880cba44eb374d1e5b26a2428300754,MG,uberaba,cool_stuff,156.0,18.97,174.97,delivered,2018-05-03 23:01:35,2018-06-01 00:00:00,2018-05-12 13:46:32
11920e11fe97283e241e22b84dc6a89d,2143f35e9d8dffecd49d0bb2d860b6ac,RN,parnamirim,furniture_decor,29.9,22.28,52.18,delivered,2017-03-03 08:34:09,2017-04-03 00:00:00,2017-03-28 01:44:02
07261a56ea5f8537a7bc47d5155d2f40,4ab35f739c711caa39bffe9c2422d6c8,ES,cariacica,fashion_bags_accessories,59.0,16.11,75.11,delivered,2017-03-24 14:40:58,2017-04-20 00:00:00,2017-04-04 17:11:11
8262ebe1e3df8d5a04eb3c663940c9b0,75db9a792bb0c4ef4858e3db3f1f42c5,MG,sao joao del rei,bed_bath_table,57.99,23.56,81.55,delivered,2018-08-17 09:47:55,2018-08-31 00:00:00,2018-08-27 19:06:49
f20149c97a729f673c9dfdcb181f8b97,c4d7513f13d600e335a6a34f071fbd37,MG,lavras,cool_stuff,99.99,17.95,117.94,delivered,2017-09-14 11:12:33,2017-10-04 00:00:00,2017-09-21 18:18:53
ebd997c20fa6011d7d198f1d8d13572c,82db58ce35918d13ecfe2a891815de02,RJ,petropolis,toys,119.9,17.28,137.18,delivered,2018-01-04 00:12:07,2018-02-06 00:00:00,2018-01-22 13:28:36
ff1ea7be87e1ca3d2ae5b77eaa6dab69,4f423618c6b877c12913e405777f053e,SP,guarulhos,housewares,89.9,11.83,101.73,delivered,2017-05-12 17:22:23,2017-05-22 00:00:00,2017-05-23 12:55:45
64494f7ab58005aa3e0a940357fed9dc,f9ba2499f18faf8df642cb0cf7d4ce55,SP,sao bernardo do campo,telephony,127.0,11.5,138.5,delivered,2017-03-27 22:06:14,2017-04-13 00:00:00,2017-04-03 09:57:46
7e72165c5aea9996c625cfe62c8e1500,04c504443b45059127d2246e15d8da61,SC,ararangua,stationery,99.0,17.94,116.94,delivered,2018-03-04 12:00:53,2018-04-02 00:00:00,2018-03-23 16:55:20
5c54271ee917cae6f59c5609f8baa986,f90fca167e7e863643e506f4d2e1c71f,RJ,niteroi,furniture_decor,250.0,50.49,300.49,delivered,2017-10-22 23:12:53,2017-11-16 00:00:00,2017-11-04 11:48:42
3f744e5030fb02e02651eb31d5204878,e581648cf932a39025be2099a9f81cef,RS,rosario do sul,housewares,5.9,18.23,24.130000000000003,delivered,2018-07-31 13:52:24,2018-08-20 00:00:00,2018-08-07 22:32:47
8279b5df6e66fb0dfddfc8a4cd10471b,7c39dd24356572bc221e519ffda3bed8,SP,divinolandia,watches_gifts,899.0,18.73,917.73,delivered,2018-03-28 00:12:02,2018-04-16 00:00:00,2018-04-17 11:32:59
51c88c10daf1d028607325b9f19e3a5f,4d2e9ad91385caeba168e3c17961447d,SP,francisco morato,cool_stuff,92.8,16.35,109.15,delivered,2017-02-07 23:15:25,2017-03-10 00:00:00,2017-02-14 07:58:27
ca836e631fd3b9408c19cf18ee331e08,ce87153ae6d1e210517154ec1057aad5,SP,praia grande,computers_accessories,84.89,19.49,104.38,delivered,2018-04-04 11:40:12,2018-04-26 00:00:00,2018-04-13 19:08:30
46c0b3ab3b1d05b0f8af19f0100a33c4,39d26db6530f0ad21b671a973cb6e03f,PA,castanhal,health_beauty,330.0,39.22,369.22,delivered,2018-08-18 18:37:12,2018-09-19 00:00:00,2018-08-28 19:30:41
11d963f9aaaf7e748ae831e7ad75775b,98a5ca685bd541f8a055cc942be6e3ed,SP,sao paulo,housewares,25.0,7.39,32.39,delivered,2018-04-13 10:39:29,2018-04-26 00:00:00,2018-04-25 15:42:03
ce101239d4d3c22d02503fc803c73be6,421fb8b8a68656b2eed1ef9389014a7c,ES,vargem alta,housewares,25.0,19.32,44.32,delivered,2018-04-18 11:06:48,2018-05-14 00:00:00,2018-05-23 13:48:41
abf1130bc676c9dcadf91e24f5e30a30,db7ecd3849859458fdd70064fb9afa9a,MG,belo horizonte,electronics,97.9,16.94,114.84,delivered,2018-01-11 16:24:13,2018-02-05 00:00:00,2018-01-19 19:58:54
a7e777244d28c9330d778b6626beb029,ee337c55ba083dcf3a922739b2e63428,SP,sao caetano do sul,housewares,179.0,13.16,192.16,delivered,2018-05-14 18:38:17,2018-05-22 00:00:00,2018-05-17 19:22:00
931eb9b18a6471d1f635ff15fcbde0ca,bccf4ab3959cdc57e57b10e7cf35c5aa,SP,piracicaba,computers_accessories,79.9,7.74,87.64,delivered,2018-05-16 11:50:30,2018-06-04 00:00:00,2018-05-22 17:52:21
6d7335413b5b9b123f6d4f6be3aaa69e,f00d36b9015dca9a8534f5cbbceabd9f,AL,pindoba,musical_instruments,367.0,53.29,420.29,delivered,2018-08-10 16:24:47,2018-09-17 00:00:00,2018-08-22 14:25:46
a5f48911613f243e89209587f3d37aff,d65e3a3acdcbd4a46d053217383125ff,SP,ribeirao preto,sports_leisure,104.9,10.15,115.05000000000001,delivered,2017-12-16 10:35:37,2018-01-05 00:00:00,2017-12-19 20:28:26
3e3a94885730f7e2aa4da0a98a4180e0,d368f7a4811451ab379d8f037c111949,DF,brasilia,luggage_accessories,48.9,16.11,65.00999999999999,delivered,2018-02-17 14:00:40,2018-03-15 00:00:00,2018-02-23 21:25:40
5ea0678e7b34c19e5ecbcdf8a3eacea2,c6bae494a07dea6997f53f4dbd06039c,SP,sao paulo,home_comfort_2,12.9,10.96,23.86,delivered,2017-03-13 21:13:46,2017-03-30 00:00:00,2017-03-20 09:03:35
89812ae1f27bd0baa142a3aa9ab5cb49,684dbcfeb4fb7b835a7a0e477d35afd1,RS,porto alegre,baby,49.99,8.86,58.85,delivered,2018-08-27 10:46:53,2018-08-30 00:00:00,2018-08-28 12:33:04
0d439757ecfbf3291e45eeed58215fe8,f34ce380d15cd715095110eb0cc52641,RJ,niteroi,baby,270.0,93.14,363.14,delivered,2017-08-30 17:20:54,2017-09-19 00:00:00,2017-09-13 20:10:26
6413a8cd79f9720426fd12968b388228,22eecffbc2e4e56747eb329d96051962,RJ,niteroi,computers_accessories,199.0,23.32,222.32,delivered,2018-06-25 10:38:46,2018-07-31 00:00:00,2018-07-03 16:48:51
7c739ac8f7823321ba2afe6f94dde28c,7ca367c0358b78e05050cdcd1c38b91b,MG,jacinto,computers_accessories,24.99,15.1,40.089999999999996,delivered,2018-02-11 21:08:26,2018-03-09 00:00:00,2018-02-23 22:05:19
0a4c05d2e1ae812a342af2f5c9a34b36,2ee7ec1f76d53708b7665e5b28a80ff1,SP,carapicuiba,watches_gifts,29.9,4.34,34.239999999999995,delivered,2018-07-31 13:55:19,2018-08-10 00:00:00,2018-08-03 13:48:35
03abe0f86b91213bd62793ca180b232d,e24fd88c2ae70a0eac18426e9485afe1,CE,miraima,watches_gifts,55.0,37.3,92.3,delivered,2018-07-09 22:03:53,2018-08-03 00:00:00,2018-07-31 11:28:45
97826eac2ea69cbcffac7c3358a19138,798c51ba7cb7ae0428009a93ee51ebb8,PA,castanhal,garden_tools,59.9,28.82,88.72,delivered,2017-10-21 20:19:39,2017-11-29 00:00:00,2017-11-06 19:55:46
64a52e5a0f31a4ccfe2f4318f49aa33f,95f4b915c12f5b61a638f3928d23a89c,PR,curitiba,health_beauty,24.9,15.27,40.17,delivered,2018-07-07 22:14:45,2018-07-26 00:00:00,2018-07-13 20:32:53
07b9210fa8f57b996c79cb931e817393,e6b73803937de4962f3668d7dbe6b0b3,CE,maracanau,toys,30.5,17.63,48.129999999999995,shipped,2018-01-25 03:24:05,2018-02-22 00:00:00,
8ddbee86a9602f49e8e932c46cfd751e,e41a8efb5ace46bf64966f63665a8cc6,SP,sao paulo,furniture_decor,196.8,13.68,210.48000000000002,delivered,2018-07-24 10:26:16,2018-08-06 00:00:00,2018-07-27 17:43:42
d61bffbc774423716f28903a5df2c4f8,435e0f5b9e706912fab53c29a8b08d96,RJ,nova iguacu,telephony,279.9,16.71,296.60999999999996,delivered,2017-11-27 14:05:17,2017-12-19 00:00:00,2017-12-26 15:59:38
1f128a92fab0cad4a98cd61be2793d42,379a5698aeca26ff55abca9bc7fcaa4f,SP,sao paulo,bed_bath_table,42.9,16.11,59.01,delivered,2018-02-28 22:10:48,2018-03-22 00:00:00,2018-03-12 21:54:46
bc8af8ba87a87d3c5210f3ad3de3f659,f849b8ea39f8ae164ab09d6d51be1bf3,TO,palmas,housewares,349.58,25.0,374.58,shipped,2017-04-25 17:43:34,2017-05-31 00:00:00,
275ae89ba1c842d7ce099ed4c633f686,051728482e7cf26b974f874001d4cc65,PR,piraquara,perfumery,292.9,17.75,310.65,delivered,2017-04-09 12:12:51,2017-05-08 00:00:00,2017-05-11 08:33:55
11d963f9aaaf7e748ae831e7ad75775b,98a5ca685bd541f8a055cc942be6e3ed,SP,sao paulo,housewares,25.0,7.39,32.39,delivered,2018-04-13 10:39:29,2018-04-26 00:00:00,2018-04-25 15:42:03
0363e6de0e2139c4988c0dba606fcafa,ad6a319ffb5b85e94983a1be40455077,SP,atibaia,housewares,85.71,11.69,97.39999999999999,delivered,2018-04-17 12:37:34,2018-04-30 00:00:00,2018-04-25 12:05:02
6aa2fc0ec99ae145158d9f9f790ada82,6b6e284da4f7b225ef2bc31902537cc2,MG,santa rita do sapucai,sports_leisure,36.0,12.69,48.69,delivered,2017-11-21 12:11:56,2017-12-08 00:00:00,2017-12-19 18:19:08
a08337c882ce2f3733377bc48c5ca3ae,3074d9559c8da1c065b79c6174c00dd9,SP,jundiai,construction_tools_lights,320.0,44.09,364.09000000000003,delivered,2018-08-01 22:58:06,2018-08-14 00:00:00,2018-08-09 14:34:58
4c44a8ec249fe349a7e4edb44665bdd4,06818129744f066c409e2894f0d0769c,DF,brasilia,watches_gifts,200.0,16.15,216.15,delivered,2018-01-15 13:54:27,2018-02-09 00:00:00,2018-01-23 00:17:49
4bae63148c0e5ba0afb03cace07f580b,0074a1d3f1995ff0538dc7197500973c,SC,capivari de baixo,office_furniture,599.0,25.9,624.9,delivered,2018-05-10 11:06:18,2018-06-08 00:00:00,2018-06-01 18:42:44
dd4fd02da4171046f038fc4dc782ef24,df3481e7ab71700253655414aeacdc94,PA,castanhal,baby,179.38,35.06,214.44,delivered,2018-01-21 22:38:15,2018-03-07 00:00:00,2018-02-09 17:36:42
5fe019f7d1eaebdb3da79811a3bcd58d,3ecec63eb13591ff6e2ad09febb48a43,MG,itauna,stationery,49.9,18.45,68.35,delivered,2018-07-30 16:20:28,2018-08-17 00:00:00,2018-08-03 17:51:56
6b82f79b806b4374a7b1315d1881d1ba,fd59ebf3016db5359135c5fe0fe7e844,RJ,resende,auto,129.9,23.49,153.39000000000001,delivered,2018-03-30 14:50:44,2018-04-23 00:00:00,2018-04-13 13:39:43
3dc83811b95fef30cdbfcdae61bdb25d,601da5f0ab9077abc24c7f313247f9df,RJ,rio de janeiro,computers_accessories,333.99,28.66,362.65000000000003,delivered,2018-02-03 12:25:33,2018-03-01 00:00:00,2018-02-16 01:11:55
7031b05cc11f30cbe06d8ec8ab1b58b9,50b90d909412b651e6ffdc676dc05060,SP,sao paulo,health_beauty,44.49,7.78,52.27,delivered,2017-11-25 10:24:17,2017-12-11 00:00:00,2017-11-30 16:48:35
0bd94afa88fb4a4ad9657569c9cc9ed2,a607acb3f9f31aa3297a5bf4562e16b4,MG,patrocinio,auto,20.0,18.24,38.239999999999995,delivered,2018-06-26 00:10:09,2018-07-19 00:00:00,2018-06-30 20:52:55
f41b642bbc6b114869453f29da96d041,76415e22ee395842dd2428a274776e94,BA,vitoria da conquista,sports_leisure,58.9,17.98,76.88,delivered,2017-09-07 21:52:13,2017-10-05 00:00:00,2017-09-23 14:32:42
344dedf9f07348bf7dcbeb9399329b8d,caca57a355a5fa42286c0e2a3a3f6463,MT,cotriguacu,perfumery,79.99,18.13,98.11999999999999,delivered,2018-02-09 15:21:41,2018-03-14 00:00:00,2018-02-28 19:12:51
dec3400e8c6d58f72b67b5cc12706458,0f0692335c7742aeaa35bc714c812659,MG,belo horizonte,sports_leisure,41.5,9.74,51.24,delivered,2017-11-30 17:08:59,2017-12-18 00:00:00,2017-12-04 22:18:51
f083654dfd0f9ad9ae0356bf7c68f246,e1c02550e84159111c72c83aeb1389dd,MG,janauba,telephony,299.0,18.53,317.53,delivered,2017-07-23 17:53:00,2017-08-17 00:00:00,2017-08-05 13:23:52
7b3941f8995431ebc6cd41e97f10ba30,4fce8f0ea64e65dd25dc41241966a7f0,RJ,santa rita da floresta,stationery,79.0,17.8,96.8,delivered,2017-12-14 20:07:01,2018-01-16 00:00:00,2018-01-04 21:37:48
f4c004e98b41b61d8b656fed541bbd99,b9c32b88ab548fa864d5652262430475,SP,sao paulo,auto,25.56,7.44,33.0,delivered,2018-07-25 17:22:27,2018-08-06 00:00:00,2018-08-01 13:44:51
6d1941372f0503efc3953bd3b24bb512,2f118e666b41b76a61d8cdbbc19f7735,SP,bilac,sports_leisure,154.0,21.72,175.72,delivered,2018-06-30 16:52:04,2018-07-31 00:00:00,2018-07-05 18:28:31
a1f4cd05945a0b268d626b4183922f03,987e22eac5949e6c50b411cdc386b421,BA,vitoria da conquista,sports_leisure,290.0,27.31,317.31,delivered,2018-01-16 12:46:01,2018-02-08 00:00:00,2018-02-06 22:57:41
244fa75a78000346e4055ffd6fabfcce,51de9704422f34604c34a14593bea7aa,RJ,rio de janeiro,baby,52.0,17.94,69.94,shipped,2018-03-15 10:53:44,2018-04-17 00:00:00,
af0bbb47f125381ce9f3597dc70ef07b,ea35a50a1e0ace8f0bdbf340328383c8,MG,belo horizonte,electronics,9.5,14.1,23.6,delivered,2018-02-09 12:28:02,2018-03-05 00:00:00,2018-03-07 19:13:53
8eda634e0a441cc94d73885ca16ecadd,cc02224a63bfaa52e0007916dea1b669,ES,viana,garden_tools,59.9,17.67,77.57,delivered,2017-10-06 14:42:12,2017-11-03 00:00:00,2017-11-04 10:27:41
0b19db7ca9db8caff754ff63f59f67df,99543a715ca26289c0fbb3e8d92c3516,RS,bage,pet_shop,109.9,15.98,125.88000000000001,delivered,2017-03-23 20:39:03,2017-04-13 00:00:00,2017-04-07 15:32:52
65a39f90b35161fae82145e9a9725bb9,448735b7bd238f6bf4059bde86f0a630,RJ,rio de janeiro,watches_gifts,124.9,16.84,141.74,delivered,2018-06-04 00:04:14,2018-08-09 00:00:00,2018-07-09 18:34:45
031177de64d3bb73364a5f3306551105,c61e1bdb620c3508bdb6a7b18f5da616,PR,ponta grossa,books_general_interest,24.9,18.23,43.129999999999995,delivered,2018-04-27 19:23:08,2018-05-18 00:00:00,2018-05-07 21:33:10
373e0e17a31683eb830eab2ade3df6dc,c06e7048c86d4f8593172c5c60201669,MS,chapadao do sul,construction_tools_construction,58.0,27.79,85.78999999999999,delivered,2018-02-22 09:35:36,2018-03-23 00:00:00,2018-04-14 02:22:10
c9078b2ce6167917416ddd9b7c40b5f5,8fff3d0ba4d200a40eeb91dfccac0631,MG,andrelandia,food_drink,14.49,5.67,20.16,delivered,2018-03-03 19:10:32,2018-04-12 00:00:00,2018-03-22 20:22:22
ebc45391c3d191ea75a52f6e2201d311,84b72567352c55d414356328f7a13e5c,SP,sao paulo,housewares,39.0,14.58,53.58,delivered,2018-07-04 13:51:48,2018-07-24 00:00:00,2018-07-10 17:58:45
3f71e424f5c88b151069830e08da04ad,300b4fbe132eb27cb930a4bf0b9c835d,RS,porto alegre,furniture_decor,151.8,22.19,173.99,delivered,2018-08-02 12:05:59,2018-09-04 00:00:00,2018-08-10 20:37:32
c54a7eec3c60268882826057b1f7f31b,735239529a733b7168d700bc036bfd5e,MG,uberaba,auto,159.0,20.3,179.3,delivered,2018-07-03 20:26:13,2018-07-24 00:00:00,2018-07-09 20:56:40
7e41e7372ce6842cf380d475bf0927b4,9623ec4ab37232534cb3a90ea0fcd8b9,SP,sao paulo,construction_tools_construction,113.47,14.37,127.84,delivered,2018-08-15 10:57:59,2018-08-27 00:00:00,2018-08-20 18:28:46
d202554195e58c33ec744226022191f1,a71dac527383fd9bd48b4974c02cc66a,SP,jundiai,consoles_games,164.9,14.88,179.78,delivered,2018-02-19 13:16:33,2018-03-27 00:00:00,2018-03-07 19:09:39
b9a422aebaeb3396ee0b761b10c0cc08,cf829b34d1bd3ec535a5e4e04f2c4692,SP,taquaritinga,sports_leisure,59.9,17.67,77.57,delivered,2017-11-26 14:43:00,2017-12-27 00:00:00,2017-12-18 09:46:40
c61424020aa28e6b14fbc18c80ad8a3d,16b19abad3a7a020ac59a70da5801dac,PR,curitiba,watches_gifts,95.0,15.77,110.77,delivered,2018-07-06 07:20:14,2018-07-26 00:00:00,2018-07-11 21:26:26
812f5bd0b8bf2c0b7a1ca7589cefac73,a8831279a656c9124efb16be8eb33aa0,SC,lages,bed_bath_table,89.0,23.42,112.42,delivered,2018-06-18 08:40:19,2018-07-16 00:00:00,2018-06-24 12:42:41
f4dcd6f5120e9e46509a58be9e7462f2,f1774eda1fa1bf4bb45e4d4860cce40f,RS,porto alegre,perfumery,32.0,18.32,50.32,shipped,2018-08-02 16:04:26,2018-08-15 00:00:00,
2f6ce0fc6861201ce7e46d0b67ca0dc6,5fa89f42566eb0dc32e28d9e945c5f9a,MA,cidelandia,health_beauty,93.99,38.21,132.2,delivered,2018-01-22 18:11:25,2018-02-23 00:00:00,2018-02-14 21:56:55
e43e7a3a8ac3cfe7bb59dfe7de389ce1,cd532bdac352579532288aee6b3aebae,MG,diamantina,fixed_telephony,19.99,15.1,35.089999999999996,delivered,2017-09-20 22:14:33,2017-10-17 00:00:00,2017-09-28 04:04:23
4d2280f2d019f91aa6cb3e4e4188d984,0eed530520c4e0d16bb7a48c219bb8c6,MA,sao joao do paraiso,pet_shop,80.04,35.88,115.92000000000002,delivered,2017-10-18 14:13:08,2017-11-16 00:00:00,2017-11-27 11:59:00
f82bf77eee094dd4e9b9e44b9f7bc246,552f9632aafabca9f9013740161f8db2,PE,camaragibe,watches_gifts,79.0,19.46,98.46000000000001,delivered,2018-07-31 11:48:56,2018-08-24 00:00:00,2018-08-11 14:03:26
f1c1796688aff03e046d4b3cc90e1d3a,ff083a959951303f44a7d5a71975ff09,SP,diadema,bed_bath_table,94.9,9.02,103.92,delivered,2018-06-07 23:32:58,2018-06-25 00:00:00,2018-06-12 10:51:12
85eb08e88c69146570db90c32c0da522,b7b567668fdfb1ad87865825b0422c8a,SP,bertioga,sports_leisure,59.9,16.18,76.08,delivered,2017-08-27 23:55:53,2017-09-22 00:00:00,2017-09-05 17:35:39
67f62d8c0eb28a115a033ad02b2d4b3f,5277f2c18bae9ff7f93aa8118ace6e03,MG,sacramento,health_beauty,23.99,15.1,39.089999999999996,delivered,2017-11-23 22:14:47,2017-12-21 00:00:00,2017-12-01 16:46:46
73eb2dbe87f00c86931e3ef008935806,4c1d54f69e57a7999f21f2af9c6a247a,SP,sao paulo,luggage_accessories,259.9,44.62,304.52,delivered,2017-04-29 11:40:25,2017-05-23 00:00:00,2017-05-13 13:35:55
5e981569f5835c96e4b288363b3b8f63,032573996a6b19166a327f7d4c7eda5b,SP,sao paulo,baby,169.89,12.92,182.80999999999997,delivered,2018-07-30 16:25:37,2018-08-02 00:00:00,2018-08-01 15:17:54
b5c037cf61074d84c0a994fa0d024064,b4be434bcbf5fac41b8be0e055135c9a,SP,sao paulo,furniture_decor,169.9,16.35,186.25,delivered,2017-01-12 15:58:39,2017-02-13 00:00:00,2017-01-24 13:09:56
33caef2ad890ad9d024fb272d1b14bc5,0b70d1e8e5462729e993c3e82ba3d5f1,SP,sao paulo,garden_tools,53.9,14.47,68.37,delivered,2018-03-11 14:55:16,2018-03-28 00:00:00,2018-03-19 14:57:37
521042c8d1bf073568b27c69b4496298,d1e79d32e78e440cfbc0f742835d7603,RJ,rio de janeiro,auto,59.9,23.0,82.9,delivered,2018-04-30 23:26:58,2018-06-04 00:00:00,2018-05-07 20:12:04
9d116cdcb1a5c14a35e00b7ad54914ee,d34d6e468db0813c0047cc715cd56e69,RJ,sao goncalo,fashion_bags_accessories,59.9,14.59,74.49,delivered,2017-03-28 22:02:40,2017-04-27 00:00:00,2017-04-07 14:40:07
e0abb8df68a21dc73ca95ee8bdd28d00,361767691b95567f5b7e8731f72fd15a,RJ,niteroi,cool_stuff,99.9,22.0,121.9,delivered,2018-07-20 16:28:33,2018-08-06 00:00:00,2018-07-25 00:48:29
3d48ddecaa9e06e1bb64461135dd7be2,8856878c7593e4189f42aabc8201ec31,MG,campos gerais,computers_accessories,99.9,21.19,121.09,delivered,2017-07-12 19:23:25,2017-08-04 00:00:00,2017-07-24 18:47:55
db28a85f64c84ecf4ef58cddcaa1cf50,c7be32b419def77f9a7cb96ca8b25626,SP,sao paulo,baby,29.9,11.85,41.75,delivered,2018-02-21 16:48:43,2018-03-13 00:00:00,2018-03-03 17:11:51
db2471b04ede0dfe4af0853853885267,57b0512a3f1ecf2b77466fd825f26f43,SP,guarulhos,auto,34.0,8.27,42.269999999999996,delivered,2017-11-26 11:07:17,2017-12-11 00:00:00,2017-11-30 14:15:00
37b680c6aa8ce81441e0e86dcb6d7822,d21fb1e8aee69c608f5c2fb5b6c28cad,SP,sao paulo,drinks,20.9,15.1,36.0,delivered,2018-02-24 09:33:05,2018-03-20 00:00:00,2018-03-04 19:08:56
c8f50df8a3e4fc40685c137dd2253eac,96b1c916f245f2462efcde3fce04bc3e,MG,belo horizonte,baby,168.0,17.61,185.61,delivered,2017-02-13 07:34:18,2017-03-16 00:00:00,2017-02-25 08:37:56
e3ece21d7c72cb7ccac97cf62de62891,d2784a961177fddf449128c4d88a0715,MG,belo horizonte,unknown,129.99,17.16,147.15,delivered,2017-10-19 02:12:45,2017-11-27 00:00:00,2017-10-26 23:11:58
44d8d6537512d2e5754fb6b3c19b602c,e91359c5de7a2e07691bf53ad392deee,SC,joinville,cool_stuff,199.0,18.64,217.64,delivered,2017-09-12 12:25:13,2017-10-09 00:00:00,2017-09-29 17:48:54
d81f58104990dbe67a63f3001b38b218,6d188e1f3134d02c58c021730e044c7e,BA,salvador,cool_stuff,215.0,23.38,238.38,delivered,2018-03-04 19:39:01,2018-04-03 00:00:00,2018-03-19 23:52:18
d9f95380355620563827773435496b67,a06f91da0bcf4f2ba635ee92ba3c33c6,SP,piraju,telephony,37.99,11.85,49.84,delivered,2018-01-30 21:33:10,2018-02-21 00:00:00,2018-02-16 16:49:06
fca198bd1d114ed57b786f347a0e4a61,cb25b0f5b7cdb5343e739964365688f4,BA,sitio do quinto,telephony,21.99,16.79,38.78,delivered,2017-07-04 13:07:02,2017-08-03 00:00:00,2017-08-01 18:43:28
7f116bbf2524150eb7f7f2a5f0b458eb,3e93e73cdacdde61472f583e51cf2374,SP,sao paulo,bed_bath_table,84.26,13.61,97.87,delivered,2018-01-06 11:06:23,2018-01-31 00:00:00,2018-01-15 20:52:59
2f669a3575b067a0f0b88d47f53709c2,d0f6a442ee95ea8674c2d8ba325f41c0,RS,cachoeirinha,watches_gifts,199.0,0.0,199.0,delivered,2018-04-29 20:45:10,2018-06-05 00:00:00,2018-05-09 18:58:30
5c92575d54d9782d6f943b342d27646f,4ce423721c74231c174d0bb22367645a,SP,embu das artes,health_beauty,78.0,11.17,89.17,delivered,2018-03-20 09:40:46,2018-04-02 00:00:00,2018-03-27 00:25:43
137c8b3eddd2a8b6d54b434ea3089d37,a43a63741cbbc48056838d0bcf198ee4,SC,florianopolis,housewares,309.0,26.91,335.91,delivered,2017-12-10 09:28:49,2018-01-04 00:00:00,2017-12-20 17:52:30
b48b62e1c4a6ba9d0590ea31dc623235,4e52868ca801ed63098753335c0ff17b,SC,florianopolis,toys,49.99,16.54,66.53,delivered,2018-06-12 13:42:31,2018-07-04 00:00:00,2018-06-21 16:44:46
84398110dbaecfbc9ef3dc592c6b189b,bc59f1e430734e331b87a168b63450a0,SP,sao paulo,fashion_sport,49.9,8.72,58.62,delivered,2017-04-12 02:16:32,2017-05-04 00:00:00,2017-04-15 06:52:47
dff1532187e859496ef16857a44c3d9b,43f9d5ace80c6d3c5c09544bc2fa8484,SP,taubate,housewares,25.0,11.85,36.85,delivered,2017-12-12 07:56:37,2018-01-05 00:00:00,2018-01-03 17:46:10
56158984a74a95976b31c928b3b0f4db,1b121d5728b93b227e8e267f77302f06,ES,apiaca,baby,115.99,18.69,134.68,delivered,2018-05-08 21:03:48,2018-05-25 00:00:00,2018-05-15 18:38:36
9ef5ae9f2a3b5c7cd4858cf4ffdc1b9c,7dac7097370c4cf1b3f4d49108f20a87,MA,viana,health_beauty,325.0,36.07,361.07,delivered,2017-12-03 01:19:02,2018-01-04 00:00:00,2018-01-16 15:11:45
b0228af1eafc5eff8a23e1d9257f33fe,4e5e10275d50a06180a724877453fca1,MT,lucas do rio verde,stationery,89.0,18.19,107.19,delivered,2018-01-29 22:03:10,2018-03-05 00:00:00,2018-02-21 15:55:53
4d63886c6803f7b71171fe305b93e3f1,ae6b9aab553e90039768186fe5a82648,SP,sao paulo,housewares,29.84,7.47,37.31,delivered,2018-08-17 15:11:12,2018-08-23 00:00:00,2018-08-22 23:18:49
bc23a4f24db6f84f1efcfe44847ba135,e02725ca044d62c140117886045b6183,SP,sao paulo,housewares,59.7,13.44,73.14,delivered,2017-07-02 12:34:39,2017-07-21 00:00:00,2017-07-05 16:06:49
40ea731f6fa10cf721b503b64f3b178e,434825743a3426c100c479f571816a81,SP,mogi mirim,bed_bath_table,28.9,11.85,40.75,delivered,2017-07-18 08:52:43,2017-08-08 00:00:00,2017-07-28 16:04:35
c314dee9e9d49560087a6ccb64ea5850,ef47bcabca692404454239aced380535,SP,limeira,luggage_accessories,101.0,9.46,110.46000000000001,delivered,2018-07-31 20:41:36,2018-08-14 00:00:00,2018-08-04 00:44:54
4a6d74776f450ae638cd987636c78491,c47ac8bddba8f729e6bc6279638bbc68,BA,feira de santana,toys,44.99,22.06,67.05,delivered,2018-04-30 23:04:47,2018-05-25 00:00:00,2018-05-24 13:18:25
e9dd0af9909bd6872aaf792aeabad0d8,2f20ceb1eb3b10b4ef6428103681a38b,SP,sao paulo,housewares,61.98,18.53,80.50999999999999,delivered,2018-07-23 09:30:30,2018-08-16 00:00:00,2018-07-31 10:38:35
5dc269b7c4dce1624653e914a1b739f5,e3ea295349259fa59779c6a8e18e5bba,SP,sao paulo,market_place,77.08,11.15,88.23,delivered,2017-01-18 17:20:39,2017-02-24 00:00:00,2017-01-27 12:09:42
25d25cce0abe624c6ab42ad5e9e30820,93b99aaa322b6f275fad111304dd29af,SP,sao jose dos campos,auto,13.9,7.39,21.29,delivered,2018-04-23 12:00:01,2018-05-10 00:00:00,2018-04-27 00:28:31
663daea291a5e96f0bc5db3b67a72b5c,1e6b20395bc9690fe6735e6b6e0d2791,SP,sao paulo,home_confort,89.9,13.65,103.55000000000001,delivered,2017-06-07 22:27:49,2017-06-28 00:00:00,2017-06-19 12:22:24
11bfb5214a47c5a12e3dab8cac01c304,fb8038205a1b4f9a90cb981e074e9be2,RJ,rio de janeiro,computers_accessories,23.48,6.36,29.84,delivered,2018-02-19 12:09:02,2018-03-12 00:00:00,2018-03-17 02:22:03
6a267276cd5ace781320f1239bb2f413,0ef056a9273f4997ca722041d7b7341d,PE,recife,toys,120.0,18.12,138.12,delivered,2017-12-31 11:56:14,2018-02-01 00:00:00,2018-01-10 15:29:01
6810c2b3b3587a83d4af69dcb68295f9,a7ca51c5d161c34444a45ff503b78b0c,PI,teresina,auto,599.0,64.25,663.25,delivered,2018-04-09 20:52:13,2018-05-04 00:00:00,2018-04-26 16:38:48
b32669c7ee374ba5372e0824e5ec560c,aa69091f4d619f53b251229ddc31aa8e,SP,sao paulo,health_beauty,189.0,16.76,205.76,delivered,2018-01-09 22:19:35,2018-02-02 00:00:00,2018-01-17 12:55:12
1433e41f5b7837f6518b2184d3f9af84,23605dce972b195b2955d4d2b99430f1,DF,brasilia,furniture_decor,49.9,16.11,66.00999999999999,delivered,2017-08-17 21:15:13,2017-09-13 00:00:00,2017-08-28 18:57:54
8fc1d441a00d0ba601d5609fd95f4174,6876afc3917d1fdcef4a5a0839821204,SP,indaiatuba,electronics,15.0,8.29,23.29,delivered,2018-05-07 08:39:56,2018-05-21 00:00:00,2018-05-10 19:02:26
7b80ec23d794b93b2dccdb524a54285a,4c83b9db2cb8150383a72a38c79e64b3,SP,americana,toys,69.9,9.34,79.24000000000001,delivered,2018-02-07 10:13:39,2018-02-23 00:00:00,2018-02-15 00:49:35
7c204785100c09c72acb28ef9a1f2fe2,badf212b4f8d94fffefee5bb59805f6e,SP,piracicaba,market_place,27.93,8.36,36.29,delivered,2018-06-14 10:45:17,2018-07-04 00:00:00,2018-06-21 19:26:31
41af01777ef42cf0c9fd74b31dccb367,37983ea49264e00421faeb401761a344,MG,montes claros,bed_bath_table,159.99,21.2,181.19,delivered,2017-02-16 11:53:48,2017-03-20 00:00:00,2017-03-02 16:39:08
1500f1a091b64e1e36d67b8622031e93,9bb0ec72e0fc4088b5eacfeec3dd3bc7,MG,uberaba,furniture_decor,75.0,21.02,96.02,delivered,2017-12-05 00:06:40,2018-01-02 00:00:00,2017-12-12 22:18:03
6ddbe0f503c2940cf5d24e1d8efee655,726dd67429ecc11aa6256a9d8d41ae97,SC,joinville,health_beauty,790.0,21.29,811.29,delivered,2017-09-02 21:01:18,2017-09-25 00:00:00,2017-09-22 16:42:57
907d60e687ca48a571844a50f21ac995,f7bb1f3e1c7a97cf2498bcccb66a76c8,RS,porto alegre,telephony,32.99,18.33,51.32,delivered,2018-07-16 18:23:19,2018-08-07 00:00:00,2018-07-23 19:44:48
876e774339918c3047914ce3a4180489,d634d5ad2d731d135041ef40e077f91e,GO,anicuns,furniture_decor,69.9,0.0,69.9,delivered,2018-04-17 14:23:50,2018-05-16 00:00:00,2018-05-04 20:42:11
777d025bd646af7e0278d6fb3c51a0f3,4c784e9b5694686ca87374656421b3a0,SP,santo andre,stationery,39.9,31.3,71.2,delivered,2018-06-17 08:27:35,2018-06-28 00:00:00,2018-06-19 16:38:35
df65602000ffdf593af0979d8c8a8544,6d0d4fc6d3394afe566b5672bd7d4863,CE,fortaleza,watches_gifts,108.0,23.08,131.07999999999998,delivered,2018-02-22 13:04:20,2018-03-20 00:00:00,2018-04-19 22:03:46
8ed8d60cc2df2b29e93a93ec47189c07,14b24b9cfd122ce1f873c7834185b603,RJ,bom jardim,small_appliances,1099.0,41.23,1140.23,delivered,2018-03-27 16:50:06,2018-04-18 00:00:00,2018-04-03 12:16:29
0fb02b37217c9af51e73a4ddd2c5b092,57c49d19ce6783fe27cbb5326d53ef5c,PR,curitiba,toys,34.9,14.1,49.0,delivered,2017-06-01 12:28:14,2017-06-26 00:00:00,2017-06-08 14:37:30
b5244709b8ea124be6761680b9966925,a69c78ff574a833849877fa6e789c640,SP,mogi mirim,bed_bath_table,51.9,13.02,64.92,delivered,2018-07-27 16:38:40,2018-08-10 00:00:00,2018-08-02 18:38:37
a7dbcf5043158d6fa72859eead2f3d10,5efcc46e1fee22373a28eb2b0f26a6fc,RS,porto alegre,bed_bath_table,89.9,17.88,107.78,delivered,2017-05-16 12:28:32,2017-06-16 00:00:00,2017-05-23 11:53:40
4e71292813192531d46de4a94b8ba881,1e1f3778a8a4b7c1a9fcde8d38934c8b,SP,jandira,sports_leisure,34.9,7.78,42.68,delivered,2018-02-07 22:46:48,2018-02-26 00:00:00,2018-02-15 00:28:51
788688f686c6ef04e7eb60e4ba103ffd,a7f8b23aaf522616c6c7daa2a3753247,PB,joao pessoa,fixed_telephony,249.0,24.06,273.06,delivered,2017-11-22 00:37:30,2017-12-19 00:00:00,2017-12-11 21:51:37
1ce43b051dce1e2139a29c0b64b5df53,608d40509b92177375eec1c0d3e89cb9,RJ,macae,art,99.99,23.5,123.49,delivered,2018-06-30 22:15:53,2018-07-31 00:00:00,2018-07-11 17:56:25
ab291c01a71273689c1e6ea624b083dc,05fdc648e11908604f3c32b1a3d3defa,SP,guarulhos,bed_bath_table,59.9,11.92,71.82,delivered,2017-07-23 12:06:36,2017-08-15 00:00:00,2017-07-30 14:22:04
eb7aac057d7c17adb860b770451ae250,be7afc56db0978e1f7f9599f89527126,BA,alagoinhas,furniture_living_room,103.99,60.42,164.41,delivered,2017-02-02 23:24:24,2017-03-21 00:00:00,2017-02-15 18:51:40
82f02c0da2c53bc9eb14dcfd74038ada,9f4ea52544d5a888a26fc0259bb7307a,SP,sao paulo,bed_bath_table,47.9,8.88,56.78,delivered,2018-04-13 11:52:12,2018-04-30 00:00:00,2018-04-20 20:42:16
3d0fabe57f53334a24d36872a001f23c,444e3c9eb1699da5f78e83a464a3cbae,SP,sao paulo,small_appliances,54.0,18.24,72.24,delivered,2017-12-03 13:19:25,2017-12-27 00:00:00,2017-12-12 18:24:25
7a19a03fa5f748e858559ddde2408f4d,330c4a922701111858639f6dc8defc3a,CE,sao benedito,furniture_decor,38.4,26.89,65.28999999999999,delivered,2017-09-06 13:17:20,2017-10-02 00:00:00,2017-09-22 02:16:06
9f3f85ddc354be372be6cde53a577cd5,018875156db79cf3fb697342f256c329,SP,santos,auto,45.0,11.85,56.85,delivered,2017-07-06 19:46:22,2017-07-26 00:00:00,2017-07-12 12:52:56
837a0e421299d67b3016cf712813c6dc,a1f6aec75e41168caba548372f245c68,RJ,paraty,sports_leisure,107.0,15.5,122.5,delivered,2017-12-19 11:43:10,2018-01-19 00:00:00,2018-01-08 16:19:49
bcbbaa1f21815f0a2b083dc1097f368d,b9505e566e84b40171b23c478fbb5dff,PR,toledo,telephony,29.99,18.23,48.22,delivered,2018-04-23 23:06:56,2018-05-22 00:00:00,2018-05-14 19:33:43
11db6666e1dbeee776c8e15fd0792c4b,bcfdca13b3b657eeccd2528bd38d0425,MG,juvenilia,telephony,18.99,9.0,27.99,delivered,2017-01-30 11:17:55,2017-03-10 00:00:00,2017-02-10 10:14:06
d01395763bb11d18d9482f322715b80d,6d338ce1c12a81b0273d0f82bd0a2482,SP,sao bernardo do campo,health_beauty,150.9,9.22,160.12,delivered,2018-08-28 12:48:50,2018-08-31 00:00:00,2018-08-29 15:44:47
41be34ce9e31139caddf65c45ec3a39c,368ad1cd5eb8e06bb9b4cae407bb4bf2,RJ,duque de caxias,garden_tools,120.0,45.3,165.3,shipped,2018-03-01 23:08:55,2018-03-23 00:00:00,
0417b4ccdad2da3b88aa378eef45528c,85875ce411d496559611ed09ef65c177,RJ,rio de janeiro,bed_bath_table,89.9,16.6,106.5,delivered,2018-04-22 18:41:26,2018-05-25 00:00:00,2018-05-08 20:52:46
0b8d9a9a4de4be0a6a5f0778f97ee6b5,3cc0991ba7c8be09d9f63a8526e52bb2,SP,sao paulo,bed_bath_table,129.9,57.77,187.67000000000002,delivered,2018-05-16 09:31:53,2018-06-05 00:00:00,2018-05-21 20:18:52
a061df95ad7f5cdb3f6f15062486f4af,4102cb7b6cea863b781653eeed5dd550,SP,americana,telephony,49.99,7.61,57.6,delivered,2018-08-13 11:22:19,2018-08-21 00:00:00,2018-08-15 21:26:55
8556edd77123b5e04862b951269eabed,a73e7aa41ad2bb8f870bbe407ab500cf,SP,eldorado,bed_bath_table,99.99,13.29,113.28,delivered,2018-08-03 17:21:48,2018-08-21 00:00:00,2018-08-10 16:28:52
6ffc78c9003aa616f58b4de610bcce29,98f83daa27b55e50bf2a62507694a014,SP,santo andre,health_beauty,66.99,27.75,94.74,delivered,2018-07-16 13:57:11,2018-08-03 00:00:00,2018-08-10 19:32:53
64583bb15e275ccf8b87e050391f2c17,1f61ee96ec34ab3d759fd79b80e1dc90,DF,brasilia,computers_accessories,75.0,16.23,91.23,delivered,2017-03-23 14:43:50,2017-04-24 00:00:00,2017-04-05 14:33:47
157676ef5dfcf1a927e0b60948918946,d315173c9b21c1dd742e78e0ff472fb3,MG,mata verde,computers_accessories,21.9,13.26,35.16,delivered,2017-08-26 19:30:47,2017-09-19 00:00:00,2017-08-31 20:51:25
1aeb7ca35ec250ef46f2f67684461abf,dc5167d9e627d3d027404e50bf25089a,SP,guarulhos,cool_stuff,59.9,11.73,71.63,delivered,2017-11-16 19:01:12,2017-11-29 00:00:00,2017-11-23 22:32:33
a671fda2c37400a1c328ff9c7c492fe2,3c884190b71bbb36aab161465ff1d2c7,RS,arroio do meio,furniture_decor,60.0,16.18,76.18,delivered,2018-02-17 01:20:12,2018-03-21 00:00:00,2018-03-06 20:38:29
32b8249f810186f4cd9179daabc1f1dd,9e6a3ac8920c8489fe0c50efd711b597,SP,sorocaba,furniture_decor,59.9,8.29,68.19,delivered,2018-03-25 02:56:02,2018-04-06 00:00:00,2018-04-01 12:36:43
3495e966748a04cd5d7f4537a57fa3ef,b7d98138215724154880889b1764169d,MG,contagem,unknown,84.9,21.43,106.33000000000001,delivered,2017-09-04 22:02:17,2017-09-26 00:00:00,2017-09-20 23:27:54
cf18cc607f8e7571b9df511e66edb910,cffec81cb9d724a668bd94f0f9eb9381,MG,sete lagoas,kitchen_dining_laundry_garden_furniture,48.0,16.6,64.6,delivered,2017-07-18 14:45:12,2017-08-10 00:00:00,2017-07-26 20:27:27
c9caebb870a1f07175f8c7d130ddc24c,5bab89abe954b79a9699e3f71471179e,SP,carapicuiba,fashion_bags_accessories,19.9,7.78,27.68,delivered,2018-02-21 23:51:25,2018-03-07 00:00:00,2018-02-26 23:23:35
21253df3d4ac1cbd029b0d1961dc6a23,0e4aa0b4db7ff3a2b1e696d8556fe0fc,ES,vitoria,computers_accessories,99.99,29.1,129.09,delivered,2018-02-11 17:15:18,2018-03-28 00:00:00,2018-02-26 20:23:42
52695594b593159bad40a8149c06408d,1a54516ab1c2f540c1b88e136a2f43f5,SC,santa rosa de lima,baby,36.75,18.23,54.980000000000004,delivered,2018-03-10 07:57:30,2018-04-16 00:00:00,2018-03-29 19:22:04
dc5ba59adf78a3c3f5707f5bc83ca234,c0be0cb64640de5fe50b0b238339db96,SP,embu das artes,health_beauty,37.9,11.88,49.78,delivered,2018-02-19 08:23:36,2018-03-09 00:00:00,2018-03-14 13:14:40
e227fbda6134e254af397d9f84473158,25e209db74cdfc51c2247904c8951408,PR,curitiba,watches_gifts,199.9,16.5,216.4,delivered,2018-08-05 21:52:17,2018-08-16 00:00:00,2018-08-10 18:07:37
a2392ac22d661d26d7facf9ea5d6a5b8,8fe4f9a0d6a47babbd498127a9109bd1,PE,abreu e lima,auto,117.3,26.96,144.26,delivered,2018-02-07 10:06:39,2018-03-14 00:00:00,2018-03-04 18:41:29
962f38a7552486ed03fe72fb4ddcfaee,32ac2a355ade922e2fca78d840b5e2a4,SP,carapicuiba,furniture_decor,13.9,11.85,25.75,delivered,2017-09-21 16:34:52,2017-10-13 00:00:00,2017-09-28 20:06:48
55b8090225e782a06895d20d302d5630,905b36c57906227b872b352c1d6eafb6,SP,sao paulo,fashion_bags_accessories,49.9,7.39,57.29,delivered,2018-05-23 08:22:02,2018-06-01 00:00:00,2018-05-28 21:17:36
93677192c2b70d8aa87b208b46fe9a09,4f813bcb1fc6c14a209ca59014318750,SP,campo limpo paulista,watches_gifts,95.0,12.17,107.17,delivered,2017-11-01 14:41:55,2017-11-22 00:00:00,2017-11-08 16:58:48
68ba2f5321a125f8524a6e7b2fcbfd94,88083cd11e9ebe3f90c955770cf2bf76,RS,cacapava do sul,housewares,84.0,40.04,124.03999999999999,delivered,2017-06-27 17:01:45,2017-07-28 00:00:00,2017-07-07 19:43:27
5ee31cacb02c4f421f938c50e446185b,b80150ddbd98f4e62edc8b8f86d4d3a2,SP,franca,housewares,29.8,11.85,41.65,delivered,2017-11-20 10:59:51,2017-12-07 00:00:00,2017-12-11 21:39:03
9418f431efb128232722a4b4c410d08b,b87e9302c8c49829475220942bb14088,DF,brasilia,housewares,390.0,42.34,432.34000000000003,delivered,2018-07-14 22:52:52,2018-08-02 00:00:00,2018-07-23 14:20:34
6e6636cab2d96091d69a657c2c4a0890,e336c51157108d6302f4965a7041194a,ES,cariacica,baby,134.9,15.7,150.6,delivered,2017-12-15 09:17:19,2018-01-11 00:00:00,2017-12-30 16:10:20
674507ad1e2b89ca471e872c4e8ef113,0333b2fc6ba7014702e08ef613850270,RJ,rio de janeiro,bed_bath_table,16.9,14.1,31.0,delivered,2017-08-24 21:26:52,2017-09-18 00:00:00,2017-09-04 21:13:06
b68feda578fe41870ba7a14082ce03fa,d50da5d9949a8e29e6fdbfd6e50ed2fd,SP,sao paulo,consoles_games,32.29,8.72,41.01,delivered,2017-03-31 07:18:02,2017-04-26 00:00:00,2017-04-06 14:42:47
2b5d5c1847d069c5efeb82f4056c15d8,5634e75d99bb303da48151ff3bdba1a1,SP,guarulhos,housewares,69.9,20.74,90.64,delivered,2018-08-07 17:47:15,2018-08-20 00:00:00,2018-08-13 22:44:30
a52ab867913cfacc39720bdaf94b7946,21b9c0c96acc58e73fd6a01edd6dd163,SP,itu,toys,28.69,13.71,42.400000000000006,delivered,2018-03-11 10:30:31,2018-03-28 00:00:00,2018-03-21 22:36:45
c323f00d4d5c7dd40983179c0ca14894,d403b08458e8dacf5049334ed0222826,GO,goiania,housewares,115.99,27.11,143.1,delivered,2018-08-12 15:47:59,2018-09-04 00:00:00,2018-08-25 01:11:49
e0c12aa623c335d47b20986efb7bbd74,64ed00f32687108ce4e3ef77823945c4,SP,colina,sports_leisure,59.9,16.18,76.08,delivered,2017-09-14 09:44:40,2017-10-10 00:00:00,2017-09-27 19:35:35
b4e381786201d38ab725a174f011ddb2,cea8176c58f141bd320f9a03bfc69a5a,SP,sao paulo,toys,79.9,9.37,89.27000000000001,delivered,2017-12-03 20:47:25,2017-12-20 00:00:00,2017-12-05 15:23:51
1bf6db71e147c950fe9925e0be89ec4b,60e6fe581610db699ac03fec61f4d53f,MG,belo horizonte,sports_leisure,65.0,17.88,82.88,delivered,2017-01-26 15:37:27,2017-03-02 00:00:00,2017-02-08 13:08:37
012670c73246a753cbde0a215c2b9e8f,e3ed27f7f18b9aad123fec8eb8ce027d,RJ,rio de janeiro,electronics,97.9,16.94,114.84,delivered,2018-03-02 19:01:27,2018-04-04 00:00:00,2018-04-12 20:54:40
42c2ef9ab0adaa37947689775c22ecfe,6f1828ec7878d4ecbaead282957d6c67,SP,itapetininga,auto,19.0,12.79,31.79,delivered,2018-04-14 18:23:02,2018-05-04 00:00:00,2018-04-23 21:28:46
fd014fb42116364b9f36fd0a79a016f0,e7f66193ae74b2d22217bb5c330ef07d,MT,cuiaba,toys,79.9,23.49,103.39,delivered,2018-05-05 22:54:08,2018-06-06 00:00:00,2018-05-11 19:07:35
5be887c26e086c8cc169b70cbc9afadb,c8639255be49cc9a738ca337bcf2833f,BA,barreiras,small_appliances,1590.0,85.71,1675.71,delivered,2018-04-27 16:26:13,2018-05-24 00:00:00,2018-05-18 14:44:41
3d6639fefdeff87974b80dc3da00bbec,901fc316e36bffad4b5d8f4598168f73,SP,sao paulo,bed_bath_table,199.9,19.11,219.01,delivered,2017-09-04 20:41:08,2017-09-21 00:00:00,2017-09-13 14:02:55
dfcdfc43867d1c1381bfaf62d6b9c195,f30856ad31d3e74253a3f4ccef670648,DF,brasilia,computers_accessories,89.15,25.9,115.05000000000001,delivered,2018-02-02 18:01:08,2018-03-09 00:00:00,2018-02-26 18:18:45
67ce91ca34609ef6434a9c3050ebb71b,caa255455779e909e6bb234b2a88ecc7,SP,sao paulo,housewares,22.15,8.88,31.03,delivered,2018-04-14 16:48:42,2018-05-03 00:00:00,2018-04-18 19:03:10
4d4633c8be12f377396f2f0a4e22df8b,301b27e33e3332ed3e07cce70d197d5a,PA,belem,computers_accessories,199.99,32.07,232.06,processing,2017-06-02 12:26:17,2017-07-11 00:00:00,
f79b808e0ded7143da5be51e144f9bb9,b47715fad5cbc17bfb21e9ab646fdfb2,SP,balsamo,electronics,415.99,15.93,431.92,delivered,2018-01-12 16:54:45,2018-02-02 00:00:00,2018-01-19 15:35:29
227d9fcfc9f51432d5ad2898364eafff,56636fd22de1a315b8a50d45cf94d859,RS,nova bassano,telephony,18.49,15.1,33.589999999999996,delivered,2017-08-27 23:00:33,2017-09-26 00:00:00,2017-09-14 21:13:47
0f43e80d0a685d7099f70b683b24c190,74504bb83eef70eb4974a7506a0b6ca0,SC,bom jesus,cool_stuff,129.99,18.16,148.15,delivered,2017-06-28 08:54:35,2017-07-20 00:00:00,2017-07-11 17:11:25
450c4a4d9a4f339a59165241cfe113db,8577f5582f31bdbab3e731c06d84d5fb,SP,maua,health_beauty,98.0,9.38,107.38,delivered,2018-07-09 11:39:27,2018-07-20 00:00:00,2018-07-11 21:25:42
68e77d6af71665b7749d1e4ce51835ae,aa39c70597efe60f3f395a2ad802ceea,SP,americana,perfumery,119.9,14.59,134.49,delivered,2017-12-09 16:00:59,2018-01-08 00:00:00,2017-12-18 15:15:07
73e934755292def8b6519b03f2230723,94e62e9baf0b7cca77bfdd81ba8746cb,RJ,rio de janeiro,bed_bath_table,33.5,15.56,49.06,delivered,2017-01-26 17:48:22,2017-02-22 00:00:00,2017-02-07 11:59:03
5510961b19757530245aca63bf486893,732d307839b02bc2d3a4c26b515ea2b9,SP,aruja,musical_instruments,39.9,15.1,55.0,delivered,2017-12-12 21:09:11,2018-01-10 00:00:00,2017-12-21 18:12:46
db7f983ea878a7a976b84460bfb45ff7,c9c7741935dc1782ad64f6cba1f956f7,RN,caico,bed_bath_table,540.0,37.58,577.58,delivered,2018-01-17 10:40:26,2018-02-21 00:00:00,2018-01-30 17:37:34
ea37b313540105af4a2ad79718d80d97,8f4a36b13c3a5db56b71d639d333b12e,ES,vila velha,fashion_bags_accessories,20.3,15.1,35.4,delivered,2017-12-29 14:58:22,2018-01-29 00:00:00,2018-01-13 17:07:07
899bf89aecc925140e25d370c8ac274e,520e252b4d1efa2cb12ae0cc12a1d164,PR,cascavel,health_beauty,279.0,16.7,295.7,delivered,2017-10-18 11:14:39,2017-11-09 00:00:00,2017-10-27 17:22:23
2cc92a4a1c8307a85983633c7e8c832f,88a2fc64349b9041005a3e01ea280825,SP,nova odessa,housewares,34.8,11.85,46.65,delivered,2018-01-15 13:32:29,2018-02-05 00:00:00,2018-01-31 21:48:14
ef8243f801a15b9b4b364d15d8e9dfd6,56493fe11c5c9b6159183de0aeaaa971,SP,mogi das cruzes,electronics,12.9,7.78,20.68,delivered,2018-02-14 19:11:25,2018-03-01 00:00:00,2018-02-24 00:18:51
be2e480f8eeb99966d2a97c281ca2b36,649e025eb82076fab5ecf308177cd865,SP,campinas,drinks,47.49,9.94,57.43,delivered,2018-02-23 17:45:00,2018-03-09 00:00:00,2018-02-28 20:05:00
e1906c54deaabfbb7f4b6cce0cf336a1,2327fab9d71e77c65ed8a2bab5c2b258,AM,manaus,sports_leisure,69.9,25.52,95.42,delivered,2018-01-21 20:16:25,2018-03-14 00:00:00,2018-02-20 21:52:55
67c78c07a98cbe27b5acebd87a164192,dda11c4c2b7fb7b4b2dc9e33fc4d9f7f,MG,belo horizonte,bed_bath_table,124.9,26.95,151.85,delivered,2018-03-22 23:02:39,2018-04-10 00:00:00,2018-04-11 19:22:42
5407dd425b0427513c6f63025414fb33,373b58bc6a02d3603399480b5a9ae434,SP,diadema,drinks,8.49,7.87,16.36,delivered,2018-08-26 21:12:52,2018-08-31 00:00:00,2018-08-29 23:04:51
6a4d031d68d8f41c14ee7cd194023800,c3cc9ab026e263448a7e804dfada75f5,RJ,niteroi,luggage_accessories,69.9,16.93,86.83000000000001,delivered,2017-05-15 08:58:47,2017-06-06 00:00:00,2017-05-22 22:44:44
61a7f6ac7afdcaf8a5b907eceefc0b33,928abb7e0e74f50a0b0136df20196cd1,MG,curvelo,sports_leisure,49.9,15.1,65.0,delivered,2017-12-05 07:20:28,2018-01-03 00:00:00,2017-12-17 13:36:47
ebb5e749c1cd84b16d8628c9668d7282,8e714421b31bf0865e55be929d99384c,SP,sao paulo,electronics,13.65,7.78,21.43,delivered,2018-01-31 16:03:47,2018-02-16 00:00:00,2018-02-02 16:58:34
f930a1f6247ed00d6fa9d8a09782c7b4,5bc738a48bdb9ca1f798d56de2cce84c,SP,campinas,garden_tools,49.9,6.09,55.989999999999995,delivered,2018-06-05 12:28:11,2018-07-11 00:00:00,2018-06-07 17:28:31
1da4a48423b45db9eb872fbd7b5eaccb,e4c86e662d2175b91ad7c9615024b408,MG,contagem,bed_bath_table,37.0,18.23,55.230000000000004,delivered,2018-05-22 18:31:24,2018-06-08 00:00:00,2018-06-14 15:06:43
c52b0e0ae184fb645004980db2d194a1,e9921ff47a215f865bd152ce47637d65,RJ,rio de janeiro,perfumery,56.99,14.15,71.14,delivered,2017-11-27 18:05:18,2017-12-18 00:00:00,2017-12-27 19:49:03
1dde4ac4444355c43b97d058a89e45bf,34092dc27778e757bebee17d98878a3d,SP,sao paulo,bed_bath_table,56.99,13.98,70.97,delivered,2018-08-03 19:15:36,2018-08-15 00:00:00,2018-08-15 16:40:51
13d8d37bf20ffee3f1e6e32d7c4d4849,65baa489292d5d1fe38d1b814fb40013,PE,camaragibe,telephony,27.99,17.63,45.62,delivered,2018-01-08 22:01:10,2018-02-05 00:00:00,2018-01-30 12:53:12
45ca85d3a9ce8406d3291753acce966d,69a8ae4cb48f7ee543a238c78d2e0ff6,SP,santo andre,toys,69.99,8.65,78.64,delivered,2018-07-05 23:14:26,2018-07-18 00:00:00,2018-07-10 21:45:24
0c31953b008c5e98882d436f4298cde0,450019b7e6984fac0454cdcaa3836140,MG,belo horizonte,baby,99.49,8.81,108.3,delivered,2018-04-30 18:59:21,2018-05-14 00:00:00,2018-05-04 21:42:29
ee43c2648eadad1558b2e3130b736c7c,24a795d141018d55ce96ad22d8307775,SP,osasco,health_beauty,69.0,18.72,87.72,delivered,2017-11-24 21:11:34,2017-12-15 00:00:00,2017-12-07 18:37:52
21eb677c19b78ef3e185029ea42241cc,01a3427def071b9efaf74a817c4e023b,MS,dourados,telephony,16.5,15.1,31.6,delivered,2017-05-25 12:11:30,2017-06-21 00:00:00,2017-06-08 15:23:42
f296c72e2c4814abead0f6f15ab21178,ff7e7d4a4669fc03606a21eedad169e3,SP,sao paulo,telephony,22.99,7.39,30.38,delivered,2018-03-28 14:47:39,2018-04-10 00:00:00,2018-04-02 22:53:36
ce3c0e0e8ff8199031c7539eaac530e4,e5848a1a6989cef18d43ae5c86554ee3,MG,belo horizonte,health_beauty,15.49,18.23,33.72,delivered,2018-06-21 13:58:47,2018-07-18 00:00:00,2018-06-26 19:28:36
1de72b7f86891e58c71aa7d7f1761c6e,4fd7d0d9e5e8464850e742450f79ac36,DF,brasilia,sports_leisure,149.9,43.11,193.01,delivered,2018-04-11 22:50:41,2018-05-07 00:00:00,2018-04-24 22:39:42
dc8302e63ff9b2dc67dd51edbd8b537d,62564bb035479125e2961f465565adfd,BA,feira de santana,musical_instruments,629.9,87.33,717.23,delivered,2018-06-15 18:34:57,2018-07-20 00:00:00,2018-07-10 17:07:26
a1616f9567a92892f6b048d6a64e85fe,9ab9e6724cc65e59593099f18081fd35,MG,itapecerica,housewares,9.9,15.1,25.0,delivered,2017-10-22 12:19:55,2017-11-14 00:00:00,2017-10-30 17:36:43
77de735385f248a39145574246962d8e,5ea1d130096a27069830208b15747825,MG,belo horizonte,health_beauty,199.0,16.14,215.14,delivered,2017-08-08 23:42:57,2017-08-30 00:00:00,2017-08-14 16:37:29
bb2e64c3040ceb9b7ca2bfc602adca08,45677f94e9a07652cc2eb351dd542476,SP,santos,bed_bath_table,62.0,2.34,64.34,delivered,2017-11-03 11:29:00,2017-11-16 00:00:00,2017-11-08 02:42:06
913ad8619a18dac3ea5b944b82d289a1,91b84cfa375abace0f176e51d9ae8d40,SC,criciuma,computers_accessories,38.9,16.79,55.69,delivered,2018-02-15 20:07:54,2018-03-20 00:00:00,2018-03-19 16:12:04
f0c8f501afe22bb7a23e3721bcc6221c,50b82eb0295bb83fb354bb684d530caf,RJ,rio de janeiro,furniture_decor,69.9,19.98,89.88000000000001,delivered,2018-01-23 12:22:00,2018-02-16 00:00:00,2018-02-16 22:12:34
1e6add8e062fefaf389db3e1006dde0c,111d5a051ea4c1d0066bc5a9b265104b,SP,vargem grande paulista,furniture_decor,119.9,23.42,143.32,delivered,2018-03-13 12:38:05,2018-04-09 00:00:00,2018-03-19 20:03:29
a47d6503b097b0a27377d57e6d5feaf9,2f1c76c2bc1797d9f84853404f4e20ed,SP,francisco morato,electronics,210.0,15.07,225.07,delivered,2017-11-17 19:53:32,2017-12-01 00:00:00,2017-11-23 18:02:41
ac354a1df0a6139d9bffe004c924c10a,75517482e799dbe044ca7c24908394a4,PE,recife,bed_bath_table,129.9,29.31,159.21,delivered,2018-02-14 17:29:00,2018-03-15 00:00:00,2018-02-28 14:12:33
4480ac0eaab783664bd03d73f20e2896,ea2823cb06ffee228889fd07321fef42,SP,guarulhos,home_confort,89.9,13.65,103.55000000000001,delivered,2017-11-03 21:12:11,2017-11-23 00:00:00,2017-11-06 11:09:00
c2392e568835f3d748e67d74da04c934,14196e33a5ac649e7f47822c61821914,SC,sao jose,consoles_games,32.5,18.23,50.730000000000004,delivered,2018-03-13 08:52:31,2018-04-04 00:00:00,2018-04-06 18:16:56
69013d19f8db4cd7dc9f3b5c2564a96f,148ebfb52d4a5061154ba922b0a0e935,SP,santa barbara d'oeste,sports_leisure,19.9,7.78,27.68,delivered,2017-05-15 14:56:34,2017-05-26 00:00:00,2017-05-20 10:04:17
01a6ad782455876aa89081449d49c452,31c23262d79bc7e803884e37f9bc5359,RS,santo angelo,telephony,34.99,15.1,50.09,delivered,2018-01-18 10:07:52,2018-02-20 00:00:00,2018-02-01 21:02:22
5f1b02bb30db18d2091666741c05684a,4e92726a217d2761c6583830b747b31f,BA,itororo,bed_bath_table,219.9,22.53,242.43,delivered,2018-05-07 13:18:52,2018-06-04 00:00:00,2018-06-14 15:39:48
449ddd1e13fed7e12cc60600ffeb3158,f1b17bbda9857396b20b1bd1d7f121cf,SC,biguacu,watches_gifts,17.9,15.1,33.0,delivered,2017-10-02 12:57:58,2017-10-30 00:00:00,2017-10-10 18:24:01
bd7e01b686605ad3276d16887069fdd7,05eb2fca0a8ccfee8c2cbe338bb5072c,MG,sabara,toys,53.5,15.12,68.62,delivered,2017-06-14 01:13:33,2017-07-07 00:00:00,2017-07-03 16:32:43
17b8a04ba7a415fb05b7f8cf67b27255,864793bc45eb84a40f2f9ff90c2a94a5,RJ,rio de janeiro,art,57.0,22.98,79.98,delivered,2018-05-09 16:54:46,2018-06-13 00:00:00,2018-05-18 20:03:11
9064fc8504c44f267ab2b72c9175b853,714108383ccc5666c68e454ff0a9c975,SP,jundiai,health_beauty,189.99,16.08,206.07,delivered,2018-02-19 08:41:34,2018-03-14 00:00:00,2018-03-02 20:58:34
ad01e26d29b4818ba6299d1356a130b7,79600d089f870e1787795b429b5be3c5,GO,anapolis,telephony,339.9,20.48,360.38,delivered,2018-08-12 21:06:51,2018-09-06 00:00:00,2018-08-22 16:09:42
6d6552e71bec5188cfa548c7f7094dad,1600e56406cd89032fefb96f79ffeef9,SP,suzano,electronics,49.0,7.39,56.39,delivered,2018-05-04 19:02:15,2018-05-18 00:00:00,2018-05-10 01:08:51
3b995b138dcbefaf9fffef19025a1e34,51e22ebbbd5311e2db1a2953891c22ec,RJ,rio de janeiro,watches_gifts,848.9,19.69,868.59,delivered,2018-01-31 15:55:32,2018-02-23 00:00:00,2018-02-09 19:23:04
076008aa37f0393fff972b8b0121fd94,4e97be24d55ed95a3e6cc85df693bf41,SP,sao paulo,perfumery,249.49,8.61,258.1,shipped,2018-06-08 19:05:44,2018-06-19 00:00:00,
7e1d7adfaf4e026419cedeaed88f3a4b,05cf4ddb31059a169df61046881d812f,AC,xapuri,baby,189.94,108.36,298.3,delivered,2017-11-14 16:05:37,2018-01-04 00:00:00,2017-12-15 15:15:10
a0b44209913b27635b5d9813244b7f87,13510b0dcd1f956dbdcb358d68615455,MG,araxa,bed_bath_table,15.9,25.16,41.06,delivered,2017-11-25 10:49:51,2017-12-19 00:00:00,2017-12-15 20:19:22
922162cabb84e44a2efa143dd96ef464,23a483df82cc141b1b260e5d4ac6fae0,SP,santo andre,fashion_bags_accessories,44.0,7.78,51.78,delivered,2017-08-25 18:45:23,2017-09-08 00:00:00,2017-09-19 16:32:51
ebfb1b4991e29d9c1ed373ee9aac10ac,23780c7f5a15fcb349868006a13d7d8a,MG,contagem,stationery,45.0,2.99,47.99,delivered,2017-11-28 14:01:46,2017-12-21 00:00:00,2017-12-13 15:21:50
19843d257bf7ac782b0e4763f12b0a2f,2a2d6f3fcb7abba1230f06289718b0fd,DF,brasilia,construction_tools_construction,59.99,18.3,78.29,delivered,2018-04-26 11:03:36,2018-05-23 00:00:00,2018-05-07 15:22:11
d8eada63874f4ad83911e6c388521ba9,56e615697258bdade82ec5d0bf6996a4,RJ,rio de janeiro,housewares,95.0,23.25,118.25,delivered,2018-05-14 18:04:13,2018-06-18 00:00:00,2018-05-22 09:31:56
4c96e6cd1329471164e71b76d8ac0619,af05dd1db4c070b2c2a3532ee0ae89bd,SP,sao paulo,garden_tools,158.0,18.02,176.02,delivered,2018-03-27 22:19:36,2018-04-13 00:00:00,2018-04-06 17:12:46
599879f65ecb99f5e7ac1060022559d1,3c6484833ffda378fcfcdbd1a3f13ab1,SP,sao paulo,housewares,35.0,11.15,46.15,delivered,2018-03-24 11:57:27,2018-04-06 00:00:00,2018-03-28 20:18:23
4e05179f3e0dc912276faf9da529cf6b,3b28f0054114806f37621c311da2dfdd,PR,planalto,computers_accessories,29.9,16.79,46.69,delivered,2017-09-17 12:18:26,2017-10-13 00:00:00,2017-09-28 16:47:50
2fa486d029393f1935691163d018a843,1fc7b8501b2c236f357f215715e6ca1e,MG,belo horizonte,garden_tools,59.9,17.67,77.57,delivered,2017-10-21 15:58:43,2017-11-13 00:00:00,2017-11-03 16:38:48
938eec02edd60b9aac62487718732066,fa7a67f97f761a6a97aa6108986e0a60,MG,ituiutaba,luggage_accessories,84.9,14.47,99.37,delivered,2017-08-31 21:54:32,2017-09-20 00:00:00,2017-09-08 19:44:59
782d2a64a6133bc3512a372661880972,9d54daa19c43f4d96f69ec2c3f2d8bb3,SP,guarulhos,consoles_games,24.5,11.85,36.35,delivered,2017-10-31 17:05:38,2017-11-14 00:00:00,2017-11-14 20:26:52
413d21c694c928b464c2cc8d3904b2b1,655fb4f5aca04feecb2f00243473b2c9,SP,zacarias,housewares,55.0,13.41,68.41,delivered,2017-11-24 15:06:59,2017-12-14 00:00:00,2017-12-14 21:07:27
a923f706eeccdbdf02d5db99c8550c8d,7bce8d18cffae12fc6af9a94288b085f,RJ,petropolis,watches_gifts,178.0,17.69,195.69,delivered,2018-03-02 11:34:22,2018-03-28 00:00:00,2018-03-20 21:47:42
06d8cb692ed19b092adaaf5337d01a39,ff2521c4012e1a212bbd12c9ed5acc48,MG,belo horizonte,bed_bath_table,199.9,27.7,227.6,delivered,2018-08-03 10:50:18,2018-08-16 00:00:00,2018-08-10 17:24:34
215235517f0e156724a0ac20bc1076a5,fb189cbf064e7525f9144bbd3fbdd922,SP,santo andre,furniture_decor,119.9,12.23,132.13,delivered,2017-02-04 23:27:50,2017-03-01 00:00:00,2017-02-09 12:21:54
ea1f26cda2f1854ff80a133e71ea9939,05db15e48c7ed44cff9dfaa4f374f3dc,BA,salvador,auto,179.49,17.97,197.46,delivered,2018-04-15 23:20:52,2018-05-09 00:00:00,2018-05-03 16:49:00
90cd03f08ec3def09cf99113a1d6daa0,7840f8830a40e935d7c50f4ebc9aa921,RJ,rio de janeiro,cool_stuff,249.9,69.21,319.11,delivered,2018-01-23 13:49:16,2018-02-16 00:00:00,2018-02-03 12:36:53
9322ed60e16ee4ff1efe8145cb66060f,402a7717482f5f9be79614db6042aef0,SC,porto uniao,computers,1200.0,50.81,1250.81,delivered,2017-09-01 14:38:16,2017-09-26 00:00:00,2017-09-15 18:57:50
aa258c22c28dfa03522e7997c426e627,0fc683d243199c0be49882cf7a00b8ee,RJ,rio de janeiro,housewares,104.97,16.93,121.9,shipped,2018-08-10 13:02:31,2018-08-27 00:00:00,
afdc19847d2b39afa2d82a35ec730571,f7e7a6e9cdb3e1a6ac6c425c755f3426,RJ,rio de janeiro,fashion_bags_accessories,39.9,15.23,55.129999999999995,delivered,2018-05-03 14:30:54,2018-06-05 00:00:00,2018-05-07 19:50:37
82419d35f3c2a4d515d9bd272ecbc050,b2cacb795265383fd4d96ad26461cd2c,SP,sao paulo,bed_bath_table,49.9,11.73,61.629999999999995,delivered,2017-12-17 13:43:43,2018-02-13 00:00:00,2017-12-26 16:14:39
eabd655acd4b2c89bd505ae21dbeb102,8aaf91dd432b5099088be2cd4696064b,SP,maua,auto,345.0,15.53,360.53,delivered,2018-04-26 18:00:35,2018-05-17 00:00:00,2018-05-04 18:42:21
ff14a3e36b78f407a4e8402572e4edfe,92603fb137176e599427a906f8006c3c,RJ,rio de janeiro,computers_accessories,88.9,16.06,104.96000000000001,delivered,2018-01-18 13:21:36,2018-02-09 00:00:00,2018-03-01 18:02:56
defa53bfb8de9da3857ed69277b54d10,b201f73880d198e069bbf3f13caed711,SP,sao paulo,cool_stuff,99.99,11.9,111.89,delivered,2018-02-05 18:10:36,2018-02-21 00:00:00,2018-03-03 16:51:39
54e9851195e7b44a91adc2564e4d082c,59f816b5af16af2b833bb38decf57418,RJ,rio de janeiro,bed_bath_table,159.9,21.2,181.1,shipped,2017-02-22 12:12:53,2017-03-29 00:00:00,
141dd52930458fa0f2a97285d13639e6,10350b4179fab754ccf7d22dc5cda91b,RJ,rio de janeiro,cool_stuff,76.98,13.37,90.35000000000001,delivered,2017-08-30 14:00:31,2017-09-12 00:00:00,2017-09-06 23:04:01
a9f77c0325604197d9a0048d0dcad33f,ef4cc585e97f73505a50eb3884741edd,SP,osasco,baby,29.99,15.89,45.879999999999995,delivered,2018-07-24 16:50:04,2018-08-13 00:00:00,2018-08-01 13:24:54
c6da623560d211f315e175c9af4c8727,c59222b180a7292b25e2fca69b29d68a,RJ,rio de janeiro,bed_bath_table,61.9,14.6,76.5,delivered,2017-02-10 15:36:37,2017-03-27 00:00:00,2017-02-23 03:17:54
949280c70c6d62ec9c06fffc5ecf1fe4,a6cba42f65ca310f74bcee5d8708819d,SC,florianopolis,garden_tools,34.9,14.52,49.42,delivered,2017-03-15 09:41:22,2017-04-10 00:00:00,2017-04-10 12:12:48
d266e87fb98640ecbbe91425c76e72f3,33d786be71556666ab8cfa26f5cd4d01,MG,contagem,toys,82.64,15.65,98.29,delivered,2018-06-26 18:03:15,2018-07-17 00:00:00,2018-06-29 16:44:51
c101853f695b94e64c34f41941ff1048,db8042d926c1738f9de893fb990de370,PR,renascenca,computers_accessories,31.9,16.79,48.69,delivered,2017-07-27 20:51:43,2017-08-22 00:00:00,2017-08-10 20:08:33
0e3e9e19e36c877fbd3decb94152e837,df2b6f6f87c26ec6f0fdffbf9d82fafd,RJ,rio de janeiro,computers_accessories,199.0,18.64,217.64,invoiced,2017-08-15 21:09:16,2017-09-06 00:00:00,
55e534e4404a08c4c40286d8c4fe238b,888f5b4fd52695b973eb88fe8ca4e9f3,RS,charqueadas,sports_leisure,16.37,15.1,31.47,delivered,2017-06-11 19:57:45,2017-07-07 00:00:00,2017-06-26 11:19:43
c41fcb90e5c4e310d014634135fb1279,1da09dd64e235e7c2f29a4faff33535c,RJ,niteroi,computers_accessories,219.9,17.3,237.20000000000002,delivered,2017-05-10 14:04:15,2017-05-30 00:00:00,2017-05-23 11:12:35
de890ca80410c861b4fc9d398bd4676c,e39962b2d16ca946f8f93f405f5c47ea,PR,vitorino,fashion_bags_accessories,49.0,18.23,67.23,delivered,2018-06-11 14:11:53,2018-07-12 00:00:00,2018-06-21 11:12:17
50782cd44ddec8134f7d93043ebfd333,b80aea5d566c55201d7c72d6c8580477,SP,sao carlos,perfumery,39.0,12.93,51.93,delivered,2018-08-17 16:02:15,2018-09-06 00:00:00,2018-08-23 15:40:43
0eccc15fe0cf8638062ecf10382350f1,15a7cf878fc7763ee5e06a4daac49c9e,TO,palmas,sports_leisure,149.9,27.49,177.39000000000001,delivered,2018-05-29 17:14:23,2018-07-05 00:00:00,2018-06-18 20:17:36
3b36585ddf3b6ed361da77583c542a6c,6091774cfc772284a5d198c9408510b1,RJ,rio de janeiro,telephony,17.89,14.1,31.990000000000002,delivered,2017-05-12 13:08:11,2017-06-01 00:00:00,2017-05-22 16:49:50
c6c0dc0b58d87603f5b07c6283355d5c,7a17a2d324d7cceff4443a8c4453b763,MG,sete lagoas,pet_shop,41.9,25.19,67.09,delivered,2017-09-20 17:16:44,2017-10-17 00:00:00,2017-09-27 22:12:11
5041274e6fb755ecb3f38d5285c396b2,a5f68028c4993483b7530b094f427744,SP,sao paulo,toys,189.9,9.49,199.39000000000001,delivered,2018-08-17 14:59:49,2018-08-22 00:00:00,2018-08-21 19:06:54
5a871bae2099baa240120ca7f19cc530,616ba0a640b9ca4807cf2f2ebc024c87,SP,ourinhos,health_beauty,599.0,120.96,719.96,delivered,2017-12-29 13:26:10,2018-01-29 00:00:00,2018-01-10 19:48:52
b0b8a75fcb5b8311f01d5e12347d7e32,5d869784b798f67d1cb6d438e433ccdb,SP,sao paulo,health_beauty,47.0,15.23,62.230000000000004,delivered,2018-06-02 21:21:05,2018-07-04 00:00:00,2018-06-11 19:56:38
9366be6384383da91896d6477efe17e7,220034818d24bcd513ec4e7a142754f5,SP,sao paulo,watches_gifts,510.0,70.44,580.44,delivered,2018-03-01 18:10:33,2018-03-19 00:00:00,2018-03-16 20:18:38
d7734a834b8c2b0138d57157af28e7f1,d79ee1eeb9558345e7bbfd63a5350c7e,PR,jardim alegre,housewares,22.48,19.59,42.07,delivered,2017-06-04 20:28:39,2017-07-11 00:00:00,2017-06-19 18:47:51
4f4aab3539f49d375bf09c03c7f9fac1,87e8d95ce4525028ba4c91e86cb2a421,RS,sao leopoldo,sports_leisure,18.99,16.79,35.78,delivered,2017-07-01 15:20:57,2017-07-31 00:00:00,2017-07-12 10:53:45
f5fd5a60ecd5d154ea3e307e70188123,519d2d78b1a1c0e97783c2120def6751,SP,sao paulo,baby,59.99,12.23,72.22,delivered,2018-01-22 22:27:17,2018-02-06 00:00:00,2018-01-26 17:37:20
aea0db338150b526dde24f6fd953a5ed,43fb4e33ebe4ac765e99c7b57e5d6940,MS,aquidauana,toys,96.9,16.44,113.34,processing,2017-12-26 21:56:13,2018-01-26 00:00:00,
e5cc1da4553871faa7c23e0f4b4844b2,ec66304b229f162d56f6711761aa8311,SC,joinville,sports_leisure,171.9,18.45,190.35,delivered,2017-06-04 10:37:20,2017-06-28 00:00:00,2017-06-26 17:35:57
3cea94817a51f34aa5937784fb4a3219,0cc2c169569fd06473481e06325a5321,MG,belo horizonte,health_beauty,439.65,20.96,460.60999999999996,delivered,2018-04-01 16:13:26,2018-04-19 00:00:00,2018-04-06 21:32:35
e4272ba8b50a19a75e9905e062ddebbe,9c5e47793b4497ef26bbf6987ec1e8c8,ES,cariacica,sports_leisure,120.0,16.6,136.6,delivered,2017-12-10 22:51:43,2018-01-10 00:00:00,2017-12-22 22:43:22
4421a7200d8a1f6a0dd6fbf8c96d01d5,2cd86e8f1c726a848fa120e93b7d4b23,PR,campo mourao,watches_gifts,120.0,36.19,156.19,delivered,2018-06-12 17:17:01,2018-07-12 00:00:00,2018-06-27 14:38:45
93d1fcee477966a088fa92cae7c8a488,22f99be95869f65b00be5ee594b8b53c,SC,icara,cool_stuff,209.99,27.55,237.54000000000002,delivered,2018-04-30 09:27:38,2018-06-05 00:00:00,2018-05-10 19:58:36
d3a3e3a97ab240877d7898e0a85e9d37,55d35e9e4fe5836670ec7024dae5b55a,SP,sao paulo,construction_tools_construction,24.33,8.92,33.25,delivered,2018-08-20 19:01:14,2018-08-24 00:00:00,2018-08-24 20:38:32
818961050c379d7725bfa37c6f6c40ce,59cd47f7d0957b3cf7860f25986cf4b5,RJ,rio de janeiro,sports_leisure,19.49,18.23,37.72,delivered,2018-04-04 16:35:52,2018-05-11 00:00:00,2018-05-14 15:56:40
4ef3c842b74a91b2524df4e621606c94,a8794bde6655593c9b71212e6dea7177,SP,sao paulo,bed_bath_table,28.9,11.85,40.75,delivered,2017-06-07 07:29:40,2017-07-12 00:00:00,2017-06-13 16:09:34
e51e22905bd012eb967f86fa08194f43,9cf9f6441bd36e345b320b497e14abdc,RJ,rio de janeiro,books_technical,35.0,16.32,51.32,delivered,2018-05-16 20:34:01,2018-06-22 00:00:00,2018-06-08 11:53:34
5a2ea3fb1f6f20d1e8c5f2222cb383ae,9af2c271654a36a48beefe342ba6208a,RS,cachoeirinha,cool_stuff,63.3,14.19,77.49,delivered,2017-12-21 22:44:44,2018-01-24 00:00:00,2018-01-16 16:03:15
7540c92bc2fd94372f074954677213c1,e6d4f499586a90c752c6a3402f3c0fb7,SP,sao paulo,unknown,34.3,8.11,42.41,delivered,2018-02-02 12:33:55,2018-02-20 00:00:00,2018-02-15 20:45:23
7b27a51bf1d8aaca78c04ecaf7118e88,7fe54aabd3492309cdb6fdf5fc06b5d9,RS,porto alegre,perfumery,13.99,14.1,28.09,delivered,2018-02-03 21:32:16,2018-03-08 00:00:00,2018-02-19 20:56:39
530b181c9c1dd346c4ba0dd011b8d8f9,5f1f0fdf92b6f8c83662f526e363f18c,SP,mogi das cruzes,perfumery,119.9,15.72,135.62,delivered,2018-05-21 19:46:07,2018-06-07 00:00:00,2018-06-03 20:12:06
c9c52a54f8c144ef40de99a8a74a3ec6,df8ea15cce41abd80d24724d9db3b535,PE,petrolina,cool_stuff,31.9,25.63,57.53,delivered,2017-07-06 16:55:43,2017-08-09 00:00:00,2017-07-27 17:42:22
8f4c2a460cb59272ca055d4203b0f440,8270b1dca7d4eb270ea6bd43aaf8780d,PR,toledo,watches_gifts,399.0,17.54,416.54,delivered,2018-02-24 14:22:18,2018-03-21 00:00:00,2018-04-03 22:48:44
637b63dcab3f45274f131fbfa8662113,ec4ca3099e978fbda9ec764c996ee518,SP,tremembe,auto,225.15,22.0,247.15,delivered,2018-03-15 18:24:17,2018-04-03 00:00:00,2018-03-27 17:17:44
b552bf4c093b6c4804fa08eaee94a786,a3e9df44f0c518263a1513f7a03b2a0d,BA,salvador,housewares,17.9,20.08,37.98,delivered,2018-06-21 09:36:30,2018-07-23 00:00:00,2018-07-23 15:48:43
70be4f36c3ba5f5c95734da20d4c34a7,48c1b34a2d23e13b8967caa478d9c428,CE,uruoca,home_confort,89.9,25.12,115.02000000000001,delivered,2017-03-09 21:27:28,2017-04-13 00:00:00,2017-04-25 09:44:01
17a64f4aa50ee9ab751db1cfb720776f,be6785c7350c0f5bda4067f160f29d59,SP,sao bernardo do campo,perfumery,13.99,7.78,21.77,delivered,2017-11-15 20:20:11,2017-11-29 00:00:00,2017-11-21 20:49:00
391cd3f7e6052e7827a66f333705099b,7723fec2b74dba644d7e063a9ed5a3c8,RJ,cachoeiras de macacu,bed_bath_table,29.99,19.4,49.39,delivered,2018-08-08 21:14:14,2018-08-23 00:00:00,2018-08-16 19:08:54
a0b44209913b27635b5d9813244b7f87,13510b0dcd1f956dbdcb358d68615455,MG,araxa,bed_bath_table,27.9,10.06,37.96,delivered,2017-11-25 10:49:51,2017-12-19 00:00:00,2017-12-15 20:19:22
7cbb15d12a1bb13fde596f305857b22e,6c005d6d2d21634f3eabb0720c780d75,SP,sao paulo,telephony,24.99,7.39,32.379999999999995,delivered,2018-03-30 15:19:20,2018-04-12 00:00:00,2018-04-05 19:38:47
1962dbe6d0755ae32f1381266df2e34a,d9e97e176fab9b275f9665eef6151a7b,MG,belo horizonte,health_beauty,119.99,24.97,144.95999999999998,delivered,2018-05-06 19:11:35,2018-06-01 00:00:00,2018-06-04 22:18:40
590aeab6e2c3f7e294c54fbd9a91c4c7,dcc9b2cb5be5a006e1857145b72cfaf4,SP,sao bernardo do campo,sports_leisure,33.99,9.26,43.25,delivered,2018-03-20 17:29:10,2018-04-05 00:00:00,2018-03-23 19:19:38
6e1fdac1871d58f1e81976be36a2634a,dad734f5dab8c6886e88a58e1148c7ea,MG,belo horizonte,health_beauty,29.9,18.31,48.209999999999994,delivered,2018-06-17 22:02:18,2018-07-11 00:00:00,2018-06-21 22:37:27
3712671af76fe8fa80631e4407cc6ab1,87facbc3109d4c7b5d0448b1b08c1fc3,SP,sao paulo,computers_accessories,81.99,7.92,89.91,delivered,2018-04-07 17:55:10,2018-04-19 00:00:00,2018-04-13 19:25:36
9722eff1585170140d33d9ba863ba74e,507d34ab7a9f465f7a023cf256e524da,RJ,nova iguacu,garden_tools,59.9,17.67,77.57,delivered,2017-07-19 21:54:58,2017-08-17 00:00:00,2017-07-28 18:55:47
4e44d7b0462e32a51de74a16eac6534e,a7941a8ddbfe8fde0bd23ae272484043,RJ,queimados,telephony,6.9,14.52,21.42,delivered,2017-02-02 16:18:44,2017-03-13 00:00:00,2017-02-10 08:54:40
e20a706ac55f135718368acf3c333dc4,9cd14738d67050a122e17596a97945a8,BA,salvador,stationery,42.0,17.22,59.22,delivered,2018-08-05 22:22:38,2018-08-28 00:00:00,2018-08-14 19:32:54
4b7d638196bd6a0a5a0915a8f893225a,f22da779a017ed42f2c4e03862584885,MG,joao monlevade,bed_bath_table,49.95,18.23,68.18,delivered,2018-03-21 13:38:46,2018-04-17 00:00:00,2018-04-05 18:21:00
c396875c8c74f02ac52d7c40caaa9497,3dff7e5a3d6bc5efe2620d9117080564,SP,sao paulo,computers_accessories,589.0,13.69,602.69,delivered,2018-03-06 20:20:40,2018-03-20 00:00:00,2018-03-13 15:44:36
6b3283bced42ff1c70f94eb1736fdabc,f73d2c886388115bc41ee9cf86e651d1,SP,pedreira,computers_accessories,89.9,13.71,103.61000000000001,delivered,2018-06-06 17:17:31,2018-07-20 00:00:00,2018-06-18 18:11:51
55c5ffea3ddcde9c94cf5218e02be4cc,63a80f4b1f12c4dc3addd05d5cb2fa28,RJ,rio de janeiro,bed_bath_table,75.99,15.79,91.78,delivered,2017-10-31 09:50:53,2017-11-16 00:00:00,2017-11-09 20:22:10
1573c1514d9e6b02151d3f7a1e9b0b20,fa3fda87f7149d65fb083ae77a611085,SP,mogi das cruzes,bed_bath_table,74.0,13.08,87.08,delivered,2018-02-15 09:48:48,2018-03-02 00:00:00,2018-02-21 17:39:15
5d8d75278e117304f2e8c3df4ce3c41c,bb54950f563e3830573427ca104ce447,RJ,rio de janeiro,garden_tools,129.0,32.33,161.32999999999998,delivered,2018-04-05 12:28:28,2018-05-10 00:00:00,2018-04-20 19:21:21
2c0e4f78d8fdd3b6921776078f2c8080,874812d5d2ecd0366ea33930646dc874,SP,taubate,housewares,75.0,17.66,92.66,delivered,2018-06-11 18:47:39,2018-06-28 00:00:00,2018-06-22 02:24:34
034bc91b27d0de97e2ffa04946137764,2f9f2831e2f23274802ef653e9840b78,RJ,rio de janeiro,fashion_bags_accessories,13.3,15.1,28.4,delivered,2017-09-18 00:48:00,2017-10-05 00:00:00,2017-09-27 18:57:46
71284044cb3bff0706dff7234e8c4e89,1157e353f4cdfe0422da4b11092c9918,MG,paracatu,furniture_decor,35.0,19.44,54.44,delivered,2018-06-18 14:17:06,2018-07-17 00:00:00,2018-06-22 22:13:38
9d69b407879a8be17ac523d1e4b1e4a3,374e691dbb76d69d922f33c59431bb5f,SP,sao paulo,furniture_decor,95.0,11.87,106.87,delivered,2017-09-19 12:03:02,2017-10-02 00:00:00,2017-09-25 16:47:50
fc2f2ef49d2a1e5465fe133f1c240324,6ee2f372a155168cce58851120d3355c,PE,recife,furniture_decor,229.0,61.42,290.42,delivered,2017-10-26 11:29:06,2017-11-24 00:00:00,2017-11-06 20:58:36
8a7b84dec7fc7df583a40c69e47d7774,76d6d5c43b1fc7066b46e93c1288ee2c,MG,montes claros,furniture_decor,43.9,16.11,60.01,delivered,2017-05-24 19:42:09,2017-06-16 00:00:00,2017-06-07 15:50:24
59682ddba24feb11071cee1f0ed1ecd9,5a7082176cc91600f28d5f844409f38d,CE,caucaia,health_beauty,23.99,17.63,41.62,delivered,2017-12-06 18:00:29,2018-01-12 00:00:00,2017-12-18 18:10:53
b8bcd5c4f80a3e88b4d4581527e1d2cb,a855db03a8fcac8dea5b21f1e904e13d,RS,rio grande,bed_bath_table,36.5,26.89,63.39,delivered,2017-05-06 16:08:10,2017-06-08 00:00:00,2017-05-16 10:26:01
e71de1319c64de74f70d18d1459d270d,e8c90a5e8a2ff54b73ab2acd1207c407,RJ,rio de janeiro,watches_gifts,515.0,18.49,533.49,delivered,2018-06-02 22:29:52,2018-07-24 00:00:00,2018-06-14 01:08:33
6a1dff28da32815c94da401e19d2a7f8,95f270e7d1d60bde8031dc0c058558e0,SP,paranapua,electronics,30.0,10.96,40.96,delivered,2017-03-21 11:33:31,2017-04-13 00:00:00,2017-03-31 15:34:11
d523e3017b5b43a3ce38bfc92347c050,619406de7a0d11aca8ff92512287157c,SP,mogi mirim,health_beauty,314.97,13.41,328.38000000000005,delivered,2017-11-18 17:01:33,2017-12-01 00:00:00,2017-11-24 21:32:53
b388932b3dad9623ce1b062985ce07a1,a0fc8744b3c29be388149ee2bbccb79e,RJ,duque de caxias,construction_tools_construction,38.9,8.27,47.17,delivered,2018-01-15 23:32:57,2018-01-31 00:00:00,2018-01-24 10:53:02
aec6c9f96db18be9eaa8730d376a916d,90ba38d381382ca06556e382dd5add10,MG,carangola,auto,64.9,17.7,82.60000000000001,delivered,2017-07-15 15:51:19,2017-08-08 00:00:00,2017-07-24 23:37:32
b20541ce2d6f4c7d3b204035f09ea681,b770cc23ba32f2d02183d5fc502e39b8,SP,jundiai,furniture_decor,69.9,12.43,82.33000000000001,delivered,2018-05-02 09:01:03,2018-05-15 00:00:00,2018-05-04 20:20:50
b71bafc912a84d7b1e013e39a1eb30d0,1b3fa3451e3b338f4764f21a625aafaa,SP,presidente epitacio,health_beauty,99.9,16.46,116.36000000000001,delivered,2018-01-05 17:35:23,2018-02-05 00:00:00,2018-01-17 18:49:11
69440e68212a53617dbaa0e9a1319946,18c4bdc31f12bced304f344d8c00320a,RS,teutonia,computers_accessories,32.99,17.6,50.59,delivered,2018-02-02 08:39:03,2018-03-12 00:00:00,2018-02-15 16:23:15
3a129877493c8189c59c60eb71d97c29,11c3d6c93dea6ce86769a4835c171bd9,PR,maringa,sports_leisure,35.9,15.1,51.0,canceled,2018-01-25 13:34:24,2018-02-23 00:00:00,
8c27cda2524caadb58840f8e864daec5,98017b569b52f17b53c14c65e368d2e3,BA,euclides da cunha,health_beauty,149.99,18.62,168.61,delivered,2018-02-24 12:50:07,2018-03-26 00:00:00,2018-03-14 10:28:33
c516efeee3182f8b1ea4a7e8a91da163,d7060039e6043c13742e42b9375a5548,SP,votorantim,sports_leisure,39.0,13.61,52.61,delivered,2018-08-22 11:44:50,2018-09-05 00:00:00,2018-08-30 13:39:50
701ba4e30193470253a5e099210a2054,24bc45b93041e78e892e0f0fd92104d4,SP,lucianopolis,watches_gifts,29.0,8.63,37.63,delivered,2017-10-29 20:18:46,2017-11-23 00:00:00,2017-11-06 21:06:53
5d7d650b7b91849a41cfc2389d1b4e03,2df96ec536c54c5f3c7a09e610f325ab,MG,leopoldina,market_place,68.8,19.45,88.25,delivered,2018-03-23 18:28:16,2018-04-16 00:00:00,2018-04-05 19:36:37
a9c1797126d283581f739c4c96640963,2c693e71cc2c3b66b36ecf55c7668f49,RS,santa rosa,health_beauty,49.99,15.1,65.09,delivered,2017-07-17 22:08:36,2017-08-11 00:00:00,2017-07-25 22:36:47
e440f8fc256f028a44b7e88e390a7ac2,0f97aca6c2f5937c43a5253d1eb61b33,SP,sao bernardo do campo,telephony,69.9,11.99,81.89,delivered,2018-03-03 13:26:34,2018-03-21 00:00:00,2018-03-12 19:58:39
0fe8aad910ff05e73b0ddb0a89e61b21,bcbe2558dc57409f13b7c29778952c62,PR,londrina,toys,39.0,18.37,57.370000000000005,delivered,2018-07-01 20:11:26,2018-07-26 00:00:00,2018-07-06 18:41:54
e650e545eab1cbfebd87c2cbc0ceb531,068be1461b57abc604678efe3ec659c2,MG,belo horizonte,housewares,33.0,14.1,47.1,delivered,2017-06-04 08:12:24,2017-06-28 00:00:00,2017-06-22 18:48:02
8a52017e0f9d904528367d756eb6d4f9,84af029e54a6f659f7ace6f7cf0daa68,SP,indaiatuba,sports_leisure,103.99,15.49,119.47999999999999,delivered,2017-07-25 09:07:16,2017-08-17 00:00:00,2017-08-04 16:18:55
ee971d64c174b5362587678fd24650fe,b26c852c99de3967dee4a602c101744e,SP,indaiatuba,air_conditioning,209.9,16.57,226.47,delivered,2018-07-04 19:01:41,2018-07-31 00:00:00,2018-07-13 14:56:46
f4253eb9f34c40695de3f9f8e59d2875,da4ff019ca33b0c91844d880b6614c4f,SP,santos,bed_bath_table,47.9,8.88,56.78,delivered,2018-03-26 17:38:36,2018-04-06 00:00:00,2018-03-28 21:27:52
d6e8909db886a81c5a4087d3a837003f,d23eb64e4aadb6ddd37107c3bbfc36ce,RJ,rio de janeiro,consoles_games,89.99,15.38,105.36999999999999,delivered,2017-10-02 12:34:13,2017-10-25 00:00:00,2017-10-18 23:12:48
ab3dffe6fdcd9b7b7896d000abeefc4d,7c01ccb439b58048285b3615ce14d780,SP,sao paulo,office_furniture,109.97,34.04,144.01,delivered,2017-10-05 22:11:35,2017-10-27 00:00:00,2017-10-11 21:43:25
e18e04e7700b1fa84a2aba133af245f8,213fc0fc021c524857acbd7611c8b24c,SP,guarulhos,housewares,12.0,9.34,21.34,delivered,2018-01-13 16:34:22,2018-01-30 00:00:00,2018-01-16 23:03:17
5af1684cbc75f2c0c5bb83e220449cdb,c0784174ca6a9ed7d56008fca100f07c,RJ,macae,baby,134.9,16.7,151.6,delivered,2018-01-03 08:15:46,2018-02-05 00:00:00,2018-01-25 22:51:58
09b6daf7c780e789668ee3b7f4bda1c5,35c7d0dd049493875b1051d21f03d846,RS,restinga seca,bed_bath_table,76.9,19.73,96.63000000000001,delivered,2018-06-29 18:20:57,2018-07-26 00:00:00,2018-07-09 10:48:30
2305d46c47c716885a276ec1a322b612,96f178f231d72f743ac6704512135fbc,DF,brasilia,garden_tools,25.99,21.01,47.0,delivered,2018-04-17 11:49:48,2018-05-11 00:00:00,2018-04-24 15:51:50
1e6e729cbdd94df526b317598aaaaf62,7d3c23d715240f2f77f201483d3cb276,BA,feira de santana,market_place,62.8,20.89,83.69,delivered,2017-05-02 12:10:15,2017-06-02 00:00:00,2017-05-19 08:12:19
513b9e2bda619338700b04bdfc97f0f4,62e56e1303a37e1ec99b7b7330aaadba,SP,iracemapolis,bed_bath_table,179.9,17.97,197.87,delivered,2017-12-02 20:37:34,2017-12-27 00:00:00,2017-12-19 00:55:02
ae06bd80c3727ee5b35770126f4da2e9,58b140151c2e86124d5ed6a6b6b5b7cd,RJ,angra dos reis,unknown,279.99,19.4,299.39,delivered,2017-12-04 12:15:23,2017-12-27 00:00:00,2017-12-14 16:54:57
b0f282feab66596e7100f9baded8b54f,4e47cf274a97fd7db20e9a5d7e218343,SP,sao paulo,health_beauty,15.75,10.96,26.71,delivered,2017-05-05 15:30:38,2017-05-29 00:00:00,2017-05-18 09:07:50
22a4e269c7e62e9aab7536d9f1180d09,f43a741f2b86fc593b013959d7b34083,MG,belo horizonte,bed_bath_table,199.9,27.48,227.38,delivered,2018-06-11 08:33:53,2018-06-29 00:00:00,2018-06-21 16:26:49
a731c3a7a6915d1e0a711b745f73bc49,2e9e0d2396e2ed1a9b9180a1e8300cfd,SC,blumenau,telephony,54.99,22.02,77.01,delivered,2018-04-06 23:50:19,2018-04-30 00:00:00,2018-04-12 18:19:13
1a5bab5fc9814b7cc524a323bd4e80b4,dc16f70ee65e209df2447fffce7cbbf4,SP,sao paulo,bed_bath_table,16.8,8.92,25.72,delivered,2018-06-17 16:11:42,2018-07-05 00:00:00,2018-06-20 15:36:53
a4569e83b396f45f5bad001bce729da0,5b59bcd0e2d08bdf0da7566cc0636d57,RJ,rio de janeiro,luggage_accessories,54.9,14.13,69.03,delivered,2017-10-23 16:29:44,2017-11-09 00:00:00,2017-11-08 15:02:34
498d5619e926bbb085a837fb42842db6,0e7d071636cf49492c30fb724b2e1cd8,AM,manaus,cool_stuff,129.99,25.46,155.45000000000002,delivered,2017-05-31 14:46:58,2017-07-05 00:00:00,2017-06-22 22:39:43
9dc64ac5787edf0d88888ec315c57087,3a8efc1e8b649e5f5dd6013b68f87c36,SP,sao paulo,housewares,23.5,8.72,32.22,delivered,2017-10-03 22:25:15,2017-10-26 00:00:00,2017-10-11 21:03:50
0fcf164859b203af4b0811ccf70d1454,2825b7f4f8f806dd29bf4601557fb0c0,ES,vitoria,watches_gifts,274.9,19.8,294.7,delivered,2018-03-09 13:24:57,2018-04-02 00:00:00,2018-04-11 21:27:53
0c9e044483d9a7ed3543da28c65f36b2,6d1b4e0269ddf214a835aef2cfc23158,SC,uniao do oeste,telephony,24.99,15.1,40.089999999999996,delivered,2018-03-02 13:16:23,2018-03-27 00:00:00,2018-03-21 20:48:33
daaf62a15bd3c9f093e0e1f58413c8c2,972d898cec7230c1d435b308078620b6,MG,belo horizonte,pet_shop,60.0,22.35,82.35,delivered,2018-06-19 17:11:30,2018-07-25 00:00:00,2018-06-26 23:28:45
771fbabfc064df2faba7d317dda924b4,f54ce9a6a5c0b3a107838e67f2059261,MT,cuiaba,watches_gifts,879.99,22.73,902.72,delivered,2017-07-11 16:18:16,2017-08-10 00:00:00,2017-07-19 20:19:38
5ee1e8b9ec2a16618f25fce5407f136b,188e50847b85739f86cfeed95bfdf76a,PR,ponta grossa,stationery,39.99,15.1,55.09,delivered,2018-02-28 19:39:46,2018-03-22 00:00:00,2018-03-20 21:28:40
18c14405d85b9ee6e478d71514276be4,df7e5b52ece84986c61c1a6b3bf12861,SP,itapira,bed_bath_table,92.9,16.28,109.18,delivered,2018-02-01 07:47:35,2018-02-23 00:00:00,2018-02-08 19:15:00
a139630cbe2c9106179e382ba9e9d517,c9fad93b46d16894451eda45daae3e3e,RN,natal,watches_gifts,319.9,23.04,342.94,delivered,2018-02-17 14:15:59,2018-03-20 00:00:00,2018-03-17 00:12:05
097452f101cb19b0ccc80d3a980d9755,07ebbbf710aeb63207a80fdcdc6d233a,BA,ilheus,computers_accessories,149.9,23.98,173.88,delivered,2018-03-15 16:36:42,2018-04-11 00:00:00,2018-03-27 21:41:14
859ebef8753883ec6f703f60ebba766c,bb5c793051ebaeff56925d51a3074fb8,SP,campinas,bed_bath_table,99.9,13.72,113.62,delivered,2018-01-25 17:33:13,2018-02-19 00:00:00,2018-02-14 21:32:27
2f98f40416fdda614b3c3b4539ec23cc,56230a25a1d71c48091eeae2e4024ade,SP,sao paulo,housewares,95.9,11.69,107.59,delivered,2018-08-16 13:35:44,2018-08-22 00:00:00,2018-08-20 19:16:51
c4c4d6af87a38d11687de496459bb99b,0ad89155e038588bf01170fde49b6972,RJ,sao goncalo,cool_stuff,99.99,18.28,118.27,delivered,2018-03-06 20:19:33,2018-03-23 00:00:00,2018-04-19 13:24:49
2894a7132c45ea461bc47c5a3bb1c6e0,075fc46f02fef5d79276ae2dc06afa61,PR,ponta grossa,cool_stuff,132.7,26.43,159.13,delivered,2017-03-15 19:42:03,2017-04-05 00:00:00,2017-03-31 08:53:37
3b6b7b37c486e320124d04045d1f5108,22645719e22ee24605277c0b4e149d95,RJ,rio de janeiro,furniture_decor,32.99,15.11,48.1,delivered,2017-11-23 16:39:41,2017-12-14 00:00:00,2017-12-12 17:47:31
479c3d9dbad0a2c502fcb73fd59c65b3,b15d1253e0ec74ab029cb5ffbeb02624,MA,sao luis,furniture_decor,99.9,36.06,135.96,delivered,2018-02-25 18:03:16,2018-03-20 00:00:00,2018-03-22 19:29:49
cd03e8cd71dabc46caecc93fe7a25ff7,f3236cf3831bad703da53f07ec4b3d40,PR,londrina,health_beauty,110.32,18.65,128.97,delivered,2018-04-30 14:20:33,2018-05-21 00:00:00,2018-05-03 15:23:06
ab2074b3788d9e68a23db714cbf70f9d,e2c483395f5aa739622936a3e826921d,SP,peruibe,bed_bath_table,219.9,17.69,237.59,delivered,2017-02-14 18:12:11,2017-03-17 00:00:00,2017-03-03 15:25:57
77af320be1815e066c2ac8510e9402b6,9ec871029fc7ab7e5085f70ab3209a0e,MG,sabinopolis,telephony,39.99,18.23,58.22,delivered,2018-05-09 10:55:30,2018-06-01 00:00:00,2018-05-11 12:34:20
79177aaac7c3c0dd8e8a84db027512a4,c6e994767dccb6b8a8207c1f44451159,SP,ferraz de vasconcelos,computers_accessories,149.89,18.3,168.19,delivered,2017-10-17 11:12:57,2017-11-06 00:00:00,2017-10-23 17:05:25
5ad6b16f8a1d20ec9eaf8f9340406f0d,71334060b76654cc2d3fedf3bfe0873e,SP,sao paulo,cool_stuff,265.0,24.57,289.57,delivered,2018-06-27 00:05:10,2018-07-12 00:00:00,2018-06-30 15:51:28
cf9df38ea8a894e959f635c3fce5b739,e8a398ff29ecd32cd95796a2fe0de274,SP,sao bernardo do campo,bed_bath_table,195.99,18.66,214.65,delivered,2017-04-06 09:05:53,2017-05-02 00:00:00,2017-04-19 10:53:47
b3b127f0721e34178b72159da72d7694,0e72c38fc7efc48bec36d3d3c0447b0c,SP,indaiatuba,sports_leisure,14.2,7.39,21.59,delivered,2018-04-04 13:34:02,2018-04-20 00:00:00,2018-04-09 14:26:31
929ccb6e3021ed4afe8860fe50791967,1db803b751b472b524ed047aeec4fabd,RJ,nilopolis,watches_gifts,747.0,20.33,767.33,delivered,2018-07-04 00:20:29,2018-07-26 00:00:00,2018-07-10 21:58:58
980bc014d29830d87b56bbc7720a6b6b,e1a391e4597870c6f0b881a8ef449d6e,RJ,teresopolis,bed_bath_table,110.0,23.35,133.35,delivered,2018-03-09 15:29:23,2018-03-28 00:00:00,2018-04-17 20:56:40
dae72058c85d67deae51d329e5b5938d,767c61b81b5cb8cade1a253cb3b41412,SP,jaboticabal,housewares,7.3,17.6,24.900000000000002,delivered,2017-08-03 09:22:20,2017-09-01 00:00:00,2017-08-11 18:06:01
ae5006e8bc74e1aba0f5f41bd117cdaa,49f5ddfc3fee09b6f009d45c5c947b7d,SP,sao paulo,computers_accessories,91.9,15.4,107.30000000000001,delivered,2017-11-09 04:25:35,2017-12-06 00:00:00,2017-11-17 18:31:48
08632fe0bc1f85190f242268f3410561,2c8466c03923a51fd621169573e7d836,BA,salvador,bed_bath_table,205.0,24.81,229.81,delivered,2017-07-12 09:56:39,2017-08-14 00:00:00,2017-07-25 19:27:55
8917eb3cbb0f98de06a1e478b13c7bab,ca16f5d8e953482d92b1989c98c5e9cf,DF,brasilia,health_beauty,119.99,24.97,144.95999999999998,delivered,2018-05-04 15:04:01,2018-05-29 00:00:00,2018-05-21 20:48:35
52f89521400b32703e434cd646403475,d9b8aebd2d5cd4d5338b1e6dc480aef8,MG,teofilo otoni,computers_accessories,69.0,12.61,81.61,delivered,2017-09-05 18:44:06,2017-09-22 00:00:00,2017-09-14 20:37:26
6e4aa96643864493bb291057da474fbc,10d868802b4d4a2e983e826abd14fb84,RJ,petropolis,office_furniture,176.99,45.7,222.69,delivered,2017-05-07 14:06:36,2017-05-31 00:00:00,2017-05-20 09:11:12
56d77478af78c445066db1c9876e9e84,118a4d2ca6098b5df303beca4c208642,RJ,rio de janeiro,office_furniture,139.94,30.82,170.76,delivered,2017-11-03 16:49:40,2017-11-29 00:00:00,2017-11-21 17:09:16
3ffb5839790306f5e88e8319508dae29,763537fbd8173d949ea5b3da1d1461b7,SP,peruibe,computers_accessories,89.0,18.31,107.31,delivered,2017-05-19 15:28:55,2017-06-12 00:00:00,2017-06-02 09:13:23
1852f4003a3be7d9054403de86fc4280,73f543ac7cc557af011be584a4dde8af,RS,carlos barbosa,furniture_decor,65.0,18.52,83.52,delivered,2018-04-14 19:16:01,2018-05-21 00:00:00,2018-04-27 14:50:54
e45b8a62c43866e3c9989324547db51c,c402a1c61ebd8deca803bece099cb5dd,RJ,rio de janeiro,baby,35.39,14.1,49.49,delivered,2017-07-06 09:43:53,2017-07-28 00:00:00,2017-07-14 17:49:49
3fff175860497ca456d60c90b1f2b797,d7702658d570da430a6f4f9c4719d7ca,PE,itapetim,computers_accessories,129.0,39.57,168.57,delivered,2018-05-09 22:06:27,2018-06-05 00:00:00,2018-06-04 16:24:31
eeb4d23ba9fb9cb0897472f49f332505,afc55f66129623d95243934cc26dae55,GO,trindade,health_beauty,99.9,38.25,138.15,delivered,2017-12-20 15:45:02,2018-01-22 00:00:00,2018-01-03 23:42:39
3f744e5030fb02e02651eb31d5204878,e581648cf932a39025be2099a9f81cef,RS,rosario do sul,housewares,5.9,18.23,24.130000000000003,delivered,2018-07-31 13:52:24,2018-08-20 00:00:00,2018-08-07 22:32:47
6942aa7dee89fafe04b6ff790e74912e,bdd2d0380fdba0ee6fae5c727eceae8b,MG,sao lourenco,perfumery,209.0,19.0,228.0,delivered,2018-04-08 21:59:45,2018-05-07 00:00:00,2018-04-14 04:42:04
f53c55d69ec100514da4915a8a3d72b2,c8003923bd1dd8512c7ec0a94a215366,SP,indaiatuba,bed_bath_table,45.9,9.34,55.239999999999995,delivered,2017-10-31 04:16:46,2017-11-08 00:00:00,2017-11-06 21:58:34
f736c451b8bfbfbbf8164a476b28bf98,79d72d40151577560c20f734e1de9e65,SP,sao paulo,health_beauty,131.0,9.91,140.91,delivered,2017-03-07 09:01:27,2017-03-24 00:00:00,2017-03-21 09:55:36
e54613f3313c396f77d8280b9121ea2e,18c75282901f7db1fe38e8c9a3ce4c12,PR,floresta,furniture_decor,380.0,33.53,413.53,delivered,2018-06-15 21:45:12,2018-07-17 00:00:00,2018-07-02 17:19:07
15d2e898a322b9bbbe9ffff92db68af2,13f0b6439aef26aa60f051b2d9a25d32,RJ,rio de janeiro,watches_gifts,348.8,16.19,364.99,delivered,2017-12-05 11:29:49,2017-12-29 00:00:00,2017-12-26 19:23:21
3837316347c6731a7368bd44a3b613bc,52ed5a07cfa81a6802763aa0e29e4311,SC,balneario camboriu,garden_tools,59.9,17.67,77.57,delivered,2017-09-29 00:00:57,2017-10-25 00:00:00,2017-10-16 23:43:10
351a4161d1abb1089cd923ba455f46cb,effecf2e702b13058b6ca07a0a649691,PR,curitiba,health_beauty,131.25,17.17,148.42000000000002,delivered,2018-01-18 15:26:35,2018-02-09 00:00:00,2018-01-25 19:22:40
66c14b06bc8003888862ecf57985bbaf,38775863e907bb656c90a73fbc8083e4,RJ,niteroi,stationery,49.0,2.99,51.99,delivered,2017-12-13 21:20:41,2018-01-12 00:00:00,2018-01-03 22:53:17
09a02e80ddcc4cb25f8ca5e46c1020ce,4d4a47dd2222949b57335fbe74d9448e,MG,campo belo,telephony,25.0,14.52,39.519999999999996,delivered,2017-03-03 20:39:32,2017-03-27 00:00:00,2017-03-13 13:14:59
c1d75bdfe29637c6398ecda7c9171037,38fa31584d577b5f9ece358462c86e4e,MG,belo horizonte,electronics,12.9,14.1,27.0,delivered,2017-12-12 16:44:48,2018-01-05 00:00:00,2017-12-26 16:19:28
9f9441b89b4d44ee3cf22af52e988757,c9b254a82a1ab13c17407076046080ad,PR,curitiba,furniture_decor,35.0,16.32,51.32,delivered,2018-05-17 16:35:48,2018-06-05 00:00:00,2018-06-09 12:32:41
99c16e186af9fb23a995337dcb608b2f,5febfe7752e6697ad455d0cc5d954c53,SP,maua,bed_bath_table,62.0,8.88,70.88,delivered,2018-05-03 15:02:47,2018-05-16 00:00:00,2018-06-07 14:12:47
d153828b4671c4e7f706bf676b05eb67,f156361586024fcb014ac488a52c4a4a,DF,brasilia,industry_commerce_and_business,99.0,38.27,137.27,delivered,2018-05-17 11:12:59,2018-06-06 00:00:00,2018-06-08 15:18:32
cf511b6f35ecd9bc09d2c35ae9d0cfc7,2d62f3a9748197a1e14719249eaaef03,SC,videira,home_appliances,125.25,18.98,144.23,delivered,2018-06-21 19:41:25,2018-07-24 00:00:00,2018-06-30 12:37:42
0276bd1aea24c642af813980281af144,27259fad9054fce994a70f1d117bc402,PE,jatoba,auto,139.0,40.48,179.48,delivered,2017-03-28 19:34:19,2017-05-03 00:00:00,2017-04-19 07:15:22
518cc3d6b4d14d503ee41b6dbe4e1c70,414779003a0c5293d780791c1a7b95bf,PR,matinhos,sports_leisure,468.0,21.38,489.38,delivered,2018-06-13 16:07:45,2018-07-18 00:00:00,2018-06-25 22:05:06
6be224d0725475f57e2f090a937987d9,015fcc1fe9d3319fb41b08e986684598,MG,belo horizonte,home_appliances_2,269.99,47.36,317.35,delivered,2017-06-24 12:58:30,2017-07-21 00:00:00,2017-07-03 15:39:28
4b8a2d2dde058d83b31fa4f3d9ed88d8,0302cb107f96a675ad5ec12fdb72635d,SP,santos,bed_bath_table,69.9,13.51,83.41000000000001,shipped,2017-11-06 22:51:26,2017-11-24 00:00:00,
c99bf9bf2c26094ff4786e6bf919d14c,18721874fc1a8af5a28e2e8525ec39ef,PE,recife,office_furniture,399.0,90.3,489.3,delivered,2018-07-25 14:51:37,2018-08-20 00:00:00,2018-08-08 14:41:46
39088c337dc4bbb9ff7797fcfdeb6f3a,6230c0fe2c8196044a997f62f8983986,PR,curitiba,costruction_tools_garden,72.9,16.48,89.38000000000001,delivered,2018-06-08 20:51:57,2018-06-29 00:00:00,2018-06-18 19:35:49
7ce4e38f4eadd993bb5b2e60bb7f7bec,6803a8540886d35893fd54f75609fd98,TO,palmas,furniture_living_room,179.9,103.12,283.02,delivered,2018-08-08 14:46:45,2018-08-28 00:00:00,2018-08-15 18:55:45
2075dec2fbf09cb75f0bfb8140aaea7a,4e6fa0d442b575bfda947e3a695105a6,SP,jandira,fashion_male_clothing,24.9,7.78,32.68,delivered,2017-09-16 09:05:54,2017-09-29 00:00:00,2017-09-25 17:29:05
bb9a5a9d8a6ff80eabda95e3b78f0a45,b05a0be462115e2c6e1580b127161643,SP,assis,sports_leisure,120.0,15.15,135.15,delivered,2018-07-09 22:59:16,2018-07-24 00:00:00,2018-07-13 21:12:36
ee24e7d976a47cc46be7304fe5654ae9,6392727a45eeb5883dfa0cbca9c9f47b,SP,sumare,watches_gifts,55.0,7.65,62.65,delivered,2018-07-31 09:51:10,2018-08-07 00:00:00,2018-08-02 15:34:52
6d166a44957a119a79b6213272be7841,2a597df7087f2b3032a62b0b142260a3,ES,marataizes,sports_leisure,99.0,18.26,117.26,delivered,2017-08-07 17:34:04,2017-08-29 00:00:00,2017-08-24 15:47:46
77ff15a95ac5dbc2c62ece6326365ad4,f78fce8ebeb162d7a0586d60958983ec,RJ,rio de janeiro,baby,129.0,18.15,147.15,delivered,2017-10-04 01:16:49,2017-10-31 00:00:00,2017-10-11 15:35:35
8372528167731e5a127082e227a47b09,4ef5f95942f142b58998f2bdd52af128,PE,recife,furniture_decor,249.9,70.04,319.94,delivered,2018-07-02 22:52:22,2018-07-26 00:00:00,2018-07-12 21:36:45
e0353eeedba2f065dcb285de34e49f03,bc1fe0dfd08f7ccb85f9ed22f7f4c737,SP,sao paulo,office_furniture,188.9,30.05,218.95000000000002,delivered,2018-06-13 09:32:06,2018-07-13 00:00:00,2018-06-26 01:24:50
a1c5b8eba637b48817627f4713aa7ec6,0f7bfc0d0d65e0925fed86b2049b65ae,RJ,rio de janeiro,health_beauty,89.99,15.39,105.38,delivered,2017-11-29 11:20:40,2017-12-21 00:00:00,2017-12-08 00:38:49
0fec5b52f7f6c1e7b725c742a8bdf7d4,288fa431def32be70113edf2790985ab,SP,sao paulo,construction_tools_construction,121.9,111.38,233.28,delivered,2018-04-15 11:05:16,2018-05-07 00:00:00,2018-04-24 17:28:52
8a01f46a3c2541b03ba737f3c83a7bd1,5e7b4092b484399489b25d10d7b28096,PR,general carneiro,office_furniture,79.99,35.69,115.67999999999999,delivered,2018-03-16 10:14:31,2018-04-25 00:00:00,2018-04-10 15:28:41
55e2d723733c45033e71cb4d44690234,f0e310a6839dce9de1638e0fe5ab282a,ES,vitoria,housewares,69.9,19.73,89.63000000000001,delivered,2017-10-13 07:17:42,2017-11-07 00:00:00,2017-10-27 17:28:05
3f47ec0b2559c907cfd0ba667d4674b3,cdd0d75ebaeda86b5d2e5219938d3248,SP,fernandopolis,watches_gifts,49.0,12.79,61.79,delivered,2018-06-10 19:47:52,2018-06-28 00:00:00,2018-06-18 15:48:58
b19b783be83450d0c4d0b92c5343a528,009062f98089a091615b5c9faa13de26,ES,vila velha,garden_tools,16.17,14.1,30.270000000000003,delivered,2017-09-12 22:53:28,2017-10-02 00:00:00,2017-09-20 20:38:04
225f6489f45108e98290969c71097baf,c12e214793373ab15f1d96e59586f77d,SP,sao joaquim da barra,bed_bath_table,157.0,17.81,174.81,delivered,2017-09-16 20:44:37,2017-10-06 00:00:00,2017-09-25 19:13:49
0494f6deee34c3bcc09e66f364b0e5a4,206b04b38a5dc8404458ec16edeca606,PR,sao jose dos pinhais,baby,47.9,16.32,64.22,delivered,2018-05-17 16:38:18,2018-06-07 00:00:00,2018-05-21 12:57:22
a00ae528eb61acacc2917ce50bf77d65,a1d2ef2819793edd5a0f4f1547769a4a,PI,inhuma,watches_gifts,78.0,34.35,112.35,delivered,2017-12-08 14:21:17,2018-01-10 00:00:00,2018-01-12 22:25:15
1d41a4a86b1079c1c1c71cf212b174ea,13e70df559f696f7207a7aca68585da5,SP,paranapanema,drinks,58.0,13.05,71.05,delivered,2018-02-14 20:29:42,2018-03-06 00:00:00,2018-02-27 18:35:09
31a8ce0b7b4441183401c55a971a7ff4,7a17664f59925be644711637bd72fe83,SC,joinville,watches_gifts,105.0,23.89,128.89,delivered,2018-06-14 11:07:51,2018-07-16 00:00:00,2018-06-27 17:54:09
6bee12a6a1b3bc446b3c061239cd1e23,a076d1b62f4866c974b56b4b30a7d633,SP,monte alto,party_supplies,67.9,14.79,82.69,delivered,2018-06-16 12:51:44,2018-07-05 00:00:00,2018-06-22 19:40:40
f95d91071966bc70023eae0e1750c1fc,f2474ef11461417fe38bd0ff2bef76c9,SP,sao paulo,computers_accessories,84.89,7.94,92.83,delivered,2018-03-21 16:59:36,2018-04-04 00:00:00,2018-03-27 21:36:30
31abfb3d839221bf8dc8165fbd494c2f,4077fcb87fb654d7fcb5c96b649415c4,MG,itabirito,garden_tools,99.99,23.69,123.67999999999999,delivered,2018-07-04 11:05:34,2018-07-24 00:00:00,2018-07-09 10:16:57
05ea901eba2a26661f43478b5c6b02d0,a493e7ed9815ba5cb18de1cbcd24c68b,GO,goiania,furniture_decor,24.9,16.11,41.01,delivered,2017-11-05 19:14:22,2017-11-29 00:00:00,2017-11-17 20:32:53
870939e9577d3981c107477c5a27b7f8,4850bf2ffaae5bc1612b55060a71bb19,RJ,volta redonda,furniture_decor,38.4,16.11,54.51,delivered,2018-03-02 22:46:57,2018-03-22 00:00:00,2018-03-22 19:48:32
cede91ea9b2186e794ef279d9aadd8f5,b197f4af65829575f2f333bd0e9fd204,PE,garanhuns,fashion_shoes,84.9,28.99,113.89,delivered,2017-09-16 13:30:59,2017-10-26 00:00:00,2017-10-14 12:08:08
5b567e97fb4f455c9305e7890ffc45a1,dae32704e0560ef2580ad09cf2d2c0a8,RJ,araruama,bed_bath_table,69.9,16.25,86.15,delivered,2017-10-19 17:41:07,2017-11-10 00:00:00,2017-11-08 20:09:21
49f02b4e9f14707b1cb78c09ecb89ed3,ebff870b5a85780934529cd00766f495,AL,maceio,health_beauty,69.9,24.21,94.11000000000001,delivered,2017-04-25 17:46:45,2017-05-25 00:00:00,2017-05-29 17:27:37
6a4ce4b6c9db497b72fc7446e987ffb7,b2526804c81e5a51b34b26cb316d1174,MG,uberlandia,sports_leisure,43.5,10.96,54.46,delivered,2017-05-03 09:33:59,2017-06-02 00:00:00,2017-05-24 12:14:46
3df2e99994d26322522f7c8221831a80,ddff3935aa38349d99a48babeb9808d6,SP,salto,telephony,189.0,17.76,206.76,delivered,2017-10-24 21:02:58,2017-11-16 00:00:00,2017-10-31 22:16:43
c689c936050f0c8fa39e46f97d99a633,b65978ce502841c86bc033984d247c3f,SP,sao paulo,toys,94.9,10.96,105.86000000000001,processing,2017-05-06 10:06:11,2017-05-29 00:00:00,
a38dda1569202dafdff4060bf32c811e,f0b78d889ed8f051ab7f1006d9d4ab67,BA,salvador,perfumery,44.9,17.06,61.959999999999994,delivered,2018-03-21 12:49:21,2018-04-13 00:00:00,2018-03-31 14:38:34
1fe7851e9b8770f04c394c0d0735fd9f,ddeb3405ab7d02bc7c158c97786046f3,MG,santa luzia,auto,18.4,14.1,32.5,delivered,2017-12-12 15:59:50,2018-01-11 00:00:00,2017-12-19 18:44:53
143f8e1be12f4d99301cec6f0d7a3834,1037ee8f97dd4241edf738269f1c470d,SP,santa cruz do rio pardo,furniture_decor,59.9,11.03,70.92999999999999,delivered,2017-01-24 16:58:46,2017-02-17 00:00:00,2017-02-01 11:59:07
3575f2d00b5591e5462a2fdf78ce6750,fe4e64505d2a68284e44481fece7b807,RJ,nova iguacu,garden_tools,89.99,45.09,135.07999999999998,delivered,2017-11-25 07:43:20,2017-12-21 00:00:00,2017-12-10 19:09:33
17763f2297211e949e3925cfb2d30cdb,97c4e515366dff570902bf8eb583d4c5,GO,goiania,sports_leisure,169.0,19.06,188.06,delivered,2018-03-12 17:24:54,2018-04-02 00:00:00,2018-03-26 14:33:19
be01aa43cde592a2cb281cb5d36359d8,e19b1b527d63a12e9be959cd085a5f13,SP,itupeva,toys,17.99,12.79,30.779999999999998,delivered,2018-05-18 09:24:30,2018-06-04 00:00:00,2018-05-28 20:08:23
0a11e1f5811dda6f2921ea5b87f67475,d22c8aa90255caa03e87cf259292a70a,PE,xexeu,health_beauty,87.5,38.66,126.16,delivered,2018-06-05 20:07:43,2018-07-25 00:00:00,2018-06-14 10:02:09
bbd5320df89920817b0cc073770a9c8f,ca331839495652e51545aff8a5c11908,SP,sao paulo,bed_bath_table,180.99,14.29,195.28,delivered,2018-01-12 16:30:25,2018-02-02 00:00:00,2018-01-18 20:33:02
1a43ac74c38ccf5ab21ec955f1765708,34dd068b0cc573acfa3176f1fdc1c181,SP,paulinia,housewares,14.22,7.78,22.0,delivered,2018-02-12 16:53:27,2018-02-26 00:00:00,2018-02-26 22:09:47
b44c0f4d0cdb8ae7289069d703ca6db8,8ee1cad41a25870e75e7b78230277898,RS,porto alegre,furniture_decor,340.8,49.98,390.78000000000003,delivered,2018-08-02 12:04:50,2018-08-17 00:00:00,2018-08-09 17:08:46
ffea406a848c8afe4dec22bf6290ba00,ffe3e199b9d0b7fb7d2d29a5b9498447,MG,uberlandia,home_construction,146.9,15.2,162.1,delivered,2017-03-15 17:16:36,2017-04-05 00:00:00,2017-04-05 18:48:06
12eaa53ad92b6aee3f8743383164c4e9,e5b9ad454568dad2bd1e128968af4374,SP,bilac,fashion_bags_accessories,24.99,16.05,41.04,delivered,2017-04-26 12:11:30,2017-05-19 00:00:00,2017-05-05 15:43:37
3104bcaa250792a77ce1651711291eaf,f9554a1488503337327a447698972e9b,PR,capitao leonidas marques,garden_tools,34.9,14.52,49.42,delivered,2017-03-10 10:22:09,2017-04-05 00:00:00,2017-03-23 10:51:18
7ef5eac7150ae4458bcfe5e3151a8f1f,80b5ded033acdf0dbbf95d15d1fd1c19,RJ,rio de janeiro,small_appliances,32.9,19.42,52.32,delivered,2018-07-20 11:14:23,2018-08-20 00:00:00,2018-07-25 16:20:37
26398993ea4ace9cdbaa65c00bcaabdc,2035dc425578425047457ca6f2cbe364,MG,salinas,telephony,24.9,15.1,40.0,delivered,2017-11-18 12:19:21,2017-12-12 00:00:00,2017-12-12 17:58:49
0b0809b2b64511c62fb745fb8b465cc9,47368842f3611a911ad776b043394ea1,SP,porto ferreira,garden_tools,33.9,12.9,46.8,delivered,2018-07-01 17:47:38,2018-07-24 00:00:00,2018-07-06 17:22:09
9c0ca649b4269a45a953747ae381d37c,1680c593cfe1d6c798df5bd696544a19,MG,ituiutaba,computers_accessories,79.99,18.66,98.64999999999999,delivered,2018-08-10 20:18:50,2018-08-27 00:00:00,2018-08-16 21:41:07
ab5ff8523a162735e1d5ce37a2e4be76,b91ed4088f3af7c9779ecab3f53d6da0,GO,goiania,small_appliances,69.9,16.68,86.58000000000001,delivered,2018-06-22 09:02:41,2018-07-19 00:00:00,2018-07-05 17:28:52
0dd10699d5b56b4bfc60c02e8ac6533e,f3a5b5d545704098461c7a2f2041e351,SP,atibaia,cool_stuff,119.99,12.04,132.03,delivered,2017-10-15 17:40:59,2017-10-26 00:00:00,2017-10-18 20:41:50
031096cba2ef517ed59888ecb13d69e2,e858e00347cac2f2077fe621c3d37306,RJ,petropolis,toys,159.99,10.13,170.12,delivered,2018-01-11 20:48:11,2018-01-26 00:00:00,2018-01-16 16:33:56
7aad36e062cda02d713d48d1e9d7c005,69c532b12bd5070978227e529bad6f18,SC,rancho queimado,housewares,177.99,14.4,192.39000000000001,delivered,2017-12-01 20:07:31,2017-12-26 00:00:00,2017-12-18 10:47:11
7e47240215d1672082248c49887b245a,f8777c0c5c96632fe9ded01856cb8c82,MG,belo horizonte,furniture_decor,212.33,82.58,294.91,delivered,2017-10-13 14:45:04,2017-11-03 00:00:00,2017-10-24 19:46:11
d5ea2169e37b50c52923ed4e62482bda,12b1526369df5657772deb2c24672625,SP,campinas,telephony,16.9,5.98,22.88,delivered,2017-05-29 14:32:09,2017-06-19 00:00:00,2017-06-02 12:15:18
c374e19bcd2d8e8ea40c216011e8b254,9bf23870370b60c094d0206cc3330d6d,SP,braganca paulista,health_beauty,58.99,11.73,70.72,delivered,2017-11-30 08:58:59,2017-12-19 00:00:00,2017-12-05 12:45:01
30ffc5a11b83f6042cdd649d4ec89e7b,4283d1e6020b9922a8359b48c32dcbfe,MG,visconde do rio branco,toys,54.9,16.14,71.03999999999999,delivered,2017-11-20 20:33:16,2017-12-14 00:00:00,2017-12-06 20:38:21
9858ff80b8f867c868a4c476eda9122b,a4168a1c5920fe8149605a248bc01c0e,RJ,campos dos goytacazes,computers_accessories,34.99,15.1,50.09,delivered,2017-08-16 13:27:32,2017-09-08 00:00:00,2017-08-24 22:04:02
e2eaf909eb6ba881117aa407992a5ffb,a36dfd7f887f03e4818a77b11784236e,SP,sorocaba,office_furniture,86.99,28.23,115.22,delivered,2016-10-05 11:05:52,2016-11-25 00:00:00,2016-11-14 15:03:36
94be3df49130338a06b3ec80bd606771,009dd7b313c04f4ccd9d4e423bc04ba7,MG,poco fundo,furniture_decor,79.98,56.82,136.8,delivered,2018-04-25 07:27:40,2018-05-29 00:00:00,2018-05-17 22:41:38
f180dba4614531e3f5a7cb56b99072e4,48ecd43ce2dccec613c02ebee3a39721,SP,guarulhos,auto,24.9,8.27,33.17,delivered,2017-05-29 09:22:53,2017-06-09 00:00:00,2017-06-19 12:39:38
1b0e1058a094f333948edf16f4248323,78fcdd841410275d44518b6b30b27809,SP,hortolandia,health_beauty,29.9,9.52,39.42,delivered,2018-07-09 19:51:17,2018-07-18 00:00:00,2018-07-12 22:08:46
cf236022e4e2a6dd53ae41f8c87ea653,d4a1d48d6622425b6f5f29172d229e5c,SC,palhoca,housewares,69.0,19.67,88.67,delivered,2018-08-09 19:13:39,2018-08-23 00:00:00,2018-08-13 19:37:57
8cc98854c500c9bea08c5f4be4a4c28f,eb0f4c15143a2b3b219816aa0431b57d,SP,sao paulo,sports_leisure,51.6,12.7,64.3,delivered,2017-12-03 23:49:53,2017-12-27 00:00:00,2017-12-08 00:19:03
b509bd2eac0f3bf788f841a5cb5b69ad,ca2c4eba154785f0287fd609d67dfb9e,DF,brasilia,auto,59.9,17.67,77.57,delivered,2017-08-09 12:29:56,2017-09-04 00:00:00,2017-08-21 20:05:39
21df2b96ea32eb3b985c7c87a398b8d0,f8c35b14155dbda48c971aadbdbc7a27,RS,charqueadas,health_beauty,13.99,15.23,29.22,delivered,2018-07-03 18:26:24,2018-08-01 00:00:00,2018-07-12 22:06:55
eadea18809cd8803f101e64884658ead,285f6cab28390aa73d09933379466406,BA,lauro de freitas,housewares,39.0,16.92,55.92,delivered,2017-12-21 16:39:11,2018-01-22 00:00:00,2018-01-08 20:27:56
60e2fe3a23e71c24f3ab0f648ebd6a8f,3720ce768cc8e7b9a23fcb794ac67179,SP,sao paulo,furniture_decor,91.71,14.81,106.52,delivered,2017-01-25 13:42:49,2017-03-06 00:00:00,2017-02-10 14:05:32
103de323ece563a1012b4b6adf5a81b2,f942774febec601b810cb1987bcb46da,RJ,duque de caxias,watches_gifts,105.0,9.67,114.67,delivered,2018-08-15 21:41:45,2018-08-23 00:00:00,2018-09-03 19:06:55
7df0f938e1ed850fcc16e29882f872f7,8c17fce83254376c3d3cbbea68f116d2,RJ,niteroi,auto,179.49,15.01,194.5,delivered,2017-11-07 16:00:09,2017-11-28 00:00:00,2017-11-17 16:21:35
a1310bb1b602cdcd8aeec03a52c4a286,b8e1f9329cc7905afbbfb0f4d65086ba,SP,sao paulo,watches_gifts,157.0,13.76,170.76,delivered,2018-08-08 19:15:04,2018-08-22 00:00:00,2018-08-14 18:37:52
ce5420f8e3e7e46d19de72c08c690ffc,a48f0610309fb6fa2729bb9743da26db,RJ,rio de janeiro,consoles_games,69.99,14.24,84.22999999999999,delivered,2017-12-17 08:00:11,2018-01-11 00:00:00,2018-01-12 23:47:11
900b219f880b29fe2643dfcf67b73595,d83ddb42bf0cac994be9bd2cc41bbfd1,RJ,rio de janeiro,construction_tools_construction,188.0,17.76,205.76,delivered,2018-01-10 18:49:37,2018-02-16 00:00:00,2018-01-22 22:56:57
2d16a65d064093d387d6b903359976b0,a37506dcffdbfe2a81ba828c5c930d3b,SP,guaruja,stationery,84.9,14.32,99.22,shipped,2017-11-24 15:46:46,2017-12-26 00:00:00,
cbcffd62e7d1e6d26d3a6657731cb96a,c6363b71e580fdd9124c98b2c6fc8b8d,RJ,rio de janeiro,perfumery,38.9,15.1,54.0,delivered,2018-02-26 09:38:37,2018-03-21 00:00:00,2018-04-16 23:55:37
20316f53ea8065f870f90eb423b39b1a,5e8f38a9a1c023f3db718edcf926a2db,BA,feira de santana,watches_gifts,399.0,19.23,418.23,delivered,2017-09-13 16:12:04,2017-10-06 00:00:00,2017-10-06 19:14:59
c3789b2ed8f91ea1e56451bc6387454e,68489f4f90f5c3a61c82f3987df107f3,RJ,niteroi,office_furniture,139.99,28.34,168.33,delivered,2018-02-06 06:18:49,2018-03-20 00:00:00,2018-03-19 15:21:19
aeff7c740480aeb79472427fdcb098ef,12e7e3afbc0f71261a92cb51d42928ac,RJ,niteroi,garden_tools,139.9,16.19,156.09,delivered,2017-04-18 12:08:31,2017-05-18 00:00:00,2017-05-03 15:07:54
e16e5b4572640ddc3de053a9b0f6432b,7350eb1027dc074d9aa8c12d581de324,SP,sao paulo,office_furniture,192.99,37.45,230.44,delivered,2018-03-05 15:34:40,2018-04-02 00:00:00,2018-03-17 00:05:56
e9555dc20eba7e4e62210df1f438ea00,0a02ba4243b1b0e048a3841d5758d113,DF,brasilia,furniture_decor,49.0,22.7,71.7,delivered,2016-10-08 11:33:25,2016-12-06 00:00:00,2016-10-15 13:19:54
37d13d0bfc39d14f3e61c410340c93ae,a50b1120bb17428b4033a6b7df88be30,SP,osasco,electronics,29.9,15.1,45.0,delivered,2017-09-30 14:06:32,2017-11-06 00:00:00,2017-10-10 18:33:24
0943d27820129d9446a32ca20cf9bee1,70f0fca2435f0fa72fe85699630791fc,PR,cafelandia,housewares,48.0,24.84,72.84,delivered,2017-02-09 11:01:14,2017-04-03 00:00:00,2017-03-02 11:24:05
1221c36a98cc5135bd2a4933f8512c47,23bbb44e4c2419e01487ce84589e5fbf,RS,porto alegre,sports_leisure,54.9,18.66,73.56,delivered,2017-03-09 16:02:27,2017-03-30 00:00:00,2017-03-22 15:36:19
0611a79fca63467aea19ba6f75536058,ab654ea423caf4fd8644891d185c3fc9,SP,praia grande,watches_gifts,39.0,7.78,46.78,delivered,2017-07-10 11:49:42,2017-07-21 00:00:00,2017-07-11 20:32:30
909d3b2480dfb32ec3a81fb0e9a69627,5ebf36a0459a0403b8f6576b2a241e33,MG,teofilo otoni,bed_bath_table,69.9,17.74,87.64,delivered,2017-07-19 14:38:39,2017-08-14 00:00:00,2017-07-28 19:53:32
64994605d8b781cada123b1d5c06d637,b8ca31bf64904983bb13bb1b7eb87d35,MG,nova lima,health_beauty,49.9,15.45,65.35,delivered,2018-08-07 19:13:25,2018-08-24 00:00:00,2018-08-16 20:46:37
9490f95bd06a2f4597126939a670b02e,584346d237bc1c383739317dc24ea75f,RJ,nova iguacu,pet_shop,105.0,18.54,123.53999999999999,delivered,2018-08-09 14:59:56,2018-08-23 00:00:00,2018-08-24 17:20:11
fd6c0796eedfbda82950ee1f3255f0a3,f2781bbea4c9d6396a0e1b080f69aaa9,SC,forquilhinha,sports_leisure,191.0,27.66,218.66,delivered,2017-08-17 21:24:17,2017-09-11 00:00:00,2017-09-01 11:17:56
415a141f4a7002a9415cdb40ded310a8,318a8173e6ffb6811284913d9e25bae9,SP,sao paulo,watches_gifts,59.99,14.17,74.16,delivered,2018-01-15 17:24:30,2018-02-06 00:00:00,2018-01-26 14:42:28
20e9f3d5d268869b86ccb6c13fec2dd0,8f78bd5916f952539da6bb8bf1b8fcd3,RJ,rio de janeiro,furniture_bedroom,185.0,45.75,230.75,delivered,2018-03-05 12:16:37,2018-04-20 00:00:00,2018-03-29 17:54:28
58883d4d88a7a9be12c7343ecf8dcea5,9ac2c22b502f80d13ca11b680111df90,CE,caucaia,housewares,686.21,53.82,740.0300000000001,delivered,2018-01-17 10:22:35,2018-03-08 00:00:00,2018-02-09 23:12:58
d3ba9cc2ed6bfcb179c9d654974de7f7,af188f400ae2502dd8afc8730dd52717,SP,americana,food,9.99,16.32,26.310000000000002,delivered,2018-07-22 22:54:11,2018-08-13 00:00:00,2018-07-27 20:02:11
bfbd0f9bdef84302105ad712db648a6c,830d5b7aaa3b6f1e9ad63703bec97d23,SP,sao joaquim da barra,health_beauty,44.99,2.83,47.82,delivered,2016-09-15 12:16:38,2016-10-04 00:00:00,2016-11-09 07:47:38
a8f6d89fa954e7d94c69fd13b6a71327,1cebf1f65b1a8b783b7d93b2c187216c,SP,sao jose do rio preto,housewares,134.9,27.8,162.70000000000002,delivered,2018-05-03 01:31:49,2018-05-24 00:00:00,2018-05-11 16:35:36
ccdaeca68b811a6b26f8b666df809c43,5a4a5f760f4e24691ad78a7f84bbe608,PA,tucurui,computers_accessories,65.9,24.95,90.85000000000001,delivered,2017-02-24 12:15:41,2017-03-31 00:00:00,2017-03-17 11:33:01
188c13d1aa80d3a7ffc208eb983bf267,ac44b758896654d4fb93117b6ee19d00,SP,pereira barreto,health_beauty,550.0,64.21,614.21,delivered,2017-04-29 15:47:24,2017-06-01 00:00:00,2017-05-15 15:44:39
7ece841b35eb37fd53c5ddf9ce85b1aa,328685e0fb890223f3ab37351a0f33e1,SP,sao paulo,luggage_accessories,35.94,13.59,49.53,delivered,2018-08-23 08:25:55,2018-09-03 00:00:00,2018-08-29 20:18:49
743a2890a6d3f095530d9de1966c7434,e6e21c3b8265e97f9453d417ac4db6cc,SP,ilhabela,furniture_decor,42.0,18.39,60.39,delivered,2018-07-18 15:10:18,2018-08-06 00:00:00,2018-07-23 14:47:36
23d16dddab46fd3d06e8d9d27ffea3f5,042a39e49fdded8c64481a2accbabd44,RJ,rio de janeiro,consoles_games,109.99,14.52,124.50999999999999,delivered,2018-01-25 21:49:14,2018-02-19 00:00:00,2018-02-19 19:38:33
2fab8b6042a5dc17a01cbca94aa6e055,2e1bf660b0cffaebcac0e951afa2c12d,SP,sao paulo,health_beauty,69.5,13.15,82.65,delivered,2018-07-04 14:56:02,2018-07-27 00:00:00,2018-07-13 10:46:55
cef5090298d950b6fb6f220e7e1fc9d5,c5fadbf2139a45a404f1ecbf1e61dca6,RJ,rio de janeiro,bed_bath_table,114.9,23.38,138.28,delivered,2018-05-06 18:33:51,2018-06-18 00:00:00,2018-05-18 18:51:57
c37a9a364fe07bc26ad03f0b4f306aa1,03cf4e12f6dbafaa98d8db759e2f5d45,MG,belo horizonte,construction_tools_lights,228.0,19.99,247.99,delivered,2018-07-30 22:26:01,2018-09-03 00:00:00,2018-08-07 15:12:37
bdf3a71389d2bde7d62c2808d6034403,8445cabde6891268c2c444bf7fda0c8f,SP,jacarei,health_beauty,93.5,12.15,105.65,delivered,2018-01-02 14:55:08,2018-01-24 00:00:00,2018-01-10 16:04:07
5ba8500dac4dd5b631b8a82bce2400c4,fca35a08a91d4a9254cc99889fc3d9c5,MG,belo horizonte,health_beauty,35.9,11.74,47.64,delivered,2018-06-18 22:47:01,2018-06-28 00:00:00,2018-06-21 18:50:58
b6713a6dc00fb0473d12bd8b08a88cd0,4b2f5146918f691e0e1a7204b9cf8248,SP,guaruja,construction_tools_construction,35.9,2.96,38.86,delivered,2017-10-31 17:54:25,2017-11-14 00:00:00,2017-11-13 14:04:53
fab4815807a6e4f6e958e70eda5608bd,8571902aed25da9414ad2d7d07b15beb,SP,sao paulo,sports_leisure,43.0,8.04,51.04,delivered,2018-08-15 17:17:41,2018-08-24 00:00:00,2018-08-20 18:34:50
f96ae3b7b3fa4a0b2644a183d6cb620d,367804e9c1dfed544cbf1a457f88fe84,PE,olinda,auto,143.8,40.52,184.32000000000002,delivered,2017-02-07 17:12:52,2017-03-20 00:00:00,2017-03-03 11:45:40
d1841aabfefc61ddc63d1113e5f766e8,61ea375c4d036fb429f0010759a2d448,SP,sao paulo,baby,26.1,8.29,34.39,delivered,2018-06-10 18:39:02,2018-06-26 00:00:00,2018-06-12 15:32:13
983416e50ec1adc19bffa333e3dc5bdd,249edbea73721545a4705796bb38f128,SP,sao paulo,auto,19.99,7.4,27.39,delivered,2018-08-01 19:19:09,2018-08-13 00:00:00,2018-08-07 21:13:53
1384e3bb7bc8ba5a462fa5845a062927,47dbd7199cc9b1133961053575b4e82a,SP,itapecerica da serra,unknown,27.89,9.27,37.16,delivered,2017-08-07 07:10:14,2017-08-18 00:00:00,2017-08-10 17:42:10
fa752aebeda0a3f9a2626bc507550c3f,fa094305fdb6062436c99adba7d53dde,GO,goiania,costruction_tools_tools,1099.0,34.64,1133.64,delivered,2018-07-17 13:27:40,2018-08-07 00:00:00,2018-07-26 17:51:54
e8b4a4b281582a6ea90afb7a0e7a0eb9,024c233620ca87fef1d3f281e8123142,DF,brasilia,health_beauty,90.0,11.72,101.72,delivered,2018-05-22 17:57:02,2018-05-30 00:00:00,2018-05-24 15:05:41
4845232ae57f7a4425c4a12adfa8cd06,5a87cdfb4b05852cbb63bce4ee13636c,RS,porto alegre,bed_bath_table,99.9,16.95,116.85000000000001,delivered,2017-11-27 11:09:04,2017-12-26 00:00:00,2017-12-18 21:38:56
5210b81b464dc0a92a977632cb6e8a6e,b7b162291adff744d6f3c6450557ffee,SC,petrolandia,bed_bath_table,120.9,18.1,139.0,delivered,2017-07-23 15:56:36,2017-08-29 00:00:00,2017-08-14 15:36:31
d8315a97f7666b5ec33f0f34dabc7856,760aa83faf9321a80f455369d7339a0a,SC,indaial,health_beauty,42.9,21.18,64.08,delivered,2017-07-01 02:53:19,2017-07-31 00:00:00,2017-07-10 17:12:24
995daf9c525344acfdbc27f4da55f205,0d54cf0e84332401cb2d14f9822eaec9,BA,salvador,electronics,25.9,34.15,60.05,delivered,2017-12-15 00:59:42,2018-01-17 00:00:00,2018-01-06 00:26:42
281ed84706b4bd965fcc7e842394aaa4,864a9493c7875925d546900dbba7e64a,ES,serra,auto,108.9,10.92,119.82000000000001,delivered,2018-05-14 12:24:03,2018-05-30 00:00:00,2018-05-30 20:20:55
69adad596ce64d77dd2a23f85ce3aa98,342b3688cdd90937ef04134ad81f9cd8,RJ,rio de janeiro,cool_stuff,88.9,17.55,106.45,delivered,2018-07-20 19:54:26,2018-08-28 00:00:00,2018-07-31 16:08:49
3409538db935345d2d9bf4e77cd2a5d3,843807484a792fd1c8623490e3d9f36f,PB,bananeiras,computers_accessories,72.9,51.23,124.13,delivered,2018-07-27 22:07:59,2018-08-23 00:00:00,2018-08-27 18:12:42
e95356181d857128f9a0eb779ad36381,be3da9bbea9a6bf0178db88886b71993,SP,sao caetano do sul,consoles_games,19.9,11.85,31.75,delivered,2017-08-17 14:04:00,2017-09-06 00:00:00,2017-08-24 21:25:54
82c408d476f29fe82b7c1f9daec2bafa,1e754927d4fb748a6a1f8fd811550fb8,RJ,rio de janeiro,sports_leisure,139.9,15.73,155.63,delivered,2017-09-16 18:53:55,2017-10-05 00:00:00,2017-10-02 17:43:26
b65d2760746d1872f57f872c7c881c4c,aa35650a86af4216f8a8a5c90339bdd7,RS,girua,bed_bath_table,69.9,22.42,92.32000000000001,delivered,2017-03-05 23:21:34,2017-04-04 00:00:00,2017-03-20 07:06:08
41c51367243707ec4b1cf8baae5de951,25e9454dd5930eccaa4f0e01ea3a7f49,PR,curitiba,bed_bath_table,53.2,4.74,57.940000000000005,delivered,2018-07-27 13:11:52,2018-08-15 00:00:00,2018-07-31 22:48:55
26285799693768c960e1c2c70e017654,8c39d11226fe6e71cbf5f11484c15ccc,PR,quatro barras,furniture_decor,39.9,14.1,54.0,delivered,2017-09-27 18:47:40,2017-10-25 00:00:00,2017-10-09 21:57:50
32ee8636a1273b8d63c0bcedaba76ff0,51f643617ed8c8731ddc5ac12ab06b01,RS,encantado,perfumery,155.0,16.85,171.85,delivered,2017-12-19 23:35:40,2018-01-24 00:00:00,2018-01-02 16:47:08
ed8b39ca40c2b2464abdf8e7772ace64,5cdeb69fe5e09fcc0ba4e4c8cbfb000e,BA,tabocas do brejo velho,telephony,19.99,20.8,40.79,delivered,2017-04-17 06:27:39,2017-05-18 00:00:00,2017-05-05 10:14:49
d80f284c3b6c572dbefb068c5c0d296d,557d1ffc91635245cdd59cd96dbfe886,CE,fortaleza,watches_gifts,168.9,18.46,187.36,delivered,2017-12-06 20:56:22,2018-01-08 00:00:00,2018-01-06 18:18:57
39a14db0962dfaf89800218567a80c1f,e634ac680766d7eb343a20755e56fdfb,SP,santo andre,cool_stuff,64.9,26.77,91.67,delivered,2017-07-16 15:55:42,2017-08-08 00:00:00,2017-08-11 18:13:22
959d645c348f4b237daaec697cef73c4,d2a152f163ce22a719a37862e8df2a46,SP,sao paulo,housewares,89.99,16.9,106.88999999999999,delivered,2018-07-29 19:16:09,2018-08-06 00:00:00,2018-08-01 23:38:27
074a6843b445107d87cbfaa88e2e642f,39e5c3959933167d14a989edd3b125a1,SP,valparaiso,housewares,28.9,12.86,41.76,delivered,2018-07-22 14:13:44,2018-08-06 00:00:00,2018-07-30 23:51:37
a041744e93df801b846b46ba92edbe04,a00e0a3b162f9b407172ffd674477ce7,PR,curitiba,garden_tools,59.0,17.66,76.66,delivered,2017-12-13 12:13:49,2018-01-11 00:00:00,2017-12-22 12:58:08
5feed08e8f66735ba71592e68d15a602,cfe31dd0d736bb373e0cf91c58dbafbd,SP,sao bernardo do campo,health_beauty,89.9,15.39,105.29,delivered,2017-10-29 15:23:08,2017-11-17 00:00:00,2017-11-03 14:32:30
0fee1078d20817986a6a94360d415a37,7f94443aaca299f1234b9618d3f5805b,MG,santos dumont,housewares,21.0,19.32,40.32,delivered,2018-03-14 15:34:58,2018-04-12 00:00:00,2018-04-11 17:03:11
9dd9eb1d7c035198b06f1775e0711a59,6862d03f05e92945f47da75b216cd955,SP,rio claro,health_beauty,32.9,7.49,40.39,delivered,2018-07-07 16:39:15,2018-07-19 00:00:00,2018-07-11 23:06:39
87e628a37d874ec67e4573f102c4c4ac,366f58e52fd16bcd985e4bbce15405bf,RJ,rio de janeiro,watches_gifts,829.99,20.57,850.5600000000001,delivered,2017-07-16 15:14:08,2017-08-08 00:00:00,2017-07-21 21:32:48
15afbf609dd4b962f2ed68c5087be876,dad9f89f7c208c05e6ba051d344bcd5c,SP,sao paulo,health_beauty,119.99,29.87,149.85999999999999,delivered,2018-05-04 16:13:34,2018-05-28 00:00:00,2018-05-21 14:42:22
9814faa42d794c0595af95705ab9c7a4,ace8151b75116413fb94d215def27c68,RJ,rio de janeiro,telephony,25.9,14.1,40.0,delivered,2017-12-14 12:18:48,2018-01-09 00:00:00,2018-01-22 19:36:35
883a45f636d1eb15ebedd842b99fa364,7f83faa7e0d4c4d40da81805e4565a74,SP,cunha,computers_accessories,144.99,15.18,160.17000000000002,delivered,2017-04-26 20:33:45,2017-05-26 00:00:00,2017-05-09 10:02:59
d533465bbc7613d13d848d9ca34c2a21,e3b87649c553980983b892f6511f48f9,RJ,nova friburgo,computers_accessories,19.0,15.1,34.1,delivered,2017-11-28 18:15:03,2017-12-20 00:00:00,2017-12-07 17:54:12
e73da43c03f39b4077ad8fc326cf6f4b,2b98b76dd6715585e32d0eb935e78a48,SP,sao paulo,housewares,17.37,8.88,26.25,delivered,2018-05-09 14:44:58,2018-05-21 00:00:00,2018-05-15 16:35:18
bdc50bb13e6d041fb5d868ec076072b6,23873697bb91ccf9a51ef84f375e8590,SP,santos,consoles_games,49.99,15.1,65.09,delivered,2017-08-30 01:11:47,2017-09-19 00:00:00,2017-09-11 18:06:53
5622ad01924109b081d3f0f7fdd45f71,f8bafce27bef77e21b560a20644ab4f2,SP,hortolandia,fashion_bags_accessories,69.99,11.1,81.08999999999999,delivered,2017-03-31 10:53:45,2017-05-04 00:00:00,2017-06-14 13:06:39
c6d494c8b8f23ab293d35084ce4babd1,649fbe95aeab656f55e55444dd3f1453,PR,curitiba,cool_stuff,48.9,17.06,65.96,delivered,2018-04-26 12:09:44,2018-05-25 00:00:00,2018-05-14 14:58:49
db67f190728e6864bcd380d96236677f,a1de09e1d68d100d7e79b415b8c60cb1,RJ,niteroi,computers_accessories,179.5,17.02,196.52,delivered,2017-10-25 11:54:30,2017-11-14 00:00:00,2017-11-08 21:23:50
92adde32a6e8a93d08501e1ac7f2e51b,e7cc9d71dc088f4dc3100b25e50d7ec9,SP,santana de parnaiba,sports_leisure,49.0,15.11,64.11,delivered,2017-11-24 11:34:27,2017-12-14 00:00:00,2017-12-04 15:18:37
44e5526a372b341ea535cb50b86eb7f1,4ce20883725ceba8e7521b8948fe6627,SP,itapecerica da serra,sports_leisure,145.0,9.83,154.83,delivered,2017-12-23 18:43:15,2018-01-15 00:00:00,2018-01-04 16:04:38
77ed87f3ac41afc8135ce7cf831691d5,76f0e78bdfd54fe1902260715d2428e9,SP,sao pedro,housewares,62.9,13.8,76.7,delivered,2018-04-11 17:49:01,2018-04-27 00:00:00,2018-04-25 01:36:20
642bbe453ce83b61eda0dcb53d3339d8,52c586a7cf9d4de22c74e5aefc140478,RJ,rio de janeiro,housewares,25.0,7.94,32.94,delivered,2017-08-30 18:01:21,2017-09-18 00:00:00,2017-09-04 10:36:03
41e47610109145bc25aeee4c9fa9f9ac,765c789b0011dd6fd9e0eacdaa213dca,MG,caratinga,computers_accessories,31.9,12.48,44.379999999999995,delivered,2018-03-04 22:30:57,2018-03-29 00:00:00,2018-03-26 19:58:52
c9971f16f56a5775573b08549b2621fb,5650c85bcdef051d8bc16e0771747686,SP,marilia,bed_bath_table,56.99,12.74,69.73,delivered,2017-12-11 17:06:48,2018-01-04 00:00:00,2017-12-17 12:33:17
663830a477534735bbdec9de01113fa2,fe22f09401a6af700ab66fac2edbea15,SP,sao paulo,electronics,24.9,13.51,38.41,delivered,2018-07-15 12:37:12,2018-08-13 00:00:00,2018-07-23 23:56:47
6ac15d09391be5079d870678df7a2034,e76fbead5c0b02dd49dd3f39b041a3da,RS,rio grande,perfumery,144.0,18.85,162.85,delivered,2018-04-27 17:22:08,2018-05-30 00:00:00,2018-05-04 16:19:18
e9240e3e8bd5fbca3e55e993b597b512,5fc17f3ffba812809219ca7f8b2e5be1,RS,tres cachoeiras,furniture_decor,14.33,18.23,32.56,delivered,2018-06-18 15:51:10,2018-07-20 00:00:00,2018-06-25 14:05:39
60550020e1d493392c427942b5ddb37d,f21b205103d577b9f70d53cb1ae85f86,MT,sinop,bed_bath_table,79.9,23.49,103.39,delivered,2018-04-24 20:17:34,2018-05-25 00:00:00,2018-05-14 19:24:43
6bbc91e028da6d54999b583c9be6e413,8201f0d0cd279f26987cf0df3b72f266,MG,araxa,fashion_bags_accessories,29.9,17.97,47.87,delivered,2018-01-11 17:07:50,2018-02-02 00:00:00,2018-01-26 20:21:25
fae572411cb121810698d2fff3251754,1952b14ea407966b4436bb4c1a58ecb1,GO,goiania,stationery,49.9,15.23,65.13,delivered,2018-03-12 20:57:39,2018-04-02 00:00:00,2018-03-30 00:21:10
053245dc8f6f668c40923c3aedcd384e,830e6d22ba593f1679ea0692f0357604,MG,ituiutaba,sports_leisure,17.55,24.04,41.59,shipped,2017-06-06 19:09:17,2017-07-17 00:00:00,
6be749c0e984143242faa174d084889f,6a0a549e7d20a02c112dc6be0c395a51,PE,calcado,telephony,199.0,24.54,223.54,delivered,2018-08-10 08:35:14,2018-08-27 00:00:00,2018-08-20 22:03:36
7ed696782f4472458c5f1fc95bf5d6ed,2cf396c9e24e7627ff042cccb209b9e6,SP,irape,baby,159.99,32.15,192.14000000000001,delivered,2017-09-18 23:34:58,2017-10-04 00:00:00,2017-10-02 11:07:46
ed63e82cc089fa6625b919b6533ff7bc,f5dd55175349083073fe1321c976542d,SP,sao bernardo do campo,auto,179.49,9.45,188.94,delivered,2017-11-22 09:16:35,2017-12-04 00:00:00,2017-11-23 21:49:43
03f2f876bfee9ea9a502ec0d8a664e4c,028296541bfb0fe84ab460804e4c0dce,SP,sao paulo,bed_bath_table,79.9,9.77,89.67,delivered,2017-11-29 19:35:55,2017-12-15 00:00:00,2017-12-01 15:34:41
d1eb8e4e276a4eea13a5c462c0765e60,f99053da7416fd6d626451cd49e44e0f,BA,eunapolis,telephony,19.99,20.8,40.79,delivered,2016-10-04 19:30:28,2016-12-06 00:00:00,2016-10-13 03:10:34
b012f20bfa8d71028da47251f0201d6d,54b1e10e822b9b303d8ef8845cc3901d,SP,sao paulo,health_beauty,18.5,8.29,26.79,delivered,2018-03-26 11:53:31,2018-04-06 00:00:00,2018-03-28 10:29:01
91046b977c00091c0ee45b2e2478120b,e9f17bb2bba35ecdd7e1053edaa5df54,RS,tapejara,housewares,63.72,23.03,86.75,delivered,2018-06-06 17:50:44,2018-07-17 00:00:00,2018-06-18 17:56:31
79e6c42fdba43c9005ec3407a878e1b5,e34759a74542ebac6726b4d02394fe02,RJ,rio de janeiro,computers_accessories,149.0,40.37,189.37,delivered,2018-02-22 11:22:00,2018-03-19 00:00:00,2018-02-26 14:54:42
f5d8546541a4875d1b5702fa3a24711a,e246473a236ca29747182e7986dbdb7a,SP,guarulhos,computers_accessories,278.0,19.2,297.2,delivered,2017-09-18 15:10:32,2017-10-05 00:00:00,2017-09-26 13:46:44
e877a1c6d322958919dfd00c07fb8e56,abe6774d11bbd8d320e68ca0f6175975,SP,guarulhos,bed_bath_table,205.0,15.04,220.04,delivered,2017-07-13 16:29:20,2017-07-28 00:00:00,2017-07-18 18:27:57
21cd0176d6da15971444fa43f4e02137,dc0556654f5f144771f6121157b46b24,SP,araras,housewares,62.9,8.88,71.78,delivered,2018-03-18 20:26:08,2018-03-29 00:00:00,2018-03-22 22:18:30
d170469f4f06bfcbc0b1c5f726d55920,3e0d3081398ca23a7922c49d05e49106,SP,sao paulo,drinks,11.0,7.87,18.87,delivered,2018-05-16 21:20:12,2018-05-28 00:00:00,2018-05-21 21:33:46
ddbbf91a5dc91f4757ad2ed77ab9616b,02ba7b822bc05258fc0b790a1a54bc36,SP,guarulhos,electronics,12.9,7.39,20.29,delivered,2018-07-01 16:48:22,2018-07-16 00:00:00,2018-07-03 21:21:21
2fbff46c3474e8a16920d32aa242865b,300645872e088bfc3c78b788d84b1085,BA,paulo afonso,office_furniture,114.94,21.58,136.51999999999998,delivered,2017-11-14 20:43:11,2017-12-18 00:00:00,2017-12-11 22:09:24
4a29a61983d3ffb4f13646aa9ee9aab6,4e3536ded5308f26f44ce136683fb755,MG,ituiutaba,computers_accessories,31.9,13.47,45.37,delivered,2018-03-10 14:41:12,2018-04-06 00:00:00,2018-03-29 20:13:04
a8fee5f264541f904519912b305d0bf6,7a4162f7e0c7e245c68f36ccad93afa2,SP,mongagua,telephony,24.99,15.35,40.339999999999996,delivered,2018-04-23 09:31:12,2018-05-16 00:00:00,2018-04-26 16:56:50
0d3a8a92f8bf8e1824f9460268920966,aa1890997269ece86f66446fb5e66c71,SP,sao paulo,telephony,24.99,7.78,32.769999999999996,delivered,2017-11-27 12:32:41,2017-12-11 00:00:00,2017-12-04 14:12:04
1a949e19da7e100bd8220d2b47db7eec,fd058656c5305071fa1a225f4afaa832,RJ,teresopolis,health_beauty,143.99,15.76,159.75,delivered,2017-11-21 16:34:39,2017-12-08 00:00:00,2017-12-04 21:26:52
37193e64eb9a46b7f3197762f242b20a,b33336f46234b24a613ad9064d13106d,SP,sao paulo,auto,3.5,7.39,10.89,delivered,2018-06-21 20:29:25,2018-07-12 00:00:00,2018-07-04 14:04:53
0ee0bf166bf18f991a111ecfe817c951,a0aca7b3db05546e683192165316eff7,SP,campinas,toys,739.9,21.92,761.8199999999999,delivered,2017-03-11 07:26:17,2017-04-03 00:00:00,2017-03-20 10:58:28
17ade9a25d129b033c406e6d31b31a85,6cdd0df4d0215b2ff3385e7c0a1abd2a,SP,sao roque,furniture_decor,40.0,14.52,54.519999999999996,delivered,2017-03-03 08:55:57,2017-03-24 00:00:00,2017-03-22 04:27:45
2ad2d3393253922f6f46941e23089bf0,09b0eb53e09f29ad6a59aee993efc3af,RS,porto alegre,housewares,95.9,23.47,119.37,delivered,2018-08-15 14:04:01,2018-09-04 00:00:00,2018-08-28 03:33:26
cb12723b588f7153304564e192985477,cff05796c7ae76babed6402b0165f6b2,SP,ituverava,watches_gifts,597.0,16.84,613.84,delivered,2018-06-25 15:29:36,2018-07-17 00:00:00,2018-06-29 16:22:38
2c147afbdc4abf206bb061dbadef515a,f2d37aeb6592f80698dd460082e28017,SP,santos,housewares,165.0,27.23,192.23,delivered,2018-03-24 08:12:51,2018-04-17 00:00:00,2018-04-09 21:37:46
8bee87d19d77da4782190d630e85e980,391a0503fb6a687f6100a2b45e7dbb1f,MG,itabirito,health_beauty,349.9,27.13,377.03,delivered,2018-03-15 20:59:23,2018-04-18 00:00:00,2018-04-03 13:51:49
45ece9d703e8c043b9e825c88a00c561,e32483365c524c4beb41dfc34b8c4d3e,RJ,rio de janeiro,home_construction,15.18,10.53,25.71,delivered,2017-03-07 13:38:52,2017-03-24 00:00:00,2017-03-17 09:11:59
6ad99bac95eceb8ee72b78585c5baf88,274e020b02c4a265e3914958cce9f8d0,SC,joinville,furniture_decor,169.0,34.54,203.54,delivered,2017-07-18 18:47:12,2017-08-16 00:00:00,2017-07-28 15:14:02
f3468d6a2c7586711e9952242898aad4,898c64f6f6832078c1ea7f006ad3a54f,RS,candido godoi,housewares,150.0,17.64,167.64,delivered,2018-05-15 20:33:55,2018-06-11 00:00:00,2018-05-22 17:48:47
f744a90daf064199b23ec905bcd31a97,592891bfd137d0161b5209a387a4e9cb,RJ,rio de janeiro,bed_bath_table,89.9,14.8,104.7,delivered,2017-03-20 14:36:29,2017-04-11 00:00:00,2017-03-29 16:38:09
19f9ab36cda8d833cc1ea61fa046030d,8e7c51c145cb77c82c1cc203dd683390,RJ,rio de janeiro,computers_accessories,217.91,17.24,235.15,delivered,2017-05-25 16:09:40,2017-06-19 00:00:00,2017-06-05 12:50:07
c396df58ede55fc38761c0382b3bc791,ce3cf3ac5e131ddb0c0949c86fc73ffb,MA,sao luis,garden_tools,59.0,37.96,96.96000000000001,delivered,2017-12-14 09:05:11,2018-01-12 00:00:00,2018-01-06 18:59:43
dcd19a1d42b2e3ad39cf3d5ee0fb7ddb,e2eb3273ec3fcb6caf6f98e069c2ab54,MT,sinop,baby,90.0,13.78,103.78,delivered,2018-02-18 20:25:04,2018-03-09 00:00:00,2018-03-02 19:04:21
5ca62592256e82604cb922a22fd3b69b,c821bb6c7c423a6ae911b4e2789d7f7d,MA,sao luis,perfumery,179.0,22.05,201.05,delivered,2017-05-25 22:26:45,2017-06-30 00:00:00,2017-06-18 09:34:38
4f405b650a39270ace3d575d308884d4,210027da3c19d3fb87969b633244f1d8,MA,sao luis,garden_tools,49.9,37.9,87.8,delivered,2018-01-10 13:24:02,2018-02-05 00:00:00,2018-01-24 21:29:11
4993ec7b7fc38f8d4f61f8c90c1a9510,0a3e3738a99c4594572156496d5e7cff,RS,sao leopoldo,cool_stuff,219.99,15.29,235.28,delivered,2017-05-26 16:42:34,2017-06-22 00:00:00,2017-06-01 11:47:49
77e5da65e4012cf642b5c84559cad7a2,22512529ecd6f405d4f82b88f3104ff7,SP,guarulhos,telephony,21.99,7.78,29.77,delivered,2017-10-24 18:46:36,2017-11-06 00:00:00,2017-10-26 12:57:47
4d9ec9c5440b083e87ee872dec1b32fb,e47e3ecbe9ae12ecbfc5651bd62d7733,RJ,rio de janeiro,bed_bath_table,99.9,17.95,117.85000000000001,delivered,2017-12-04 15:08:11,2017-12-28 00:00:00,2017-12-27 19:24:37
c057007d38fa1eb53e9eaf0602830467,5ab0302ed9544817776a78a8fffb46bb,SP,sao paulo,watches_gifts,49.0,7.78,56.78,delivered,2017-09-15 13:10:59,2017-09-27 00:00:00,2017-09-19 20:40:18
0653c5290cf561492eae4f626799994d,bd8018ad6e122daa06e9a5abf75b8af2,SP,sao paulo,bed_bath_table,148.0,14.64,162.64,delivered,2017-09-19 17:48:28,2017-10-03 00:00:00,2017-09-22 14:27:48
1fba59812d94723a89e83c562c775750,54a0165f9428fc2e49fbbd58ab8b1548,SP,sao paulo,furniture_decor,99.9,22.0,121.9,delivered,2018-06-21 14:06:14,2018-07-18 00:00:00,2018-06-27 14:28:48
e0889e0656d981add4b6c940b595193a,83bcfeb972ccaa57c18425b7e67ff5b5,SP,sao paulo,sports_leisure,69.99,9.24,79.22999999999999,delivered,2018-08-13 16:15:03,2018-08-16 00:00:00,2018-08-15 11:18:46
fea86937707c29983d56d5ae7511a417,08aaa460d54b5eabcb6e8189140b97ad,MG,lavras,housewares,149.9,18.3,168.20000000000002,delivered,2017-06-23 23:33:03,2017-07-17 00:00:00,2017-07-03 15:47:56
4cd679aec789b6915d7dc7e648d2489e,4ee121a25d26dbab9ba119099bea2f82,RJ,rio de janeiro,bed_bath_table,29.97,15.31,45.28,delivered,2018-07-19 12:11:06,2018-08-16 00:00:00,2018-07-25 16:40:37
61a9adbc73db5e5c33e5d6d528f8846e,cd8778eec8cc64ac257d4f1e882da7d8,SP,sao paulo,bed_bath_table,49.95,11.85,61.800000000000004,delivered,2017-07-19 11:57:10,2017-08-11 00:00:00,2017-08-01 15:48:01
a27f62a78cf61c0b88a3897a2e5cd8a6,3b718dafac17bbd4d4b6a6161d75f179,SP,sao paulo,sports_leisure,65.0,15.2,80.2,delivered,2017-06-15 01:06:46,2017-07-11 00:00:00,2017-06-23 10:13:39
58a1b2dbc870bdafa3abfced8d5d9cc5,3ed84f9d7541a88f7b9b40c4be87ca7d,SP,sao paulo,bed_bath_table,53.9,19.35,73.25,delivered,2018-05-29 09:50:51,2018-07-12 00:00:00,2018-06-11 16:38:48
ec5865f7945e691793bc68e066c837fc,83915016a26b0ca42e3caf1070664d1f,SP,pindamonhangaba,housewares,18.8,12.79,31.59,delivered,2018-08-09 00:07:36,2018-08-20 00:00:00,2018-08-14 23:12:04
1400e725c796d32460308a3f47add549,a575f8966a860979de35d63cbb90d9e2,ES,serra,luggage_accessories,299.9,17.54,317.44,delivered,2018-01-17 11:23:48,2018-02-14 00:00:00,2018-02-02 19:14:53
b8d8f5e99979f7cbf541344ae12c8cf4,c6bc2bf4b75f3f9da5ce95971a2f463b,AC,rio branco,health_beauty,527.9,63.98,591.88,delivered,2018-07-29 21:05:16,2018-09-20 00:00:00,2018-08-15 17:07:32
6d124ae5d617f5ddf8eee412524850c0,d682fe4612915c050609d077c3dd2463,RJ,sao goncalo,office_furniture,79.99,39.95,119.94,delivered,2018-03-29 23:56:38,2018-05-07 00:00:00,2018-04-18 15:37:30
757c03a0d7aec28457ee8d2e73c84836,225072375ed1407936f0c909b5e7157b,SP,ubatuba,bed_bath_table,13.99,12.79,26.78,delivered,2018-05-22 10:18:52,2018-06-08 00:00:00,2018-06-06 00:07:00
b4578b55341912d52f9d1a141ba9e440,874f552ab63ed512218f0fd16bf25801,SP,sao paulo,health_beauty,34.99,7.78,42.77,delivered,2017-09-14 11:46:56,2017-09-28 00:00:00,2017-09-18 19:20:55
256feadf50de02d3bfb225612c16013f,af59b09d3ff297a070bf2f2cfe962783,PR,curitiba,toys,59.9,14.17,74.07,delivered,2017-06-04 21:42:59,2017-06-28 00:00:00,2017-06-19 14:23:05
0a8488f892c3e8631099327c1ec55d08,88384ec160635fc5e173a65201e68053,RN,sao paulo do potengi,fashion_bags_accessories,80.0,51.28,131.28,delivered,2018-06-29 19:49:07,2018-08-02 00:00:00,2018-07-13 21:16:54
de829fd7475239b4c3110ca7660f971e,b40ede6bb2a1753ece945a548908b4c2,SP,embu das artes,stationery,89.9,18.43,108.33000000000001,delivered,2018-08-15 22:13:57,2018-08-28 00:00:00,2018-08-20 21:47:42
6804819a81c7f5ddaa37b18b5824ddd9,4490a55cc9a1f1d5a0998c23f8c18367,MG,ipatinga,bed_bath_table,237.99,24.25,262.24,delivered,2018-05-29 16:27:34,2018-07-04 00:00:00,2018-06-12 19:14:42
9ba78cdb7ebed668566d399629fc74a6,a838f5f1e01362aa6dd06cd3376e6d0f,PR,maringa,unknown,80.0,23.55,103.55,delivered,2017-05-02 16:21:16,2017-05-25 00:00:00,2017-05-17 12:44:43
172482155d13fc27c9ee15df2cc7913b,3070f367c9ad56c74e4a9accf409f4ec,MG,contagem,furniture_decor,38.4,15.11,53.51,delivered,2018-01-16 14:45:06,2018-02-07 00:00:00,2018-01-24 20:56:40
962aeb93da677a2ce2fdb8e771e4668e,2a66571874abf088c0311b7b4208cf33,GO,valparaiso de goias,telephony,15.9,14.1,30.0,delivered,2017-06-29 22:17:56,2017-08-03 00:00:00,2017-07-07 15:45:03
39a2adce13ad153c1153a05130f65727,53d9311d650a3e6bdba4696a36ac72f8,GO,goiania,sports_leisure,18.99,14.1,33.089999999999996,delivered,2017-10-13 19:10:58,2017-11-06 00:00:00,2017-10-23 22:16:52
f4836c9fdf304c98f625b549ea6bbc39,a4b69f3f2b0ea381b62b3589d8c47b51,SP,bauru,office_furniture,146.99,32.06,179.05,delivered,2017-05-11 16:19:03,2017-06-06 00:00:00,2017-05-24 15:33:52
dda16909ad9bfd9cded321b79e073749,d9e44c22fba903ca3843c1512e44f82c,SP,sao paulo,office_furniture,189.99,41.28,231.27,delivered,2017-11-18 12:48:38,2017-12-07 00:00:00,2017-11-29 19:32:24
9ce8edfd64ca03e850463ed0b3d73de0,719f18245d86356b20dbfc6ebff6498d,RJ,rio de janeiro,bed_bath_table,59.99,18.52,78.51,delivered,2018-06-18 16:49:24,2018-07-26 00:00:00,2018-06-28 19:14:34
9446587feaf53c5f0050224c099c80e2,6ad2aa39e512b238e0d146e6bf4bdd69,SP,sao paulo,construction_tools_construction,12.9,8.72,21.62,delivered,2018-02-02 14:26:45,2018-02-20 00:00:00,2018-02-10 12:56:02
26d3771b463a99f7dca5a96346871d48,f1fe2c49ea8099e0e531fd905a09c6bb,BA,alagoinhas,watches_gifts,783.14,21.92,805.06,delivered,2017-07-01 15:16:12,2017-08-02 00:00:00,2017-07-19 17:54:48
9d00d5c50382768149ce030b6ab28fc5,1c54b236f385dc54ef0214afa0d77ad7,SP,americana,telephony,70.9,7.78,78.68,delivered,2017-09-26 17:11:06,2017-10-16 00:00:00,2017-10-05 00:22:47
1ffb3c1929b16d9c1aec1958e11b3e9b,78fc10170ee499077d81e1ed7b03fe6e,SP,itapevi,toys,129.9,36.14,166.04000000000002,delivered,2018-06-30 13:37:47,2018-07-25 00:00:00,2018-07-09 20:41:43
c67941b4ae569566ad69104332761988,dc19ad0af3cf2d05d102d94767550f27,RJ,rio de janeiro,sports_leisure,229.9,60.82,290.72,delivered,2018-07-14 19:46:38,2018-08-20 00:00:00,2018-07-23 19:48:34
07bcb0695fd4e3121e2fae21fbef3d28,f0d9cbf6fdb3f38f2aaae1ee44e66e19,MG,belo horizonte,housewares,125.9,16.19,142.09,delivered,2018-07-25 14:38:30,2018-08-14 00:00:00,2018-08-03 16:56:38
d28a0d4aabf9fe1941c36b8d1af9bd5a,c7eac605a5da4866c5d534b5d6836797,MG,contagem,housewares,22.25,17.09,39.34,delivered,2018-08-03 08:08:06,2018-08-20 00:00:00,2018-08-15 20:56:36
2d39684ee5837bfee04f0cf2c8eadde5,6a8b7d9797f91b35bd7c2400e3e3fa30,MS,campo grande,bed_bath_table,40.35,19.32,59.67,delivered,2018-05-26 11:51:30,2018-07-04 00:00:00,2018-06-08 14:18:41
a3aede11f4580ce940d4f1287608b834,fe632379f0ad7461cbd6dd42db361b71,MT,nova xavantina,baby,150.0,36.5,186.5,delivered,2018-01-21 13:41:19,2018-02-14 00:00:00,2018-01-29 19:51:29
125380a45478fae5bd5466553f2ed928,e6a62223a75ff54ef03810f253527b61,RS,porto alegre,bed_bath_table,52.9,23.17,76.07,delivered,2018-08-18 22:41:34,2018-09-04 00:00:00,2018-08-28 00:37:26
4d2997398817763e25ae074190f98a32,f257d52f508db8a759f842cd826f6945,PR,curitiba,computers_accessories,145.0,16.12,161.12,delivered,2018-07-19 11:44:03,2018-08-07 00:00:00,2018-07-23 17:18:57
7dedf1dc7e4fa0841ea52877fa906244,25aae944595edaad09853a29d98860fc,BA,irece,housewares,39.0,23.28,62.28,delivered,2018-03-10 14:14:07,2018-04-09 00:00:00,2018-03-23 14:28:53
25c0199420985c8f6353d9bf1b3b107c,ea2132cbd0c6d04614ca763e82edf30b,RS,porto alegre,furniture_decor,29.9,25.63,55.53,delivered,2018-03-03 15:29:53,2018-03-29 00:00:00,2018-03-17 11:20:48
8deeb79137075638ab088643f9fe8c17,cde4da115f07de94bf986399d2f0be7f,BA,coaraci,furniture_decor,89.99,29.67,119.66,delivered,2017-04-19 15:29:05,2017-05-19 00:00:00,2017-05-29 10:39:35
e99d24bf7bab6f3b13feddbc3cca9cb7,15eaf7e40d5ff0687009b39f3da7861a,SP,atibaia,auto,34.5,7.39,41.89,delivered,2018-03-24 07:30:17,2018-04-10 00:00:00,2018-03-28 19:06:30
d29bae63f22f20cb3190869e57451e86,93f1158544fa4075589b56a144be8041,SP,ribeirao preto,housewares,34.9,11.85,46.75,delivered,2017-12-05 12:49:03,2017-12-28 00:00:00,2017-12-18 21:07:51
0bbaf543aa84dd90baa21ed685d72605,62e1ae4534034e997766c534abf8f22d,GO,goiania,health_beauty,14.9,15.1,30.0,delivered,2017-11-05 14:18:00,2017-11-28 00:00:00,2017-11-20 18:37:50
95dc0bd3155ab8bbe4d5076ea9658805,82b7ba90f0f9db6117ef25071323d270,BA,salvador,garden_tools,49.9,24.32,74.22,delivered,2018-05-29 13:38:10,2018-07-11 00:00:00,2018-06-18 19:26:34
a5d65a8f94a1020f43ab5107168d43d3,545784b22ef94d0d03f2872868c43ade,SP,sao paulo,housewares,18.0,15.79,33.79,delivered,2018-02-11 08:14:07,2018-03-07 00:00:00,2018-02-20 21:28:42
3a2727b6397e6a6d5f7dad0d5d47e97e,9c0b78c89ed731eff779bfe7a9c464a9,PR,primeiro de maio,garden_tools,179.99,51.13,231.12,delivered,2017-10-22 20:18:22,2017-11-22 00:00:00,2017-10-31 18:47:02
a0a94a840605a83bd0775e894314cb31,55fc3a9e868992d2d339316d0800ecd2,PE,gravata,furniture_decor,55.0,32.84,87.84,delivered,2017-08-06 22:08:58,2017-09-11 00:00:00,2017-09-09 14:29:51
cd5ae8a80997eebd2b1f2cd4f24518d2,c0ca778cebe68887c704170bbdf7e87d,RS,porto alegre,bed_bath_table,129.0,36.21,165.21,delivered,2018-06-22 18:46:11,2018-07-05 00:00:00,2018-06-28 19:25:25
a7a6f07430f4582429b12cd0c2bcfd3e,421939bd58691b9212a5fdb4fff8d2b7,SP,sao caetano do sul,bed_bath_table,189.9,14.93,204.83,delivered,2017-09-06 13:30:42,2017-09-21 00:00:00,2017-09-12 16:17:58
2c1a279890c82005e7d51b4717cc0080,959f91ac4059b1cbc8831bd99a36035b,SP,sao paulo,electronics,69.99,8.88,78.86999999999999,delivered,2018-05-15 18:52:41,2018-05-25 00:00:00,2018-05-21 16:37:00
f0a770154db0fc38aef8c0f380de88cc,eb01c4f1f74e013f38a757e6b9da42b1,SP,rio grande da serra,baby,11.9,12.79,24.689999999999998,delivered,2018-03-11 22:51:28,2018-03-29 00:00:00,2018-03-20 21:04:34
04396584556ebf06343678f29cb10832,946a32d8d2929519878d10e6696c60ff,MG,belo horizonte,home_confort,89.9,17.88,107.78,delivered,2017-10-20 19:46:35,2017-11-10 00:00:00,2017-10-31 22:35:03
07a0bc58f3b841724c5b8c649da441d5,cc61ecdda15905388185bfd77969ae72,MG,dores de campos,bed_bath_table,138.0,28.35,166.35,delivered,2018-01-17 16:44:42,2018-02-19 00:00:00,2018-02-06 19:16:30
732cc391e9ed0eb247bc25c02a19af0e,27cc295b7941684eed48fbfb11d9b8b9,SP,sao paulo,furniture_decor,249.99,12.49,262.48,delivered,2017-11-24 16:39:08,2017-12-08 00:00:00,2017-11-28 19:06:47
14dbe374dedd03ff06285484791c8d4e,cd3340b0ac216750381d8ec73a15f4f1,SP,sao paulo,bed_bath_table,56.1,13.97,70.07000000000001,delivered,2018-07-31 21:48:05,2018-08-10 00:00:00,2018-08-06 17:42:20
8914a09684ca4a41b8fb6cdf7d7de429,2ba07ed8f2ff1d7c5ed18512e5609064,SP,jarinu,bed_bath_table,87.85,13.63,101.47999999999999,delivered,2017-10-22 20:11:45,2017-11-09 00:00:00,2017-10-30 23:15:08
c03748652e7cdfeb73bf4aa3b41da0dc,0e34a60534391f19af7e10f1c8ac28d4,PR,ibipora,furniture_living_room,75.0,32.82,107.82,delivered,2018-07-11 18:16:29,2018-08-02 00:00:00,2018-07-13 16:34:50
b08f48a15acd7ea5c565ec963d3d1b73,6a67b4dd044dc7fb603621c5ade95338,SP,aracatuba,computers_accessories,93.9,15.41,109.31,delivered,2017-05-18 17:53:34,2017-06-19 00:00:00,2017-05-24 12:05:02
b110523a5f9c69ad95bf8247062f0ba9,7e8c7a2149c68d53e1be3b05e3155296,GO,goiania,cool_stuff,115.99,124.76,240.75,processing,2017-08-27 15:33:09,2017-09-19 00:00:00,
d39ad9ed7c8e172c6d6652a7480c7dac,44ea706fb81095a0733062b1fef02026,SP,sao paulo,computers_accessories,40.0,22.85,62.85,delivered,2018-05-22 17:44:23,2018-06-11 00:00:00,2018-05-29 16:38:33
29bd5d4c7f91a9952f98e09ff439cc2f,107add80de9ce0b6a544e96ea189c2dd,SP,sao paulo,health_beauty,118.44,12.56,131.0,delivered,2018-06-25 16:15:24,2018-07-11 00:00:00,2018-06-30 16:18:54
20b9ddb6d4a3df0ea06f860c983662b8,513f55aed147eafaf7afc2b73fb78a4b,RS,pelotas,computers_accessories,79.99,26.64,106.63,delivered,2018-03-19 22:14:58,2018-04-13 00:00:00,2018-04-11 12:07:56
bb50a28145ecd1a42277631daa877711,df4045479d2531674d0ad39d33b81db0,RJ,campos dos goytacazes,signaling_and_security,105.0,27.04,132.04,delivered,2018-08-14 15:21:52,2018-08-31 00:00:00,2018-08-27 17:41:21
c6fdbf697f2f8af465a58ffaa4c3fa4e,6e620488162fe1129d32f26b751d770a,SP,itarare,bed_bath_table,59.9,16.05,75.95,delivered,2017-09-28 21:07:47,2017-10-20 00:00:00,2017-10-04 18:28:16
5c56c7880cf0e335803dca7a7605b5a4,9299ed5c5670091d97ff6c331641a877,RJ,rio de janeiro,watches_gifts,339.9,16.13,356.03,delivered,2017-11-28 11:39:54,2017-12-19 00:00:00,2017-12-12 01:53:20
f1ef0cea033ae487dc3ebc664cb10d1b,7059102c8d28a87a84e645a7e6784fc4,SP,campinas,electronics,21.9,7.78,29.68,delivered,2018-02-22 13:13:12,2018-03-08 00:00:00,2018-02-26 19:22:37
56b6c0c35525102d39f7314a90f95977,fba9dad1013693b7d732f8f8c838d763,SP,fernandopolis,home_construction,54.4,12.72,67.12,delivered,2018-03-05 15:44:41,2018-03-21 00:00:00,2018-03-12 21:42:41
05bc33363c34f9c8172bd111029be2e1,910ef561b28c67973b74ce21e0d252ea,SP,aracariguama,health_beauty,157.77,15.85,173.62,delivered,2017-08-06 18:21:31,2017-09-05 00:00:00,2017-08-11 21:00:02
1f1c7f4a61de956eb59c80c6d1f73a2a,1ef654897cb6d035dabcf0d8063dffc9,PR,curitiba,housewares,320.99,22.71,343.7,delivered,2018-05-09 00:09:44,2018-05-28 00:00:00,2018-05-15 11:16:02
518ca81bf7a1b719e32d6847b6afff85,1471f06ff773d456b05502416dd0b583,SP,ilha solteira,telephony,29.5,13.47,42.97,delivered,2017-11-27 06:53:53,2017-12-22 00:00:00,2017-12-19 18:56:58
7ae184e266d3d177c278f71f228b5ec6,bcd14224f909d2162f4b95f47b5b6b88,CE,maracanau,health_beauty,84.99,19.13,104.11999999999999,delivered,2018-02-23 22:43:33,2018-03-22 00:00:00,2018-03-22 18:32:48
2b124ad880bc7d6eb045e056c3e68449,a7176ca5eca308497ac14e5215717010,SP,aracatuba,baby,69.9,16.25,86.15,delivered,2018-01-09 15:07:01,2018-02-06 00:00:00,2018-01-25 03:32:20
dc4830b0d061f5814315adf86ae7b314,fb1756887ae59c1b0efe8d0544d94815,SP,ribeirao preto,watches_gifts,158.9,18.99,177.89000000000001,delivered,2018-05-17 20:45:42,2018-06-08 00:00:00,2018-06-05 19:05:31
708e9dad5dc7867bc3c61cee01f1f311,8efe47cd0f34c081d09998929aed8e35,SP,sao bernardo do campo,baby,94.95,9.42,104.37,delivered,2018-08-21 16:35:30,2018-08-28 00:00:00,2018-08-23 18:34:46
5e8c4235c5941812c1831d835ae020fd,5e0e18fbc2af5e1582f7c30d03df2cfd,RS,girua,computers_accessories,129.9,18.79,148.69,delivered,2018-04-07 20:39:43,2018-05-02 00:00:00,2018-04-23 15:42:04
191d8d46583f6f363ede63402686d936,02c38ff8f0acd90e3b7b98156ac29034,DF,brasilia,bed_bath_table,49.9,19.32,69.22,delivered,2018-05-30 12:43:26,2018-07-05 00:00:00,2018-06-14 19:12:18
7d1ac7d65c6b5d59a9ac241fa41da57d,00d03b5e33f8987549c5590313a4ef21,RS,pantano grande,fixed_telephony,19.99,15.1,35.089999999999996,delivered,2017-06-16 23:17:41,2017-08-02 00:00:00,2017-06-29 11:06:37
8fb7236f391b9205b932db6f239478c0,971f7a951aedb20372d7db7bbac66ad5,MG,uberlandia,health_beauty,199.9,18.65,218.55,delivered,2017-11-27 23:25:48,2017-12-19 00:00:00,2017-12-07 17:33:45
ea3e22446f2bda3a8433d3147b5486fc,9b4280473c473c1258bbdb94d571de64,SP,sao paulo,bed_bath_table,89.9,12.97,102.87,delivered,2017-08-24 17:20:57,2017-09-14 00:00:00,2017-09-01 18:32:45
cd2f659fa071787c2e90002891bbea4b,aebfaa38bc677c5d0f0d937fff7ecfa0,CE,acopiara,fashion_bags_accessories,74.99,28.92,103.91,delivered,2017-05-29 16:56:59,2017-07-05 00:00:00,2017-06-12 16:50:03
acd102211b766043b075ee2243ed9c5e,fb6d23db5ff184581786fbd6ef02bf77,SP,sao paulo,health_beauty,89.9,17.88,107.78,delivered,2017-11-30 20:21:12,2017-12-28 00:00:00,2017-12-12 16:19:47
5bcf5ca118d9e81440bf98e26c943255,d9abbe73143b31e0f983679ad781b143,SC,palhoca,furniture_decor,49.0,15.11,64.11,delivered,2017-08-27 19:01:23,2017-09-18 00:00:00,2017-09-05 21:05:37
9be2582f6092606b2b3e9607581df63e,522129188d9d37ee96e11dc42afdf903,MG,itajuba,electronics,13.65,11.85,25.5,delivered,2018-01-11 13:10:48,2018-02-05 00:00:00,2018-01-18 20:33:08
c38813ffe793f98e9c552fdd4f0a21ee,b26858a322cb230c32a83a34d593ba90,MG,santa vitoria,health_beauty,54.99,15.13,70.12,delivered,2017-09-10 10:12:26,2017-10-02 00:00:00,2017-09-22 17:37:01
f980b4aacdad5bd8d7ff107f2dfa4a25,c4050128efb0adcb0350f5c25c88e760,GO,cabeceiras,telephony,14.9,18.23,33.13,delivered,2018-03-12 15:45:00,2018-04-04 00:00:00,2018-03-29 14:54:35
05afef1c185862cab9062b322ff25cc5,7857dff0702239bcf889f6af345fe607,RN,parnamirim,housewares,27.99,22.67,50.66,delivered,2017-07-25 10:47:16,2017-09-04 00:00:00,2017-08-21 21:10:53
5a395f4b4dcbc42442cc6c5945c6ee0a,75db40861a020497ccf6b019dc686709,RJ,rio de janeiro,food_drink,44.06,18.11,62.17,delivered,2018-06-27 13:17:02,2018-08-02 00:00:00,2018-07-30 16:43:32
9ad9351ae71f76e5eba268bb2f667959,5edf1f155f854372be4fff9089fce9f1,SP,general salgado,perfumery,117.9,15.58,133.48000000000002,delivered,2018-02-02 12:06:05,2018-03-05 00:00:00,2018-02-14 21:05:06
b9fbe26657178b8754633a24a8e066c7,d350b6e286935cf85c9ba8d9615c888a,SP,guarulhos,bed_bath_table,52.9,14.68,67.58,delivered,2018-08-11 16:34:31,2018-08-23 00:00:00,2018-08-20 19:29:42
f934d80ca76365bd394059be22a837f5,e7d168b099d8daa84eaa46c3d39dc86e,SP,ferraz de vasconcelos,stationery,89.0,13.64,102.64,delivered,2018-01-09 14:04:41,2018-01-30 00:00:00,2018-01-22 17:27:02
14f81abb54984ba116bc1994d6a34b9d,47dae9705bc097617f823f7cbedca145,ES,vitoria,telephony,15.9,15.23,31.130000000000003,delivered,2018-06-26 11:41:33,2018-07-17 00:00:00,2018-07-09 16:12:47
637617b3ffe9e2f7a2411243829226d0,37bc3d463e2a0024012a7fa587597a3c,SC,celso ramos,baby,79.9,24.01,103.91000000000001,delivered,2018-04-17 21:08:59,2018-05-17 00:00:00,2018-05-09 17:48:56
e5c0d192e1f883b21e7673f73cb644b9,5f0e0a97623a857fcfceb2d71d042d1b,SP,sao carlos,bed_bath_table,68.9,12.82,81.72,delivered,2017-05-06 18:23:13,2017-05-29 00:00:00,2017-05-16 10:07:30
42889cba53a791dfa45f24d62019a521,37ef9a394acb71843b127f61a5809022,RJ,engenheiro paulo de frontin,auto,76.38,21.02,97.39999999999999,delivered,2017-11-27 19:19:43,2017-12-20 00:00:00,2017-12-27 17:34:26
9c84d33c8583db075bc4e9df4e5949a6,63c26a0d9a69c9236e0e4fcb7863854d,SP,sao paulo,baby,77.98,8.9,86.88000000000001,delivered,2018-05-04 22:12:07,2018-05-14 00:00:00,2018-05-10 19:05:36
bbc3a95177ff0c8a012e117f4dcb06c8,7bd43abfde2d6a9a5c35da8749603fb3,SP,sao paulo,computers_accessories,170.9,8.94,179.84,delivered,2018-01-22 15:14:12,2018-02-07 00:00:00,2018-01-31 20:17:03
80d272bb80e9d81f0868fae8f7848081,eaa192a5c3ec1fe7b69598646621fe63,AL,sao miguel dos campos,computers_accessories,189.59,43.36,232.95,delivered,2017-11-25 16:00:20,2017-12-28 00:00:00,2018-01-16 22:45:32
230412dba3ab35d1a5c8fd1382bc7b49,30b13da62761605132178625ac472bfc,GO,goiania,health_beauty,219.94,16.3,236.24,delivered,2017-12-29 04:22:28,2018-01-29 00:00:00,2018-01-23 22:14:31
5b87678fe5651f0c1e5ee9bb16108947,c4e759011935f3bafa32e18fad96d7c1,SP,franco da rocha,luggage_accessories,98.9,14.42,113.32000000000001,delivered,2017-09-03 18:39:52,2017-09-26 00:00:00,2017-09-15 21:17:50
cdaa50d46a294c97f8505c6ac6145e23,50a662e7d7e7e2a94112a4f15a37464e,RJ,sao goncalo,bed_bath_table,220.0,26.38,246.38,delivered,2017-06-23 10:13:05,2017-07-17 00:00:00,2017-07-03 12:42:08
e7abb502445a0ba93c9b41be49573b5a,c6e699ba5f1afadd08deaa3bcf509954,RJ,rio de janeiro,sports_leisure,59.9,19.66,79.56,delivered,2017-07-12 19:25:30,2017-08-07 00:00:00,2017-07-21 20:09:38
7a2caaaf6f039835babfdf9aea003412,c42bcc96458e658b55b24e3a705772f6,GO,goiania,watches_gifts,749.99,39.05,789.04,delivered,2017-08-23 21:58:28,2017-09-25 00:00:00,2017-09-19 14:35:29
982e90afe2a0e9a5b5b69165a47c3a4e,aed997dc0ad462598f1b93bfd133a803,RJ,duque de caxias,garden_tools,99.99,28.89,128.88,delivered,2017-04-26 20:26:10,2017-05-26 00:00:00,2017-05-16 14:57:51
17072870cced0e2db845c2cc0bb385e7,b7e3c3ff8fba85fc9a38272e06f96a63,CE,fortaleza,health_beauty,364.0,27.83,391.83,shipped,2018-02-02 14:51:38,2018-03-07 00:00:00,
9696c06c5b4dacf79ad4fc897b1aa93b,85c5f27f60acccc930d179aebc4af959,SP,sao paulo,furniture_decor,139.99,17.25,157.24,delivered,2018-08-14 22:58:58,2018-08-22 00:00:00,2018-08-29 19:33:36
60cea07de0865aeead1984c1c97dee57,180e4e8f85ccc2696dd6de4e0f153d04,SP,praia grande,housewares,89.18,9.44,98.62,delivered,2017-05-29 15:07:16,2017-06-09 00:00:00,2017-06-05 12:14:26
2f745f754793012b39e7806795178857,bfeffeb68ce222717bd84a9736857a69,RJ,sao joao de meriti,computers_accessories,42.0,15.39,57.39,delivered,2018-08-03 15:35:49,2018-08-23 00:00:00,2018-08-09 16:49:50
d55b88c264e0cacf41c8f8ce846bc1ee,d986e49adb130cd15e3a6cf7505439d6,BA,salvador,computers,730.0,55.72,785.72,delivered,2018-06-11 23:05:13,2018-07-04 00:00:00,2018-07-04 20:03:11
ad0e80cb90ad456f01f1533e4cdc1f0d,5a989673ac02813d30ffee0254885032,RO,porto velho,bed_bath_table,259.9,49.26,309.15999999999997,delivered,2018-02-07 08:18:53,2018-03-21 00:00:00,2018-03-01 23:59:05
cc6581115f5706e74610adf4449e5899,893872dee0da455a53fdc742b2884fa9,SP,sao paulo,health_beauty,37.9,9.02,46.92,delivered,2018-06-19 22:37:17,2018-06-29 00:00:00,2018-06-21 16:43:54
e91651e27c97f458eb35e67d8cee206b,2b8649d1a9912afc25d2943a04782756,SP,sao paulo,telephony,28.99,7.46,36.449999999999996,delivered,2018-08-23 12:08:51,2018-08-29 00:00:00,2018-08-27 19:58:38
1a494062b68a8ed99ba9171cb9c9aef5,ec81d1c881757b8d02f24f7a3da1a1d9,SC,sao jose,furniture_decor,41.9,15.1,57.0,delivered,2017-05-12 09:09:15,2017-06-01 00:00:00,2017-05-21 12:51:52
7f05caffe3d52e1a609b8dcb957024bc,82652537b076c96aebcccf9be1971aaf,SP,santos,furniture_decor,89.9,9.44,99.34,delivered,2017-10-14 14:46:54,2017-10-26 00:00:00,2017-10-19 20:39:52
6ed988b479adccb2a1d82e903713e1b4,85c59586a578a6fd26e78bdd897e37dd,SP,praia grande,watches_gifts,102.0,17.62,119.62,delivered,2018-03-13 15:43:40,2018-04-03 00:00:00,2018-03-27 02:28:34
c7c5cb848cb25afc53c7a8d2527a9ad0,29309c6b1e5e1af920032cf226df47b4,RJ,rio de janeiro,health_beauty,84.9,17.03,101.93,delivered,2017-08-31 23:15:39,2017-10-05 00:00:00,2017-09-06 18:59:51
177ec1b1bde2badda1cbca0f19f1aed4,481ef475da1dac8aeaa1330ae9c3b029,PR,paranagua,sports_leisure,52.17,13.39,65.56,delivered,2018-01-19 17:47:57,2018-02-09 00:00:00,2018-01-24 21:48:46
452bc83e1374a9bcd2592f008c2a441a,0653512b981aee8f1afcf79c547ff3f5,RO,porto velho,unknown,27.0,24.84,51.84,delivered,2017-03-27 13:50:43,2017-05-04 00:00:00,2017-04-07 21:55:54
4b0c84473bd3be3ee00dba465265e79d,9b9fb4b63021065c2978405174354981,RS,porto alegre,garden_tools,209.9,27.79,237.69,delivered,2018-02-14 13:34:53,2018-03-14 00:00:00,2018-02-27 19:59:01
e67f76501c34f4adb5587ee50a6474c6,78a08bdc420769677ffa6eacb225561b,PA,belem,food_drink,64.6,21.25,85.85,delivered,2017-08-23 17:52:51,2017-09-27 00:00:00,2017-09-11 22:26:30
d7c3a90ab28bbb07e47e1fccdbae401c,a007cc60b9d63f637069859037070d1d,SP,sao paulo,toys,119.99,12.04,132.03,delivered,2017-12-11 19:10:48,2017-12-28 00:00:00,2017-12-15 15:52:14
114e0ad5d9cd8931d7541e1331bdb503,bb89b8175e4a67cd65ae68b14f33f5f3,MG,caxambu,bed_bath_table,69.9,14.22,84.12,canceled,2017-08-14 10:44:51,2017-09-18 00:00:00,
afbc5dc3c3d0255f644df560b79f1b32,6fecb43caacd47831233f478e1285768,RS,capao da canoa,furniture_decor,35.99,17.6,53.59,delivered,2017-07-29 22:30:47,2017-09-05 00:00:00,2017-08-07 21:49:29
0ca8b6de19bde0d4ed1fe6f90f475ab5,0aec6e808fdded98ceda0f825a0240da,SP,sao paulo,toys,169.9,12.39,182.29000000000002,delivered,2017-12-11 10:00:41,2017-12-28 00:00:00,2017-12-15 19:43:31
96ab137729eda207d82649ad931d71a7,1c5be9abc44551378973dc44efef78dc,RJ,nilopolis,health_beauty,63.9,25.0,88.9,delivered,2017-09-02 20:18:22,2017-09-29 00:00:00,2017-09-19 16:17:51
78585e48819bf50518947925be68ab86,dac384a05ea82b92f2cf956916353fe5,SP,campinas,sports_leisure,189.9,20.21,210.11,delivered,2018-02-13 11:34:00,2018-03-07 00:00:00,2018-02-24 14:04:34
3bfd863aeb764ee13e7a3909ca8be2a5,eac7f2e81399b4c58eebde09fc2d33f5,RJ,sao joao de meriti,housewares,55.0,15.27,70.27,delivered,2018-04-02 21:30:19,2018-04-19 00:00:00,2018-04-27 15:47:25
993d5d78bd251d2ad7d2607110a04bbe,3ff4c32e851bed66b14cdc46ab01cfab,PR,cornelio procopio,sports_leisure,55.55,15.46,71.00999999999999,delivered,2018-08-27 21:04:17,2018-09-24 00:00:00,2018-08-31 00:56:31
497b870cbbeda496567b5d75b81c5722,1cb06b7940f5a52343bd4d3032d0c97d,MG,santa rita do ibitipoca,garden_tools,36.7,12.48,49.18000000000001,delivered,2018-02-22 12:10:45,2018-03-14 00:00:00,2018-02-28 23:27:49
12e5dd0c975bc753570697dfc4901596,3bddd41df369aca5ce4df4352c93cd95,RJ,rio de janeiro,computers_accessories,49.99,16.11,66.1,delivered,2017-05-30 18:54:05,2017-06-22 00:00:00,2017-06-07 14:41:34
70a94c2193b6a1b10aba885c5129f5ee,080789200483d84e2e71d57d820c3ac0,RJ,japeri,housewares,23.9,23.28,47.18,delivered,2018-03-06 14:04:13,2018-04-03 00:00:00,2018-04-03 18:33:31
7c367f3036caf4d2000a4d80bc9d341b,4c75ca6364822869e5dc8c6a83e8e10f,SE,japoata,furniture_decor,179.9,40.7,220.60000000000002,delivered,2017-03-25 10:38:04,2017-05-31 00:00:00,2017-04-20 11:11:10
b15a1712256b8250cd6f952c85e4c65a,ec3a72daf6041ec5fe6b31b03cc05752,RJ,rio de janeiro,furniture_living_room,74.99,18.11,93.1,delivered,2018-08-20 09:01:07,2018-08-27 00:00:00,2018-08-30 16:02:18
219d7856c8969f8f7087ffe19ae28a36,96cf0dd10606a3ec0a34769f812f41b4,DF,brasilia,computers_accessories,38.9,16.46,55.36,delivered,2018-07-22 16:03:59,2018-08-07 00:00:00,2018-07-27 14:24:24
7173f9c626f3e26e9c4c0033ebffe7d4,f784737f760686b4020bb4e8a2e7f178,SP,espirito santo do pinhal,luggage_accessories,119.99,18.94,138.93,delivered,2018-07-14 20:48:14,2018-08-09 00:00:00,2018-07-23 19:38:34
deb9ebf182337ea635032e7f0336b27c,62f40b4d76e73eadb555e3151e46fb24,PR,joaquim tavora,bed_bath_table,79.99,19.53,99.52,delivered,2018-04-08 11:56:10,2018-05-03 00:00:00,2018-04-13 17:42:49
60de731b89e8c9651392a445b2813ff9,d5d5fef2e7bc65667e835cf8b7d8ee15,SP,sao paulo,computers_accessories,219.0,14.55,233.55,delivered,2017-11-02 09:54:37,2017-11-27 00:00:00,2017-11-09 20:15:44
c3f5808c83edb107f1358fa1477bff2d,6350c35440e9a7a4700639848ffaeec6,RJ,rio de janeiro,telephony,174.0,18.5,192.5,delivered,2017-09-04 20:31:08,2017-09-22 00:00:00,2017-09-14 21:53:05
23941956ac5ebb846fc41ddbf76e7ccc,d13a4ab46ea23d33230f51b87e8ff9e3,RJ,rio de janeiro,toys,149.99,23.85,173.84,delivered,2018-07-15 17:29:46,2018-08-17 00:00:00,2018-07-25 21:09:48
b73c273d02a8045c60df03ae7c03dc4b,b5baa582db90d336a8a7a88fb6598a9e,PE,tacaratu,cool_stuff,129.99,29.31,159.3,delivered,2017-07-05 22:24:44,2017-08-08 00:00:00,2017-09-05 15:51:55
10b69324b897d3c3504084db8492f98a,d1657a37157397f4afecd6f9dcbe20bb,CE,aracati,baby,59.99,26.96,86.95,delivered,2018-01-23 11:35:37,2018-03-01 00:00:00,2018-02-15 16:48:45
5c959c1b3e28ba4e981471f98941585b,0671423fb05ed6ba0e594a9ceb1ca4a2,RS,pelotas,toys,42.0,15.1,57.1,delivered,2017-08-09 22:52:37,2017-09-04 00:00:00,2017-08-24 22:46:48
cd81ba816ce2aa9e8c681c321ddf0a22,6fe632cff832b6b28886e67c3766b6f4,PR,pinhais,housewares,59.9,19.91,79.81,delivered,2018-01-25 10:47:47,2018-02-20 00:00:00,2018-02-06 17:42:51
f02e403f6f0d04b6412c5ef370b0a052,620c822ff022d0ce9d277cefa05aaa45,SC,florianopolis,bed_bath_table,39.9,16.6,56.5,delivered,2017-11-14 10:55:16,2017-12-06 00:00:00,2017-11-23 19:42:17
fcabe539367ad08049d814361278560b,b0ef7030420c8ac7f522ca5adc2e7397,SP,santo andre,electronics,13.65,7.78,21.43,delivered,2018-01-18 09:10:50,2018-02-02 00:00:00,2018-01-22 18:41:56
9e02c4c728d01f48f6a07f6179cef325,b08ca66442368a1e4f8ab6a8c756f5cc,SP,diadema,health_beauty,14.49,7.87,22.36,delivered,2018-06-06 04:47:21,2018-07-03 00:00:00,2018-06-11 22:32:31
055a2893cb600bebc05a16d06e3de36f,fa57fc078415d5327bb4dbb5e5d10d2a,RJ,rio de janeiro,bed_bath_table,59.9,16.18,76.08,delivered,2017-07-28 09:14:22,2017-08-21 00:00:00,2017-08-08 19:03:27
d4206a5584f401730e7680e4b9cd696d,9eb2218c0035fc7d6c62ae7e0c384c46,SP,sumare,furniture_decor,79.99,16.43,96.41999999999999,delivered,2018-03-23 13:40:32,2018-04-20 00:00:00,2018-04-11 14:31:50
bfc9f97fc7ddacf8a3c33c4b2bd15a93,7b70db47e11fe1776e5fad230f1a9be1,MG,uberlandia,bed_bath_table,56.99,23.51,80.5,delivered,2018-08-07 16:33:58,2018-08-17 00:00:00,2018-08-14 16:29:02
d16d35b47ec2d842e3846a4c7f4586d0,f6d9da147a1feafa65e8d57c51cea44a,RJ,rio de janeiro,health_beauty,59.9,17.85,77.75,delivered,2017-04-04 13:15:05,2017-05-04 00:00:00,2017-04-10 20:48:13
887b1d05870ae363f160ab81362fe4bb,386f4ccdf560d7c536c5e919f31267d0,PA,paragominas,garden_tools,269.0,69.02,338.02,delivered,2018-06-15 10:57:35,2018-07-26 00:00:00,2018-07-04 17:29:36
6b34444470c3f9256eb504e61edcd608,2c07381b6d9aef0d1624dd670ec70bee,SP,sao paulo,furniture_decor,21.5,7.41,28.91,delivered,2018-07-06 21:44:03,2018-07-19 00:00:00,2018-07-13 23:41:06
4721161c08ff9843f9bada4af997622c,c75fd9f11452279c655ba376114d6c9e,MG,campanha,baby,25.0,20.8,45.8,delivered,2017-02-16 13:16:12,2017-03-27 00:00:00,2017-03-03 10:18:03
6d781e62fc99f1af77ad37974cb0a1b4,0c8f5fb32384dae276d0f8be00096025,MG,vicosa,toys,74.8,17.77,92.57,delivered,2017-09-12 20:28:16,2017-10-03 00:00:00,2017-09-23 16:03:40
1a79fd4d46c70e9342008e9057e615da,a97b71132c55bee38f177cdc7e3be621,MG,santo antonio do grama,sports_leisure,29.9,18.23,48.129999999999995,delivered,2018-03-25 18:43:55,2018-04-17 00:00:00,2018-04-04 15:31:43
c5f2a2829db09bd21fbbb46215b74a2c,5d25f401e21fbed1124ab8e14cee31e0,BA,salvador,bed_bath_table,143.99,23.88,167.87,delivered,2017-07-16 20:52:43,2017-08-18 00:00:00,2017-08-04 18:49:35
e1d9e9bb816ce0bdfaf1cd02b96c6d10,56eb8efb53949c3199aa0bebeb50a162,SP,campinas,fashion_bags_accessories,20.3,8.27,28.57,delivered,2017-11-29 14:19:10,2017-12-13 00:00:00,2017-12-11 19:35:19
2beb7e011571a837462a006a779881e8,c1d17de7f48b64a544769023500456f0,SP,franca,housewares,62.99,15.19,78.18,delivered,2017-07-24 15:37:15,2017-08-15 00:00:00,2017-08-04 18:13:41
2df86a1fe8ce1dbff076f3eef50a664e,d4c6b63dd3d9b0d762db0eb3af615756,SP,santana de parnaiba,perfumery,6.5,7.78,14.280000000000001,delivered,2018-02-28 18:49:29,2018-03-13 00:00:00,2018-03-06 15:47:50
961a477711141b3811b897eb49216db1,076dc8d838b4a277c14d6e67445b04bb,SP,sao paulo,stationery,89.0,13.64,102.64,delivered,2018-01-15 10:48:25,2018-02-05 00:00:00,2018-02-28 19:43:57
f571998fd428a610fa848c5eb34970dc,e3047dd1cd3abb647dfc50267a9bf42c,RS,santa maria,sports_leisure,55.9,18.27,74.17,delivered,2018-05-01 18:18:28,2018-05-25 00:00:00,2018-05-09 21:33:24
c6a965cc9489a0d9ede11c4534e916f0,34868842117c40b30209d16d4d41da71,SP,adamantina,perfumery,189.0,13.76,202.76,delivered,2018-05-10 17:16:07,2018-05-24 00:00:00,2018-05-16 10:38:45
19721d59a9764437477eff0730b48665,059ba8400bf965adf606ecc7ef3396e9,RS,taquari,sports_leisure,185.0,20.26,205.26,delivered,2018-03-26 11:02:31,2018-04-27 00:00:00,2018-04-09 21:53:23
5820261a4aacfd67c653d120a4acdc46,be2b953d3544ab49bfeed8298b327f0e,RJ,nova friburgo,health_beauty,50.9,17.61,68.50999999999999,delivered,2018-01-11 10:55:26,2018-02-14 00:00:00,2018-01-19 19:17:44
2b0ff3c2ec4265091bba2e1e5d9aa762,373cdc681e007b7c4acb534daaa265da,SP,sao paulo,telephony,29.99,7.78,37.769999999999996,delivered,2017-05-14 19:00:05,2017-05-24 00:00:00,2017-05-18 14:44:11
0e659173ebf2a1d39e076be9bd0b2872,13aec51202205c662b24202760e93a92,SC,tubarao,sports_leisure,35.0,17.78,52.78,delivered,2017-02-01 08:42:43,2017-03-20 00:00:00,2017-02-07 16:51:49
5499acc5807b92e82c4789054f71c37a,7e494da033761889a5e8cd607219cd24,RJ,rio de janeiro,bed_bath_table,105.6,26.86,132.45999999999998,delivered,2017-10-03 18:49:41,2017-11-07 00:00:00,2017-10-16 18:34:36
3b3f7687e938ba0e58002a3640110a8a,eb3828a99ffb2f8b560d5ec97a0dac26,SP,bauru,health_beauty,52.74,14.46,67.2,delivered,2018-03-14 22:16:30,2018-04-02 00:00:00,2018-04-05 21:58:53
da32e0ec629676994bea2c2fa8f0584a,a68ad412c53f45ccc69644d62568224f,SP,santo andre,baby,64.9,5.7,70.60000000000001,delivered,2017-07-24 18:37:54,2017-08-04 00:00:00,2017-07-28 20:41:29
ef22458e7cfa237cd68b3be657f4f0c8,72e05cde2a8e5d8f08ca3ef3bcfadc63,MG,ouro branco,home_appliances,37.19,23.06,60.25,delivered,2018-08-17 16:53:17,2018-09-04 00:00:00,2018-08-28 15:25:45
53ce1063e2dc0e2f7f70b9225c4fe698,ca45a33e409c8e998391608ba273bfb4,SP,vinhedo,telephony,15.9,10.96,26.86,delivered,2017-04-27 09:47:36,2017-06-01 00:00:00,2017-05-10 14:27:55
4fff232856461ca40f8f09f9ce75fcda,5e42abcc90d4a7e76e5dfb7373e3ab4a,CE,fortaleza,watches_gifts,39.0,17.63,56.629999999999995,delivered,2018-02-16 09:34:13,2018-03-14 00:00:00,2018-02-21 17:25:03
bbf6f71330cce4afde803651c4f05e54,96b482d81d31251add90a9fe63fbbcec,MG,belo horizonte,garden_tools,53.9,27.55,81.45,delivered,2018-03-08 16:14:00,2018-03-27 00:00:00,2018-03-27 17:03:17
e1ba0359337d59993c07c47f1d803681,84b7b98789409ed1c4855867f83c792f,RS,campo novo,toys,179.99,17.7,197.69,delivered,2017-12-07 14:08:14,2018-01-08 00:00:00,2017-12-27 23:35:19
15c2d2803c9a7a4ba8f528a65814848d,18d61a27f478cd6201df948578f814f9,SP,jundiai,stationery,119.9,18.72,138.62,delivered,2018-04-24 13:34:14,2018-05-17 00:00:00,2018-04-30 15:08:44
1c009ae9a7cb56b9ea28f3d93349b8f8,1efb143235a4b39b36d45b46207a46af,GO,goiania,sports_leisure,45.0,15.11,60.11,delivered,2018-01-20 15:36:23,2018-02-16 00:00:00,2018-01-29 19:11:56
7c0bdaba8498278860946b0083d258b8,63b13fc15bc8996323ba9375d95547ad,SP,ribeirao preto,baby,36.9,6.52,43.42,delivered,2017-07-25 00:13:55,2017-08-14 00:00:00,2017-07-31 22:39:47
711526597d2e1f1b5ee9bf5c4af2c4cf,47e73a2fd380ec487a3b25fa01104859,MG,janauba,furniture_decor,150.0,60.04,210.04,delivered,2018-07-27 17:36:19,2018-08-23 00:00:00,2018-08-09 14:48:51
c2d9d0e0c3a188dd8c70809844767fa5,486c4f9b2ca35e1afa9010d23792be4f,PR,campo mourao,computers_accessories,28.9,22.13,51.03,delivered,2018-07-08 14:07:30,2018-08-07 00:00:00,2018-07-23 17:26:31
0c83ca3fc3a83bd059a1834a8ffeb917,fb3f3a60c883e25c1870545a9e6730a7,AM,manaus,sports_leisure,109.0,27.61,136.61,delivered,2018-01-28 11:43:06,2018-03-20 00:00:00,2018-03-03 18:16:37
1624e662b5bc50debee1678caa41dbfa,85393211a6d5e0c9fbcd4bf5650d0c0f,SP,sao bernardo do campo,furniture_decor,270.9,14.8,285.7,delivered,2018-03-13 14:00:17,2018-03-26 00:00:00,2018-03-19 15:28:36
2fd12ee976f68370d5397cffb377b4b5,a5584cfbabd9bd2d0ffba5ac6ebc28fc,SP,sao paulo,computers_accessories,49.99,7.39,57.38,delivered,2018-04-10 18:41:37,2018-04-26 00:00:00,2018-04-12 21:04:05
29bd235b1e0eee8c72af9375033b5f8c,b43530186123fb6d906380c873fdd9e6,CE,missi,stationery,109.9,43.05,152.95,delivered,2018-08-06 12:30:02,2018-09-04 00:00:00,2018-08-27 13:06:43
bbc0dd90484124e1dcc1d2428ad924ff,513a4ee43b161e9e565bf1831cc705f0,RS,balneario pinhal,bed_bath_table,158.0,25.95,183.95,delivered,2017-09-16 15:26:00,2017-10-19 00:00:00,2017-09-27 13:20:29
4b06a335eb20f25b8c5ba42e29355b6a,1ebd0576563f72dc090bbfb7c4068f45,DF,brasilia,health_beauty,90.0,11.72,101.72,delivered,2018-04-26 14:39:46,2018-05-11 00:00:00,2018-05-03 20:16:54
cf5e18822d6c886902d93a7a709a8950,1a52bb8ae883e2c0beda943ac08e8f42,MG,pirapora,computers_accessories,7.99,16.11,24.1,delivered,2017-07-31 20:27:43,2017-08-22 00:00:00,2017-08-08 22:24:44
72b5838d29bbaafa945d07bcbc2d7d31,1e59262647f8865c06d68c802a5eaaeb,MG,belo horizonte,bed_bath_table,89.9,17.88,107.78,delivered,2018-01-22 21:43:28,2018-02-16 00:00:00,2018-02-01 14:43:42
2bc76dc101f9fa63d195e341cd11a649,656d4ae23fefb8f2a2d6601c0f8f989a,SP,sao paulo,health_beauty,25.9,9.34,35.239999999999995,canceled,2018-02-22 17:09:58,2018-03-12 00:00:00,
37f911dd56e9bd520b23d4ea1fd65236,cdd20755602f3ea8d943ba1a435b26ea,SP,sao paulo,telephony,27.99,7.78,35.769999999999996,delivered,2018-02-09 10:14:28,2018-02-23 00:00:00,2018-02-19 21:19:04
8024bee268e76b6cff9da86da00f1490,04eb4e845e65d2c3ae9f85f2a0be5518,SP,paulinia,auto,139.9,14.75,154.65,delivered,2017-03-14 09:22:56,2017-03-31 00:00:00,2017-03-22 13:34:35
ac9c563c1293db37e4a035f8ee3763db,91dc92aa21acc446f71c96dbfc7f0bdc,RS,caxias do sul,baby,85.0,15.34,100.34,delivered,2017-12-04 14:20:05,2018-01-05 00:00:00,2017-12-20 09:12:42
fa3475ba2bc8960e12e2421b5883c340,16acec74e41fe3a38261cfc6c1ef0830,SP,sao paulo,health_beauty,48.89,8.27,57.16,invoiced,2017-10-19 19:37:20,2017-10-31 00:00:00,
9bf24c99c60f8ca327fd952471b5bee2,ed776320ce6ea9a8ecbfac4bd91a9b99,MG,joao monlevade,health_beauty,40.0,15.1,55.1,delivered,2018-01-06 11:57:52,2018-02-05 00:00:00,2018-01-26 17:42:11
2df6cb09f0e8e22d0a5a5821ea65556c,e2296f1411e9227cf190016c46a52fa6,SP,lencois paulista,bed_bath_table,149.0,44.84,193.84,delivered,2018-07-05 00:35:45,2018-08-01 00:00:00,2018-07-12 17:51:18
09c55723561623b19ad72cf0299d58bc,ddf701b98740be6f2798814e7f730fba,PR,marechal candido rondon,bed_bath_table,89.0,23.42,112.42,delivered,2018-08-22 09:42:27,2018-09-10 00:00:00,2018-08-29 00:46:33
d6b655645db45dd1b22bcad86e108278,fe6db9c6a1a30ca55742eaf095e3032a,SP,sao paulo,luggage_accessories,102.9,17.97,120.87,delivered,2017-07-05 20:35:59,2017-07-27 00:00:00,2017-07-21 13:18:33
c639d319e7a759b47c407201b57d5522,ec7c3e7a2b9a001eda260c218be130d5,RJ,rio de janeiro,auto,87.26,15.32,102.58000000000001,delivered,2018-01-18 19:27:58,2018-02-09 00:00:00,2018-01-29 19:56:47
3933b7e5a1db4b87455b4c0a6c561690,3ae92a964a00b29e2f5ef5ab0fa8c0ad,CE,fortaleza,sports_leisure,39.9,17.63,57.53,delivered,2017-07-14 09:20:25,2017-08-17 00:00:00,2017-08-09 20:51:30
7298f7a474d54998fe1d4c98f0779eff,cd3058dc8561e821c462950c8f960d51,RJ,rio de janeiro,housewares,69.9,16.74,86.64,delivered,2017-08-04 22:46:46,2017-08-28 00:00:00,2017-08-18 16:35:08
caec6ec3266608cf43f2abc14334a25f,2a3fb66a1bbefd483aae093585f49742,SP,sao paulo,garden_tools,22.99,8.29,31.279999999999998,delivered,2018-04-20 11:57:52,2018-05-09 00:00:00,2018-04-24 19:21:50
2044501bdcafe207535528038a6089fe,7aa78b3177f36d854c640ef8bf5902bc,SP,carapicuiba,watches_gifts,79.0,15.3,94.3,delivered,2017-11-08 09:03:48,2017-12-01 00:00:00,2017-11-13 19:57:10
1f7d17608a000d5ba90ed31a6faa231e,12d60b3f10be6303d4ed41fc27a0e490,SC,criciuma,garden_tools,59.0,17.66,76.66,delivered,2017-12-07 13:45:56,2018-01-08 00:00:00,2018-01-09 23:07:28
736401dfe860545394d24b098b2728eb,6345b744eece6f95fc5f45abd26cb7aa,ES,serra,telephony,29.99,16.05,46.04,delivered,2017-05-01 19:46:04,2017-05-29 00:00:00,2017-05-13 07:15:39
b5e095024706f86e26f9ae88b1d81811,0af8d59b2f4cd9169b2abc898f0e7b31,SP,jundiai,bed_bath_table,69.0,13.5,82.5,delivered,2018-01-03 03:24:57,2018-01-26 00:00:00,2018-01-12 23:11:11
97190f1266ff922bc8bab1fde79fbec0,155af62b6c947689a67af5c16acd5c55,MG,novo cruzeiro,bed_bath_table,199.9,21.89,221.79000000000002,delivered,2018-02-14 17:44:50,2018-03-12 00:00:00,2018-02-23 18:35:14
b237e3e48b008b3ee341df062216e47d,6987c9a8e547ca6553054282cf1ac2b0,SP,sao paulo,furniture_decor,59.0,12.75,71.75,delivered,2018-02-05 00:09:43,2018-03-01 00:00:00,2018-02-14 13:09:26
62a68781c6f891e4e7032cc4f0fede03,4ea84245bb51d89f7ea345cf74de259f,SP,cerquilho,housewares,58.9,17.12,76.02,delivered,2017-10-27 18:43:34,2017-11-21 00:00:00,2017-11-06 23:21:14
51d70226d271148b34f0ae2a6aaef7e8,3d88eb9dbdae62a25db397df10cec4ec,RS,porto alegre,home_construction,150.0,40.04,190.04,delivered,2018-08-06 00:44:16,2018-08-17 00:00:00,2018-08-17 19:08:40
7681bce993e841ae140c728b7c8f1b9c,6422bfe69991c1b3c75662e99a9f51e2,PE,recife,watches_gifts,72.0,17.78,89.78,delivered,2018-02-02 03:42:48,2018-03-07 00:00:00,2018-02-21 15:59:03
3223c7798d7a714bf9d03c6e231869e6,d3d8624c6501cdcaff50a1b8dbca1d5e,GO,goiania,computers_accessories,68.0,14.23,82.23,delivered,2018-01-24 22:40:31,2018-02-20 00:00:00,2018-02-19 19:41:41
c2628077fa4edd2ebee4f13e2f58368c,878f5506271924443c6b5d51625cb18b,RS,gravatai,telephony,110.0,14.52,124.52,delivered,2017-08-30 16:43:44,2017-09-25 00:00:00,2017-09-05 21:40:05
442f0c23874c2066610c590e95ebfa4a,8abd3a4569cb040652fda5ea7f563f13,SP,ribeirao preto,health_beauty,74.9,14.6,89.5,delivered,2018-03-30 21:44:53,2018-04-26 00:00:00,2018-04-11 17:36:29
742e519465c1d0ed1dc1664ad04ba238,44bb109ed74da8a1651f3e8886eb56e5,RJ,rio de janeiro,computers_accessories,61.4,22.36,83.75999999999999,delivered,2018-08-02 22:01:27,2018-08-31 00:00:00,2018-08-22 23:31:49
16211bb7c07fe77216ea0a0074954ead,6941fdc5646f577beb9c6258cfa95702,CE,fortaleza,computers_accessories,49.0,37.04,86.03999999999999,delivered,2018-03-20 10:54:13,2018-04-16 00:00:00,2018-04-06 22:48:27
617ac8c25042d947ab469129213fa435,1458e8048a02a286abe93ab981f5be0a,SP,poa,housewares,199.0,42.15,241.15,delivered,2018-05-14 19:05:26,2018-05-30 00:00:00,2018-05-19 13:38:49
19f9ab36cda8d833cc1ea61fa046030d,8e7c51c145cb77c82c1cc203dd683390,RJ,rio de janeiro,computers_accessories,217.9,17.24,235.14000000000001,delivered,2017-05-25 16:09:40,2017-06-19 00:00:00,2017-06-05 12:50:07
fcc92ad75bbb8728d4d4488325ffc907,f7094d4271d1de526d9a9f47d1d5ddda,MG,ipatinga,home_construction,129.95,59.76,189.70999999999998,delivered,2018-03-24 09:22:32,2018-04-17 00:00:00,2018-03-31 15:48:36
c37055276c0cc69b996259acf465906b,2a8c7c4aece32db48d9c7ed02fcca752,MG,contagem,bed_bath_table,29.9,15.1,45.0,delivered,2018-02-17 19:25:30,2018-03-13 00:00:00,2018-03-14 22:11:59
5b113b47da093bc2cbbc7797aeee7994,35265d972a3f3e1c348e8c280ae3afd4,MG,uberaba,computers_accessories,28.9,14.5,43.4,delivered,2018-07-20 20:25:01,2018-08-13 00:00:00,2018-07-28 19:10:45
b6cf32bbf714e2bc090814145da801db,f2fe5e3e7cb3576ee2f27320fb082c39,SP,ribeirao preto,watches_gifts,54.99,15.13,70.12,delivered,2017-05-24 11:20:34,2017-06-16 00:00:00,2017-06-05 14:50:05
a5e4943ec70814fda473b21faaba42cc,3977023445b2ffaa62e934c2f6da3a28,BA,salvador,telephony,13.98,15.79,29.77,delivered,2017-05-08 09:59:01,2017-06-08 00:00:00,2017-05-29 14:58:05
f34c3736b33b7d0c9eaaac33ac7b1ba5,4b599442ff4a54a2bd46ec60a441afd5,GO,goiania,bed_bath_table,78.99,26.63,105.61999999999999,delivered,2018-05-23 13:19:46,2018-06-22 00:00:00,2018-06-06 15:06:57
95de62498e177002f6ef1949e2e788ea,837525782a99405a7e8d6f3795240da8,RJ,rio de janeiro,housewares,39.0,15.11,54.11,delivered,2018-02-07 19:29:00,2018-03-06 00:00:00,2018-02-16 22:37:18
8ca359188415aaef358f04e23e462a43,d4e0a40d44b930bbcd60981238ca3b91,SC,joinville,computers_accessories,49.9,15.1,65.0,delivered,2017-09-23 13:04:31,2017-10-20 00:00:00,2017-09-30 13:37:40
e7f4523b6b3d8e132da47b94e7b09235,865596c51fb15badeea1d33d62614c80,RJ,mendes,stationery,29.0,18.3,47.3,delivered,2018-08-06 10:25:44,2018-08-29 00:00:00,2018-08-14 13:22:35
056ab23f23c13e810d9ab8cbf9fd477d,b3bda7119957fa2b748eae87e839c41e,SP,franca,watches_gifts,669.9,16.19,686.09,delivered,2017-10-18 13:54:02,2017-11-06 00:00:00,2017-10-24 21:46:14
6ba06eb3610c318076f9f5c01afb34ef,20badbb5868646fff1b2006fd7b086b4,SP,fernandopolis,health_beauty,184.99,13.63,198.62,delivered,2017-10-27 13:27:52,2017-11-10 00:00:00,2017-11-07 00:36:41
bedae710c15c4eabcfc42f4ea12c680e,92c80fa40240fc1d185db302b8ee103f,SP,sao paulo,housewares,99.9,16.33,116.23,delivered,2017-11-11 12:50:36,2017-12-01 00:00:00,2017-11-22 02:03:38
109a35c1841b46949fe3d7858f67ef1f,552dba3033a5799623de5709d29ad227,SP,itaquaquecetuba,food,85.0,14.68,99.68,delivered,2018-06-09 10:45:43,2018-06-28 00:00:00,2018-06-16 00:28:36
4c5d1f62e7eaa8c0f05fbe1b048ee690,de0bf4b52c6b76e5ddc39b9bd24bbb26,GO,itapaci,watches_gifts,29.0,15.1,44.1,delivered,2017-11-21 11:35:54,2017-12-13 00:00:00,2017-12-01 14:46:56
df6c1db4ad957928715a81ce54563895,731a127666e5bc79810ebdc48eeff385,SP,sao paulo,bed_bath_table,88.9,12.96,101.86000000000001,delivered,2018-02-13 22:54:17,2018-03-06 00:00:00,2018-02-20 18:17:05
fe8f4055f38e22b71472cea8d0d2ecbf,08d4a52e91433741a01c445badbcdd17,RJ,campos dos goytacazes,garden_tools,664.9,24.73,689.63,delivered,2017-03-29 15:06:13,2017-04-20 00:00:00,2017-04-06 14:34:10
ff0c42884b1cfcd5376cc7dac8ebe375,ffb97d5c003c8ac5f9e57ca0f0846f45,PR,candido de abreu,health_beauty,67.9,17.73,85.63000000000001,delivered,2017-11-30 18:50:32,2017-12-29 00:00:00,2017-12-26 16:13:03
607eee584aa2eb64b8e9464c5e590efc,8122e15fce36d529095c4a544cfb422d,PR,marmeleiro,bed_bath_table,135.0,18.2,153.2,delivered,2018-02-24 19:47:16,2018-03-23 00:00:00,2018-05-04 20:32:36
47cb6230e12948960e82a4924f9ca0b1,0ac3899e77ef2167267927ffc100a106,SP,sao carlos,baby,48.9,9.44,58.339999999999996,delivered,2018-04-09 20:09:44,2018-04-19 00:00:00,2018-04-12 13:09:33
16c4141aba032aee4127e9c20e5df44f,da99b7acb98c250200a2310e6e7b029a,MG,visconde do rio branco,perfumery,56.99,15.15,72.14,delivered,2017-12-10 03:14:25,2018-01-12 00:00:00,2017-12-29 16:13:21
3eabaa998b43c58b0d27b9afa79060ad,109ee69499d4bd216b76e739256d1275,SP,sao paulo,electronics,89.9,13.93,103.83000000000001,delivered,2018-06-23 22:38:49,2018-07-18 00:00:00,2018-06-27 16:08:55
69cf676c0ee712f46af49c4b353f639a,a8e7e46ac6445c015b64f296cdb91736,SP,sao paulo,pet_shop,103.0,8.49,111.49,delivered,2018-05-17 16:55:05,2018-05-30 00:00:00,2018-05-21 18:16:36
c2859f3c830b3fab51d945c1c0ef45fc,cc325e9b074bc941ca5cf18c2787559d,MG,sao joao del rei,auto,60.0,19.61,79.61,delivered,2018-08-22 10:54:37,2018-09-03 00:00:00,2018-08-28 20:53:31
e2fbbc5e799749941a23275230ee1d8b,17ead611df481240faa3e00afb8560a0,SP,ubatuba,electronics,139.9,22.61,162.51,delivered,2018-03-03 15:25:40,2018-03-21 00:00:00,2018-03-14 01:48:48
ef2d4e1e249df529bd9607d86aac1422,dc0b888e7569dd142a2dbeeeccc415ad,MG,belo horizonte,furniture_decor,299.0,25.74,324.74,delivered,2018-03-10 10:19:05,2018-04-05 00:00:00,2018-04-02 20:25:51
5bdb3afa1eb436b9c3de3957a486980f,98f118214ff3eed20db45a03da54352e,MG,ipatinga,construction_tools_lights,46.0,18.42,64.42,delivered,2018-06-21 08:29:29,2018-07-17 00:00:00,2018-06-26 20:24:34
765442de6466c0bb079c22b8b20e0eab,62875d300d81b5f33990d8bd3ef103be,MG,piedade dos gerais,cool_stuff,349.99,17.66,367.65000000000003,delivered,2017-01-09 17:50:06,2017-02-17 00:00:00,2017-01-13 08:53:45
111cad04d7595482f30e12764539fcbc,222e0b86b155d2652dedfd54262301bf,SP,osasco,health_beauty,13.99,7.39,21.38,delivered,2018-04-06 18:14:21,2018-04-23 00:00:00,2018-04-11 22:08:31
c155ef1f20c6a210e6ba29644b4d578c,a24766c7aa784e75c989740cd3d3e9a7,RJ,rio de janeiro,garden_tools,350.0,20.69,370.69,delivered,2017-05-06 18:49:21,2017-06-05 00:00:00,2017-05-15 09:54:41
9c3059c9036686226d8c445338bfdcc1,cc880daadf0374cbe3853c29e9990685,SP,ribeirao preto,pet_shop,19.9,12.8,32.7,delivered,2018-08-20 09:22:38,2018-08-29 00:00:00,2018-08-24 22:32:44
2118150cee01ae2de04990d1ec2d748f,d6fcf5fcbd433a96070c62c9f20cf291,PR,sao joao do ivai,watches_gifts,179.0,23.18,202.18,delivered,2018-07-28 07:54:14,2018-08-28 00:00:00,2018-08-15 16:16:42
10d5f0eaccc82a1edadfdf784a8c2928,236230fc929fc51e8c2b6e699cd31ed2,SP,sao paulo,computers_accessories,28.99,8.36,37.349999999999994,delivered,2018-08-20 21:59:44,2018-08-28 00:00:00,2018-08-23 21:11:42
cc93f3b0bbc28bf5e1bd3ff40b4b2666,e7063b5898bfb640e26cb07a8c12f835,SP,presidente prudente,drinks,19.9,13.37,33.269999999999996,delivered,2017-12-22 14:45:15,2018-01-22 00:00:00,2018-01-03 17:58:03
fc2b731f9c539d7f27f5e598f9c14e59,a004a1f8fe9553aaf6e36fe06b52a9d7,GO,novo gama,cool_stuff,819.0,20.49,839.49,delivered,2017-10-16 10:07:40,2017-11-08 00:00:00,2017-10-28 14:31:59
03d842e44ef7cae41da34acb402983fa,745e1490d4eb16895c8556c44973f64a,DF,brasilia,auto,59.9,43.22,103.12,delivered,2018-07-20 10:46:14,2018-08-09 00:00:00,2018-07-27 15:44:50
5c582483eb0e06d5cf970b645fe51c58,914c3cd6fb8eecd06556acd1ab061416,PA,castanhal,toys,139.99,27.52,167.51000000000002,delivered,2017-06-05 23:33:27,2017-07-10 00:00:00,2017-06-30 15:12:28
6c6971df6cfa20527e3e3d32aded78b1,e91a66767e2d402a7ad1dbe8ee9cd690,SP,guaira,christmas_supplies,25.0,11.85,36.85,delivered,2017-12-30 16:45:59,2018-01-30 00:00:00,2018-01-17 20:43:50
47ef317b6ad85b53ec37aa600167f80a,c31e90e1170e7ed700d11456029a162b,PR,londrina,air_conditioning,59.9,11.81,71.71,delivered,2017-04-08 21:10:05,2017-05-02 00:00:00,2017-04-18 16:55:19
b59ded0e2e4eb91f0a599b177a267f30,71ae3699e3613dbb5924fac49d515223,SP,guarulhos,bed_bath_table,241.89,32.72,274.61,delivered,2017-10-15 12:54:57,2017-11-01 00:00:00,2017-10-23 21:48:37
146f83fbe74a8608adecd4b19c1597fb,175d66dd9a312a63f9082689fa7b665c,SP,santa barbara d'oeste,health_beauty,47.65,7.39,55.04,delivered,2018-03-22 13:41:17,2018-04-04 00:00:00,2018-03-28 19:28:30
08e4ccc1239f87c9220cd6a87996d455,8af17078122640cfb1a03b9514b1b971,RJ,rio de janeiro,fashion_shoes,27.9,12.47,40.37,delivered,2017-08-21 16:14:39,2017-09-15 00:00:00,2017-08-25 15:38:39
97a2832ad65391074f5b36aa6d4de17f,3fce5d537624ff9bd1460cd32c60f09e,SP,santos,luggage_accessories,299.9,13.19,313.09,delivered,2018-03-24 11:38:29,2018-04-06 00:00:00,2018-03-27 14:17:34
41f96c03eb68bd14c41a74e504ddcdbf,aa541fa381d763426a5a445ad2dd0d70,SP,sao paulo,furniture_decor,169.0,12.52,181.52,delivered,2018-04-09 21:41:00,2018-04-25 00:00:00,2018-04-16 16:28:56
63a3eb68025b31c84a0bfca8a8b27ec3,1837c1fae016f1f0aedaae13fe6c24e5,AC,senador guiomard,housewares,177.99,45.1,223.09,delivered,2017-12-22 12:36:18,2018-02-19 00:00:00,2018-01-05 22:17:04
6e81be400198dabb3a353cc5c25f7fbf,be31a1e27da956701733eb601f0738ae,SP,sao paulo,furniture_decor,75.0,13.08,88.08,delivered,2017-12-30 10:07:59,2018-01-19 00:00:00,2018-01-08 17:19:31
fe0b65896fefa5e3ed76059830c2e49c,9f73c7d14fa33cf0c112c7a393c30900,CE,fortaleza,food,99.0,39.99,138.99,delivered,2018-07-29 21:55:10,2018-09-20 00:00:00,2018-08-07 17:13:24
68265b6cfdb0170c7068b6738b6272dc,06c5859a120871e8c2f4a920d7cf50cc,SP,sao carlos,computers_accessories,98.44,13.81,112.25,delivered,2018-04-04 00:02:55,2018-05-07 00:00:00,2018-04-13 19:02:46
89bc56fc811f39de05111fa8d720ac60,ff95640b1b541ba71eaa077fd1853ca0,SP,lencois paulista,computers_accessories,49.9,11.85,61.75,delivered,2017-08-04 10:48:52,2017-08-24 00:00:00,2017-08-11 16:27:30
dc35d914cb83cf05c85cdceb99c77989,a0473c784973eb981e835a87128c35ca,RJ,volta redonda,fashion_bags_accessories,49.0,18.23,67.23,delivered,2018-03-09 15:01:01,2018-03-28 00:00:00,2018-04-06 20:56:56
94025de10c28a35becc4666e4d661698,4c415fb7f61fd0cd63dfafdd6bc9396f,SP,sao paulo,toys,44.9,7.78,52.68,delivered,2017-08-24 19:24:19,2017-09-06 00:00:00,2017-08-28 13:32:51
588e9a3844482484a31e604c2767b82f,b6772272aa4f122662a3d014a0bd7b4a,MT,lucas do rio verde,toys,42.49,52.48,94.97,delivered,2018-03-24 21:50:02,2018-04-24 00:00:00,2018-04-05 20:56:33
6e70c44e566a92cd1ef6b7bc8631fece,6f657798db8faf0781e345923ff13175,SP,barueri,computers_accessories,179.9,25.61,205.51,delivered,2018-07-31 11:14:33,2018-08-17 00:00:00,2018-08-09 19:18:24
e11161681691ee93c18b648ef563c05d,cf2e63f9862eeb97d00b2e072df28db0,DF,brasilia,pet_shop,39.99,15.38,55.370000000000005,delivered,2018-06-11 14:35:12,2018-07-04 00:00:00,2018-06-18 17:03:51
f7b36c01be1079bc109e367668456ea9,245d26278365b988453ae961bd473817,SC,sao lourenco do oeste,bed_bath_table,149.9,18.3,168.20000000000002,delivered,2018-02-04 14:21:21,2018-03-08 00:00:00,2018-02-21 21:58:55
43b68bc17b7182a73f19829a1cbd4333,9a8b7a30b4598a9714ba770d034a3d89,RJ,sao joao de meriti,baby,59.99,15.26,75.25,delivered,2018-01-30 15:55:22,2018-03-01 00:00:00,2018-02-25 10:35:08
5f2a1ec22eca170ab81c30ad2ba13a23,872778fcecdddc0e5036f1eba0dc6f5c,MG,contagem,furniture_decor,10.99,15.1,26.09,delivered,2018-02-14 12:04:23,2018-03-08 00:00:00,2018-03-06 02:18:03
9bbcf2413e13209e34df2de7b7ce161c,328027d573d3b5c58a2f13f21bf8bc92,SP,sao paulo,bed_bath_table,45.9,9.34,55.239999999999995,delivered,2017-11-05 15:45:54,2017-11-17 00:00:00,2017-11-09 14:52:38
d09d9dcfc60768eca86d23524469aaac,be2770aaf0335d97bc4c9dbe71c78960,SP,batatais,construction_tools_lights,250.0,37.77,287.77,delivered,2018-03-22 17:45:00,2018-04-11 00:00:00,2018-03-29 00:05:28
28763f36038db84d7ab6ff7b3ef9774d,60dce986762313a6e0b5d1ff0ecde379,SP,sao paulo,furniture_decor,69.9,11.1,81.0,delivered,2017-02-04 15:05:16,2017-03-01 00:00:00,2017-02-07 10:05:08
8cc424a5c8314e99e6e6027b99655b0f,e18c9d691720be91af5819c7d43abcbd,SP,sao paulo,toys,99.9,15.46,115.36000000000001,delivered,2017-12-15 22:51:28,2018-01-15 00:00:00,2017-12-23 19:22:49
f05ef3ecdb7796d93e204c0a7ab76759,f27ce86890789e9bc697ee9d66e13860,DF,brasilia,watches_gifts,245.0,19.59,264.59,delivered,2018-05-30 20:36:20,2018-07-12 00:00:00,2018-06-06 19:39:03
b1526359b93e19d491c0eaa5b2c053ec,c9d1abc0b230150138b5716c0f5720db,RJ,rio de janeiro,bed_bath_table,199.9,27.48,227.38,delivered,2018-05-01 14:21:26,2018-06-08 00:00:00,2018-05-24 16:28:36
09c103240d66c0e0d945071a9518d6ee,dc0ede71afcb9839bed5050275837159,SP,taubate,luggage_accessories,109.9,14.94,124.84,delivered,2017-02-03 22:33:38,2017-03-02 00:00:00,2017-02-15 18:55:59
2261ff9e6868359245db75320f7e768c,ba0c4da87f8b5170876eb429fde7613d,SP,cubatao,auto,14.99,7.78,22.77,delivered,2017-11-29 23:56:39,2017-12-15 00:00:00,2017-12-04 18:23:25
fac17da5f9e089e094cb2e19a4415d13,06d0da3dd5b13731a3f9e3fb081da112,SP,sao carlos,health_beauty,85.5,13.04,98.53999999999999,delivered,2018-05-11 14:33:36,2018-05-25 00:00:00,2018-05-18 17:22:49
d19acda84401ddd96d382870335feb6b,13b9ff0b6ee2efabcd266b7ab0d3d1c5,MA,barreirinhas,auto,51.2,34.16,85.36,delivered,2018-02-12 13:34:16,2018-03-16 00:00:00,2018-03-06 01:04:26
a8e07b5f89eea93b13c38bab2e06b185,d8a103868a93aebd7e1ab36d7eaf65dc,SP,itai,health_beauty,68.9,16.24,85.14,delivered,2017-11-10 13:12:04,2017-12-07 00:00:00,2017-11-16 21:14:52
aab7b04f45546e03e7c86b9e8f12368e,6a9d8ebad6be7bdae3088a5416e7fe99,MA,sao luis,housewares,19.9,31.02,50.92,delivered,2018-02-22 23:12:56,2018-03-22 00:00:00,2018-04-11 17:51:25
0b90ac9175a39196661a45b34be587e4,17937682a0684a1fb193dbc4173e4103,SP,sao paulo,bed_bath_table,109.0,22.58,131.57999999999998,delivered,2018-08-03 09:54:45,2018-08-15 00:00:00,2018-08-11 14:28:26
eea28ef28b84c9907e7417c41813bd34,1b57eee21c47dbcd808f23d6f5e50957,GO,goiania,watches_gifts,899.0,21.05,920.05,canceled,2017-10-09 15:46:07,2017-10-30 00:00:00,
fdf8b612a318d48e808e069e22f8222d,6a1789624e4dd9c4e708f5f886a65160,SC,sao miguel do oeste,pet_shop,105.0,27.69,132.69,delivered,2018-08-14 10:24:45,2018-08-31 00:00:00,2018-08-27 10:42:28
3b51a2309bc5f73a379b1cd00ba5ad01,8c38f215b0ac615b144af49067a1bedb,SP,guarulhos,housewares,124.2,8.12,132.32,delivered,2017-05-21 21:10:39,2017-06-09 00:00:00,2017-05-25 10:22:20
85ed4ea9966969e844099fe5304f586b,4dfac444d58e54d85ab28e0a45a00494,SP,santo andre,watches_gifts,35.0,7.78,42.78,delivered,2017-08-03 08:21:01,2017-08-16 00:00:00,2017-08-04 19:18:04
fc5701b47c62ca3a3f7c2514cd5edc56,a71c42ad6b9c91971e3bdd259d80c56f,SP,sao paulo,toys,75.0,7.78,82.78,delivered,2017-10-25 12:18:10,2017-11-07 00:00:00,2017-10-27 17:31:52
b07bf2d32756618446d0cc1896d2eedb,b4224936e820cb80c7f012043936f6c3,MG,monte santo de minas,auto,51.49,18.24,69.73,delivered,2018-03-26 19:48:17,2018-04-17 00:00:00,2018-04-12 02:58:22
28f0cec71eeca821990dac072c20cb12,995ba139e8dbfdeedf2d06250cc465e7,RS,dom pedrito,bed_bath_table,79.9,26.86,106.76,delivered,2018-06-27 17:24:01,2018-08-03 00:00:00,2018-07-06 11:08:41
6df0e5a8b0965f06d2e1219c846e1ad8,6ce8ed350919be94899fcab482036a90,BA,salvador,telephony,170.0,10.32,180.32,delivered,2018-07-29 08:36:22,2018-08-13 00:00:00,2018-08-07 16:38:51
d9e0e6c219155daf624e2cd31056d474,200d283e41698b39d36e3dbe9686d828,SC,itapema,electronics,13.65,18.23,31.880000000000003,delivered,2018-04-02 10:09:23,2018-04-25 00:00:00,2018-04-10 18:24:36
cc9782f02aae34f01d12f3dbee4d5d93,ca77025e7201e3b30c44b472ff346268,PE,recife,cool_stuff,10.99,37.04,48.03,delivered,2018-05-03 06:11:22,2018-06-04 00:00:00,2018-05-12 17:58:30
033abfda50a317e7664dc789031fbdef,f560ca3ef0df021521ff6fb537483b2f,SP,sao paulo,toys,117.0,21.26,138.26,delivered,2018-06-21 17:15:17,2018-07-16 00:00:00,2018-06-29 21:41:06
194722a4c1cad67f5b368dce6edcc88a,afcaa603b2034ed8d7c3bd09586ff15a,SP,maua,cool_stuff,69.9,8.29,78.19,delivered,2018-03-28 16:30:53,2018-04-10 00:00:00,2018-04-06 20:56:50
f3f9b48af7d08820e387bb0ead261105,73b142838ac14f005d6c3b66ac32f61f,SP,campinas,cool_stuff,119.9,17.75,137.65,delivered,2018-03-16 15:31:03,2018-04-06 00:00:00,2018-04-02 13:28:32
98dc9b1a84fd406155ed39ab4027c61e,4b0dd1a7511b4042871f9382a9c323d2,MG,bras pires,telephony,24.9,15.1,40.0,delivered,2017-09-03 14:37:04,2017-09-27 00:00:00,2017-09-08 18:03:30
cddb49503674fc983e56f506266cb68a,588d9c533b57582a00dce71dbda73fc3,SP,sao paulo,garden_tools,55.0,8.88,63.88,delivered,2018-05-12 13:32:27,2018-05-23 00:00:00,2018-05-16 21:51:27
8628004441d1bfed0eba2925c11f0a9f,159d2ae0c3234b0dcaf35bd844a99564,SP,itatiba,construction_tools_lights,46.0,7.39,53.39,delivered,2018-06-06 07:53:07,2018-07-03 00:00:00,2018-06-08 19:08:32
d9fa97948dc9dca5fd5f87d28e1f8f6d,a5782905d18c0d30d5dfbf6f2a864719,RJ,rio de janeiro,bed_bath_table,199.9,15.15,215.05,delivered,2017-06-15 16:03:21,2017-07-10 00:00:00,2017-06-28 15:47:43
8b2f26bb118efedc4e82ab2f14f64106,b53511e0bbf90c3934069a666ae37004,SP,botucatu,garden_tools,59.9,13.44,73.34,delivered,2017-10-02 16:41:43,2017-10-24 00:00:00,2017-10-13 23:44:05
7fd7278c76aae9bebdb986cfcd977150,62723280acb06d0262089399552c8f20,SP,sao paulo,furniture_decor,150.0,15.95,165.95,delivered,2018-05-21 01:09:57,2018-05-30 00:00:00,2018-05-25 16:07:37
66bc1623ea6b06835dc37b5ec1c95a75,d389695c178dddc47317fe37641f0058,PE,caruaru,stationery,189.0,29.72,218.72,delivered,2017-11-20 22:14:42,2017-12-19 00:00:00,2018-01-12 20:23:09
066debbd2c7642782a8fa6ec60fb6722,c35d100ee9a5dceed9c5dbbdb242cd36,PR,figueira,watches_gifts,75.0,15.28,90.28,delivered,2017-12-04 15:17:54,2018-01-04 00:00:00,2017-12-13 22:35:23
e0940e87c03215f63faf04c6d7675616,231bc8f59c8ade5c0851bde1dac22bcd,RJ,araruama,bed_bath_table,28.9,16.11,45.01,delivered,2017-07-01 21:14:39,2017-08-08 00:00:00,2017-07-26 18:14:29
e77667e4e913dd81cbd1eb473c01fee0,c2493a639f1bd8ec78c6c86a6b7664d5,SP,guarulhos,bed_bath_table,149.9,12.54,162.44,delivered,2018-07-04 21:54:13,2018-07-17 00:00:00,2018-07-11 19:38:43
07711b948fc93b9294d8b5832d0f0a83,945c243464dad8e6b0d9d04ac9a03b7f,SP,sao paulo,computers_accessories,100.0,12.83,112.83,delivered,2018-02-15 12:21:20,2018-03-12 00:00:00,2018-02-26 12:26:38
bfcfc352185cef17fc3a748ff2e921d0,5f6ee3df1bf4c31218d36510db708caa,MG,ribeirao das neves,telephony,149.0,23.76,172.76,delivered,2018-07-29 21:34:43,2018-08-28 00:00:00,2018-08-07 18:38:43
47420d7f7e141ae9974351d8a438f759,9724553bac1f3f92a40de0c99327fb6c,MG,juiz de fora,baby,49.9,15.1,65.0,delivered,2017-09-02 11:37:53,2017-09-22 00:00:00,2017-09-12 17:33:42
972de859f5e4986651981a283159a3b0,93d21068a4b6b2beb2c3cc9d44f948c0,BA,esplanada,watches_gifts,1105.0,34.27,1139.27,delivered,2018-01-09 11:53:29,2018-02-07 00:00:00,2018-01-19 23:47:22
4c460fdf49b517270b6258ba2d3c1ef9,633bd93d8ea8d1b21a3c03a466862f35,SP,carapicuiba,bed_bath_table,127.5,11.91,139.41,delivered,2018-06-14 18:37:58,2018-06-29 00:00:00,2018-06-16 10:12:15
1d47900c5d7d5277e6961367603f8925,6d9288eefd6d0af58e8296658d8575af,SP,sao paulo,bed_bath_table,79.9,8.93,88.83000000000001,delivered,2017-02-03 15:20:03,2017-03-20 00:00:00,2017-02-11 02:41:57
62ce4e3989a3477928510bb4d1064cc4,1b277f8bf9377e4d88b9022df406e9a6,SP,limeira,housewares,26.9,6.66,33.56,delivered,2018-07-19 01:35:59,2018-08-06 00:00:00,2018-07-25 19:41:27
811c07cfc688fdcbdc6802617db18822,f5e565a88e60470ef0608a1ccefe9931,ES,sao roque do canaa,bed_bath_table,129.0,19.87,148.87,delivered,2018-05-28 11:14:09,2018-07-04 00:00:00,2018-06-11 19:05:15
6fbe92e0f9d5a728e3fd2be036b5ab05,7b33826522b69e307e436235a0a6980a,SP,sao paulo,garden_tools,210.0,10.28,220.28,delivered,2017-09-04 15:51:41,2017-09-15 00:00:00,2017-09-12 16:12:32
58e7140d9d368a70076dc999a7a7bf85,236198ab615d09261ebbb64e82cd89a7,SP,sao paulo,baby,29.99,9.34,39.33,delivered,2017-11-17 10:26:28,2017-11-30 00:00:00,2017-11-27 13:06:14
fd03ffe30a095fcca266721a91c74266,ac2d0feec62a1ba0b5d7284220faa403,SP,parapua,cool_stuff,199.0,20.63,219.63,delivered,2017-06-13 18:31:37,2017-07-17 00:00:00,2017-06-23 11:05:14
c55e1514675dc10976509a057394e27f,c735648190da683d5fa4b8dcb3e86e2d,BA,santo amaro,health_beauty,19.9,16.79,36.69,delivered,2017-09-15 22:24:56,2017-10-11 00:00:00,2017-10-17 19:13:22
fea523ebb7e205d346f445544e0a18fd,727cb6c3deda85bd0414830fbaf64c06,RJ,rio de janeiro,bed_bath_table,48.05,21.64,69.69,delivered,2018-08-17 12:46:57,2018-09-05 00:00:00,2018-08-24 22:12:54
6ef68a30425925354c7d5c7d4f664ab4,5917c2b5dd58a629e3fcb5ee5652afe8,GO,goiatuba,health_beauty,18.99,15.1,34.089999999999996,delivered,2017-05-22 22:17:46,2017-06-20 00:00:00,2017-06-02 12:34:34
ee044ff2777c49a97d4be749aa8e24bb,2ddc001b620bd90d0f4378cfde1db887,SP,osasco,pet_shop,89.36,15.51,104.87,delivered,2018-04-04 14:57:59,2018-04-23 00:00:00,2018-04-12 18:24:52
c39c44584dde0d84f912a395af0bef21,1b49ce51d99880de7810b867c49a2c6e,MG,fervedouro,health_beauty,45.4,13.66,59.06,delivered,2018-08-06 13:54:52,2018-08-15 00:00:00,2018-08-14 20:44:52
ea452bd7da485c9376c3112226d21b25,8b29166c3e2b7a11a9d08d33d8c2855d,SP,sao paulo,bed_bath_table,45.9,9.34,55.239999999999995,delivered,2018-02-15 11:25:04,2018-03-02 00:00:00,2018-02-23 17:59:13
9f4f2427a2164a1c60bab5a8426d2e2f,3002a57f25950e0b654ea5100f65df88,RS,manoel viana,unknown,122.99,15.61,138.6,delivered,2017-12-28 11:18:14,2018-02-05 00:00:00,2018-01-08 18:52:52
a316607f76b8992b9ef01d8e7ee6933a,6e0d94e83bae00a64c12c9497158ee1c,SC,brusque,fashion_bags_accessories,29.9,15.1,45.0,delivered,2017-08-04 10:08:25,2017-08-28 00:00:00,2017-08-15 19:54:53
d26844690f17c5d19b50a5862b8d2a45,f34cd460ef8b2c308b4501f0f83e7202,PR,curitiba,housewares,14.24,12.6,26.84,delivered,2017-11-26 20:39:49,2017-12-18 00:00:00,2017-12-05 21:34:54
793c97a0188117b9b0aad84f6cc8883e,6cd76f489000250d2fc53cbfb805250c,SP,carapicuiba,watches_gifts,209.0,13.9,222.9,delivered,2018-04-13 20:43:54,2018-05-08 00:00:00,2018-04-23 23:37:21
ac6e61336e852cdc45fe59ada3763a66,5bdb6f56a8fb4272b802f504bb6d1287,SP,joanopolis,sports_leisure,263.92,14.87,278.79,delivered,2018-02-06 12:16:52,2018-03-06 00:00:00,2018-02-14 14:03:40
c811577fd6f05e9a1e607f874d37204b,192480a06cf2860791cfbc767e1b718b,BA,salvador,construction_tools_construction,16.5,18.28,34.78,delivered,2018-05-16 19:23:21,2018-06-07 00:00:00,2018-06-04 16:51:41
7e4781e7b053db140ebba2ed6e3fde99,e3c04f324e5e7eefacfa710ff436b870,DF,brasilia,costruction_tools_garden,89.0,23.42,112.42,delivered,2018-07-02 08:36:24,2018-07-25 00:00:00,2018-07-10 16:41:12
55c27ec4136ec6d13577c7fb34c62b68,829d6e7a43080e1e26d649f475b9288b,PE,vitoria de santo antao,health_beauty,35.79,25.63,61.42,delivered,2017-11-20 11:46:40,2017-12-21 00:00:00,2017-12-04 21:42:06
c85ea30e9a24abecb353caa26294c81c,736b15c8cfc30911511f5957295f28a9,ES,cachoeiro de itapemirim,books_general_interest,53.9,19.08,72.97999999999999,delivered,2017-04-26 08:19:14,2017-05-23 00:00:00,2017-05-08 16:07:01
cbaa06517efa6c48a336a917c53e2561,6cba2fea42066c8781a30cd92826317c,MG,contagem,musical_instruments,1890.0,170.51,2060.51,delivered,2018-04-25 07:40:21,2018-05-23 00:00:00,2018-05-03 17:05:14
2fc8432d4f906403e2bf04d81163b220,cd36cd7b59aa0a34c594aa8b22cd69e2,SP,tapiratiba,consoles_games,19.9,11.85,31.75,delivered,2017-08-24 11:44:57,2017-09-14 00:00:00,2017-09-06 21:05:38
0e3cde74cd1f1eb5169e698242b094b9,5c0eb0666e8c956db223d20b1f8106df,SC,sao jose,furniture_mattress_and_upholstery,75.0,62.35,137.35,delivered,2018-01-11 18:56:24,2018-02-06 00:00:00,2018-02-02 18:37:30
c52e36e2085e582629bbed918fd61c36,4f37a787ca87fb6a19f73decf509464d,SP,sao paulo,bed_bath_table,59.97,16.67,76.64,delivered,2018-03-01 09:56:31,2018-03-20 00:00:00,2018-03-11 18:48:38
32e761ce606f7a8625682e65990b94ed,3c7a1b8817ce0f7814a53f3fc779bc19,SP,santo andre,health_beauty,16.49,7.87,24.36,delivered,2018-03-26 07:29:31,2018-04-06 00:00:00,2018-03-27 23:58:36
5d6b252b7498a940c9faa592213429e6,43d8583b06491695df9872fa1ef418af,MG,araxa,garden_tools,59.9,17.16,77.06,delivered,2017-04-03 22:00:31,2017-05-04 00:00:00,2017-04-19 14:24:05
982477fb4aaaa4ce97851852d2a28e90,05fb7ad3f212649bbc0757d0ce36851a,RJ,sao goncalo,auto,120.49,14.59,135.07999999999998,delivered,2017-12-16 22:40:37,2018-01-12 00:00:00,2018-02-15 20:28:40
306c38865a76ef1bcf4c98ed5f235673,e3a5f5b4b49e11631edd27a9c6e2f5f7,SP,cotia,musical_instruments,485.0,17.0,502.0,shipped,2017-09-12 08:41:07,2017-09-25 00:00:00,
ab344aaf7040ad7bcee8c7ae7db9e87e,8a51710f291499f45b89aa58c7bbd9a8,SP,santo andre,bed_bath_table,50.0,13.93,63.93,delivered,2018-07-01 15:36:23,2018-07-25 00:00:00,2018-07-10 19:18:35
13755e9cd8234edd7750fb497caf403e,51fb62110fde8d22e80023732c46ef38,SP,votorantim,musical_instruments,189.9,16.08,205.98000000000002,delivered,2018-02-09 13:45:49,2018-03-08 00:00:00,2018-02-21 16:32:47
d2ff49a57446cba2b7cd5b8211d43db4,a7d4bf537dfe277f70e1b63a2ad1534b,SP,limeira,health_beauty,89.99,9.44,99.42999999999999,delivered,2017-12-01 14:16:20,2017-12-21 00:00:00,2017-12-08 14:52:08
a5a8f79e024db5dd26d9b264c2aacb26,481e99bab6ea4d189d6d463e8468d3f6,PR,cambara,home_appliances,29.0,18.23,47.230000000000004,delivered,2018-04-14 14:31:51,2018-05-09 00:00:00,2018-04-20 22:52:28
7fec483949a1002d3d89fbb067f6cfc2,3c40c869d2001e86e3426df52b28984a,GO,trindade,garden_tools,174.8,18.65,193.45000000000002,delivered,2017-05-01 15:16:30,2017-05-31 00:00:00,2017-05-10 12:57:55
001ab0a7578dd66cd4b0a71f5b6e1e41,d1f24d1d504e27bee13b415e40daeab0,BA,salvador,electronics,24.89,17.63,42.519999999999996,delivered,2017-12-27 00:38:47,2018-01-29 00:00:00,2018-01-17 20:43:29
c4a8083dac0f37da8bdc5db37c89bdcd,5e21096c66a37c25f168f48ab3aa83ab,SP,diadema,construction_tools_construction,42.99,7.27,50.260000000000005,delivered,2018-05-19 14:10:17,2018-06-06 00:00:00,2018-05-25 16:15:39
426e4334378411f7d0ebc7ad5894acd7,e382875931fe45be2232c9dd85e4fa1b,DF,brasilia,health_beauty,66.99,23.19,90.17999999999999,delivered,2018-08-14 21:16:47,2018-09-13 00:00:00,2018-08-28 20:51:40
df7c36238f2fe34a946b480a147a040c,0971eea0b7a72ae9ae7050fde417da05,SP,sao paulo,housewares,11.58,7.39,18.97,delivered,2018-06-03 22:26:08,2018-06-28 00:00:00,2018-06-08 20:54:18
2e2ae1b26bad0347f97312736a625b53,015f170c7abe45372b9f0414d901e71b,BA,salvador,watches_gifts,29.0,15.79,44.79,delivered,2017-11-16 23:02:06,2017-12-08 00:00:00,2017-11-27 17:13:02
bf43328103299ae529116e4521e82191,03543e7bcb602107d81abca01f3d94a5,SP,sao paulo,office_furniture,174.99,24.5,199.49,delivered,2017-03-30 16:27:09,2017-04-27 00:00:00,2017-04-12 18:09:05
2f6bbf69e7e15f419cef8a59761df265,d296c3efd7780ca963e6bf6c5fb6e150,MT,querencia,health_beauty,20.0,20.8,40.8,delivered,2017-04-12 20:32:23,2017-05-16 00:00:00,2017-05-05 14:08:10
ae8b5df90eaf220f63f5ed4865cd222c,b60a410d454528f9b70cd6fb479fba68,RJ,arraial do cabo,bed_bath_table,199.9,23.38,223.28,delivered,2018-03-17 15:48:01,2018-04-16 00:00:00,2018-04-02 16:46:46
f5406ee32e8586e5a8834586c65c4187,38e27af584f254dbc7dd081a3a75e80c,RJ,rio de janeiro,bed_bath_table,52.9,22.95,75.85,delivered,2018-04-19 13:38:28,2018-05-29 00:00:00,2018-05-04 21:51:34
48337f7180cd174b07c0560ca8941dce,31eda0e1c859a877ec1fdc3509e22655,RJ,rio de janeiro,food,109.9,16.96,126.86000000000001,delivered,2018-08-24 20:41:12,2018-09-10 00:00:00,2018-08-30 16:31:44
f03420f7fe5633764a9eed270f0cf359,290aaec85f26ac33c2287cb930b84a40,RJ,nova iguacu,furniture_decor,95.9,20.16,116.06,delivered,2017-09-21 02:50:29,2017-10-16 00:00:00,2017-10-06 18:28:58
a91e629d7c60ee83c467d41250528cc5,061e0d9d23f099ebcc78d1c90f94dfbe,GO,luziania,watches_gifts,1623.9,30.56,1654.46,delivered,2018-08-12 17:34:48,2018-08-30 00:00:00,2018-08-22 17:48:55
d56e764f8fe72cb1656efbbc36d504d1,a6affac0f40ec67759b4452a848445a9,MS,campo grande,furniture_decor,99.5,18.85,118.35,delivered,2018-06-13 08:46:13,2018-07-18 00:00:00,2018-06-22 21:54:45
4cddfa3db1f20697139ba4a46c4fd399,8111e35251e270e133f321c2c39b2a9e,SC,florianopolis,computers_accessories,31.9,15.79,47.69,delivered,2017-07-22 19:06:31,2017-08-21 00:00:00,2017-08-17 13:42:42
c0585e6e7446a97905280a732d27ac4a,7ee80de1a077e0aeae1783715ec36476,SP,embu-guacu,watches_gifts,29.0,7.78,36.78,delivered,2017-11-06 14:28:57,2017-11-21 00:00:00,2017-11-09 18:02:31
b33c9bb2caa1d2b9f219b70f6dba7dce,af668a0f61ebe9de87d3f6d6a79ec920,SP,batatais,perfumery,96.99,13.34,110.33,delivered,2018-08-26 23:45:45,2018-09-17 00:00:00,2018-08-30 22:04:58
71a41b640ae7a650cef9587dd0f3cc86,f0e8148270bb4c824828dd0c2edaf1ab,MG,belo horizonte,unknown,18.49,14.1,32.589999999999996,delivered,2018-01-16 22:32:22,2018-02-07 00:00:00,2018-01-24 14:12:46
7fe630fd69c00ef54c9124d78e124256,04fe4ed7afa55ab5fee4dc94ec7ef77f,RO,jaru,electronics,150.0,36.37,186.37,delivered,2017-07-07 11:51:03,2017-08-11 00:00:00,2017-07-24 22:39:39
d2783b3ae3458b44a4ab7cc0169bbde6,3a5e187267ab22976608fffc86276c44,MG,belo horizonte,stationery,98.9,14.99,113.89,delivered,2018-08-06 18:11:48,2018-08-15 00:00:00,2018-08-09 22:57:27
1d6df969542603d9f097e871bff9a9b7,e9fb042476cdddcf08d9537a73107f17,RJ,rio de janeiro,bed_bath_table,29.99,15.1,45.089999999999996,delivered,2018-02-13 12:31:16,2018-03-07 00:00:00,2018-03-14 18:46:34
e53a8a6728d3ba5c3662929455d7a6d3,49fda5633989ae0e429cc3078998ac51,SP,jarinu,computers_accessories,58.0,18.51,76.51,delivered,2018-08-16 22:03:02,2018-09-03 00:00:00,2018-08-27 22:18:43
f9286b76e6aafcf562039ff69da4ef47,6aca95f477ff64c0bec9c5af2f0bd750,SP,sao paulo,housewares,34.2,11.73,45.93000000000001,delivered,2017-10-27 18:26:50,2017-11-21 00:00:00,2017-11-01 13:21:59
6816ae2fd8e9a4a6674dc2eb053da35b,a83cc01cd09394ced3e8c97808d94d7d,SP,sao paulo,health_beauty,29.9,8.9,38.8,delivered,2018-04-07 12:10:27,2018-04-24 00:00:00,2018-04-11 23:04:37
12ada6ec0be92b66bd3392b1764a4588,0421cbe19607719626e374b2347686eb,MG,senador cortes,bed_bath_table,149.0,51.33,200.32999999999998,delivered,2018-08-04 08:55:29,2018-08-21 00:00:00,2018-08-13 16:24:34
37ac5e2848fe9ffaae862a845c5d7ff7,4676d26aeee5695640b84d96de57df7d,MG,pirapora,furniture_decor,38.4,15.1,53.5,delivered,2017-08-07 08:25:57,2017-08-30 00:00:00,2017-08-16 20:39:56
2268107fccbaa5d8b921f82146286350,4df43d4c7d3a093a519dbfe0b9dcc0d6,RR,boa vista,bed_bath_table,269.9,83.96,353.85999999999996,delivered,2018-07-08 19:25:52,2018-08-20 00:00:00,2018-08-07 23:58:48
44c4f29a13457f2c0e36f5520a215609,67f9b5c523158399b3d195486f8ff93f,SP,santo andre,books_general_interest,115.0,15.56,130.56,delivered,2017-12-16 11:27:49,2018-01-16 00:00:00,2017-12-27 15:04:22
cd58e7c862e0fb077541c4b5a331599e,95f2ad130d11d5a1b25185c134ccf392,MG,campanario,unknown,48.9,15.1,64.0,delivered,2017-08-27 15:58:32,2017-09-20 00:00:00,2017-09-06 19:53:10
4ef8fef15b3a1986d266d349b21ab021,f7b4ed4662743e6d6f05652b7479c8d3,RJ,niteroi,sports_leisure,67.91,19.07,86.97999999999999,delivered,2017-03-09 20:16:03,2017-04-03 00:00:00,2017-04-17 15:23:36
6b79c53cc0f1caf6aa3b3c6729cbaa15,0a4e89733ec8fd1072bc583fbcabf1ab,RJ,rio de janeiro,housewares,44.9,17.6,62.5,delivered,2017-08-08 07:54:53,2017-09-06 00:00:00,2017-08-18 17:10:07
fb5162f6bb1fae60905bc92d1f1c6e49,53a727d7d348290e7267679b5c6a45b1,RJ,laje do muriae,watches_gifts,219.0,16.28,235.28,delivered,2018-02-05 21:42:18,2018-03-12 00:00:00,2018-02-20 18:53:27
eec96e109793723fafd793678f1cdcda,cfd4a9fc1ae1cb69ed454350bf99e59e,SP,sao paulo,toys,159.0,14.13,173.13,delivered,2018-02-02 16:21:34,2018-02-26 00:00:00,2018-02-09 17:52:11
eb9467fb82e562d5d44ece6d6b8a42d0,8ccc334fb1c5aa3f2bd12ae5939d3405,MG,belo horizonte,electronics,22.8,15.23,38.03,delivered,2018-03-06 16:23:19,2018-03-23 00:00:00,2018-03-28 01:38:44
b803962943a08a081c52d087e852358c,b88054950162861bde66e9a073293bea,SP,sao paulo,health_beauty,277.72,12.57,290.29,canceled,2018-05-06 20:15:04,2018-05-18 00:00:00,
797d5097cc9c1d3dd3292cb53172672a,066ad00bcceca1e223f671be9e9a5df3,MG,ituiutaba,bed_bath_table,49.99,16.11,66.1,delivered,2017-06-02 12:09:23,2017-06-27 00:00:00,2017-06-16 17:32:20
b29b6b47b5ee24d369956ae7e38d495b,3295c454b9ba12a3adaf3efc83bf5574,RJ,rio de janeiro,auto,179.49,15.01,194.5,delivered,2017-10-26 14:34:56,2017-11-14 00:00:00,2017-11-08 20:57:50
e4056fbb5f5bfa209170515335558cb0,e1138d7339e4fe9cb783f3a04ebe7406,ES,vitoria,bed_bath_table,168.98,17.15,186.13,delivered,2018-03-22 18:01:04,2018-04-23 00:00:00,2018-04-11 01:32:14
4642ed1845e7cd193a89f622e9f4611b,44a4a7cc2c0e9890778117619bdc7a96,BA,itapetinga,bed_bath_table,99.99,38.7,138.69,delivered,2017-08-10 21:17:47,2017-09-12 00:00:00,2017-08-16 18:32:23
653fb84a9e7359c05777a5332a48a876,c5c8349390248aef203390b693cabc8c,RJ,rio de janeiro,cool_stuff,69.99,14.24,84.22999999999999,delivered,2017-07-21 06:06:25,2017-08-14 00:00:00,2017-07-31 18:45:37
53ca14c357e60c77cd57aa96c8f0b4a5,63554d733e37ae21917372ed5635a0d4,RJ,rio de janeiro,furniture_decor,120.0,44.61,164.61,delivered,2018-04-12 19:57:59,2018-05-21 00:00:00,2018-05-02 19:58:28
af8f5e473ef8dd20e4357b3bddf1accd,dfc609c4c7408e13eec3faf2ee8daa57,MS,campo grande,bed_bath_table,126.0,15.98,141.98,delivered,2018-07-18 00:52:15,2018-08-03 00:00:00,2018-07-25 23:56:32
e9de409fda259726830399eaf5fb4e42,176a0069ac5306a9f9618601a15e4e7f,SP,sao paulo,housewares,27.53,8.29,35.82,delivered,2018-05-28 13:52:12,2018-06-21 00:00:00,2018-05-30 11:21:57
01dd912bf415bd6f499af600aebdb866,4c6a5fc3a280205fd9147054195346ff,SP,limeira,furniture_decor,118.9,12.04,130.94,delivered,2018-02-09 23:35:00,2018-02-23 00:00:00,2018-02-16 11:38:58
164eb359d3649dc1dd4bc6adcb1bb0a8,a02dfe6d01fc4946b8a6d13f2ff68e50,SP,sao paulo,baby,59.99,13.44,73.43,delivered,2017-05-12 11:42:40,2017-05-30 00:00:00,2017-05-19 20:07:47
55fe3844ec031c3bf60449b7e37d4d85,706530a9bda6576aa0902ae0be79c689,SP,sao paulo,furniture_decor,38.4,9.34,47.739999999999995,delivered,2017-11-22 16:19:20,2017-12-05 00:00:00,2017-12-01 13:57:52
ae35264f1f3d48dcabac5f8a4044c8fd,e4ccfa373ea458df2fb6914ff4e5e73f,SP,sao paulo,health_beauty,69.0,19.67,88.67,delivered,2018-07-09 17:28:54,2018-07-30 00:00:00,2018-07-13 21:41:45
81897e3300d655ed456f166e3b362b2c,6b44f5fc6f792c4de9bac5bf85b02a82,MG,belo horizonte,health_beauty,110.0,18.57,128.57,delivered,2018-06-13 11:08:56,2018-07-04 00:00:00,2018-06-21 22:46:41
5b9b9b9f3470db72620013b03eec2e3e,f2e6b49d4c29d9ea50b3551892f2cd36,PE,gravata,bed_bath_table,79.9,59.68,139.58,shipped,2018-06-03 00:35:47,2018-07-20 00:00:00,
11ff5f9ab62000ad8044352a96ad4ebf,81058233db7f058c4fd5798fd3e5dc19,MG,pouso alegre,baby,38.0,12.79,50.79,delivered,2018-05-09 12:03:22,2018-06-01 00:00:00,2018-05-18 19:03:35
20415b774cb7182a95736e3c1e4ea5cc,7b35fb694a1c478f507173167fbe234e,RJ,rio de janeiro,garden_tools,59.9,17.67,77.57,delivered,2017-08-28 15:39:42,2017-09-22 00:00:00,2017-09-08 16:07:52
24452cdc2a280a9404d38722fa017002,4b1d10ff78274c6d985be415b43afcc3,RJ,niteroi,sports_leisure,59.8,16.86,76.66,delivered,2018-02-17 12:21:38,2018-03-14 00:00:00,2018-03-07 21:25:27
04f15733e3974c4127cb066cb835cdc9,5b443105e33ee411be7c0f5a5e630366,RS,sao marcos,baby,130.0,18.16,148.16,delivered,2018-02-05 14:04:53,2018-03-07 00:00:00,2018-03-03 15:59:50
77941f056519e1f7a848840651b359b2,9fa5bc89e610ecb708bdc1b1678c88fd,SP,sao vicente,telephony,21.99,7.78,29.77,delivered,2017-11-26 13:11:16,2017-12-11 00:00:00,2017-12-18 19:23:00
9949066ce492fadbb8392177ca22f2a3,10ecd0a38feca46d7c3fa0c53be5c31f,SP,salto,health_beauty,355.0,13.99,368.99,delivered,2017-11-26 13:24:31,2017-12-15 00:00:00,2017-12-09 15:27:09
d94486278633cac5f50e370851d24de6,9072b46e3b68961565477d90b24092e9,SP,braganca paulista,health_beauty,59.0,7.71,66.71,delivered,2018-03-15 18:07:49,2018-03-27 00:00:00,2018-03-19 16:52:07
1e8485e2c6ab027bc875dc4715c72c10,e9deb407d7c3c84d92f82acbeaef5421,SP,jundiai,computers_accessories,249.0,22.61,271.61,delivered,2018-03-25 22:13:15,2018-04-13 00:00:00,2018-04-10 15:44:55
cb47bdb6944b3df9373054e6ab62cf46,c9e88dde299927079d22c21f72ba6e3d,PA,ananindeua,christmas_supplies,116.9,38.37,155.27,delivered,2018-02-12 23:27:44,2018-03-21 00:00:00,2018-03-28 20:03:31
0184d4ddb259e1a4cfc2871888cf97b8,10c573ba276f9857dc6820e0dde57fb8,SP,araraquara,housewares,75.0,16.16,91.16,delivered,2017-09-01 20:04:28,2017-09-20 00:00:00,2017-09-09 15:12:44
fbe41a4974e4a492e085d90e5be0b3e3,0b204f7a8ce8a7b5575b7e5861e3d3ef,SP,sao jose dos campos,sports_leisure,43.2,11.85,55.050000000000004,delivered,2018-01-01 08:45:04,2018-01-29 00:00:00,2018-01-05 14:18:41
9dc716765847e0436278efdb22248d1a,3da044832d726bc92b3d898b249aab53,RS,farroupilha,watches_gifts,898.0,25.26,923.26,delivered,2018-04-12 04:58:12,2018-05-08 00:00:00,2018-04-20 13:32:49
b159d0ce7cd881052da94fa165617b05,78a159045124eb7601951b917a42034f,SC,gaspar,auto,19.7,10.96,30.66,canceled,2017-03-11 19:51:36,2017-03-30 00:00:00,
6e8f171a966c53e6442c158fc328eb1a,3acd10dece665b64d8e4d33f932b49d3,SP,sao paulo,watches_gifts,170.0,12.69,182.69,delivered,2017-12-13 22:20:21,2018-01-08 00:00:00,2017-12-27 00:58:56
6df963d6ce20c72cb119e8090f27c011,16669e4bd8c11be0627f946c2ec1f9ed,SP,cosmopolis,health_beauty,39.8,23.0,62.8,delivered,2018-07-27 23:07:33,2018-08-23 00:00:00,2018-08-08 01:03:35
27890ab4f1e69e4ada365fda76df26df,e962d54c23b52329c603890b62f786c8,SP,aruja,bed_bath_table,29.99,12.79,42.78,delivered,2018-03-09 20:01:45,2018-03-27 00:00:00,2018-03-16 20:24:25
f46d498479ef20f7cbe0d471d9ca0bcd,ee9075a8920482033d6003b4fcd420d3,MS,campo grande,sports_leisure,69.9,20.98,90.88000000000001,delivered,2017-07-09 12:43:10,2017-08-03 00:00:00,2017-07-22 14:52:11
d3cef289324500ecc29f7f0697299919,0e720d86277d573d1f63b61447f09d69,SP,santo antonio de posse,health_beauty,299.0,18.34,317.34,delivered,2017-11-24 19:11:53,2017-12-27 00:00:00,2017-12-05 19:29:03
e1f91cf220920b4e904a151bf35c10a4,6a8f67ab59a354f059761806fa7ca725,MG,belo horizonte,computers_accessories,49.9,16.79,66.69,delivered,2017-11-11 11:02:11,2017-12-11 00:00:00,2017-11-30 11:25:50
b9dd3c9858c240eba0ec042ec9f47c01,b4de17398d2dc5bf217db110c3ba67fa,SC,xaxim,furniture_decor,89.9,41.61,131.51,delivered,2018-07-24 15:46:12,2018-08-17 00:00:00,2018-07-31 21:42:59
3ba333b554f8465f34ff42c71561e53c,a728bc5da8eaa5116a33f5cf04700cd7,MG,belo horizonte,food,56.97,19.37,76.34,delivered,2018-03-16 17:54:14,2018-04-05 00:00:00,2018-04-04 00:21:43
a23d78879cb7bb079e10a2ffe1b43c66,0f984f9ca7135856453915690249541f,MG,contagem,sports_leisure,39.9,14.1,54.0,delivered,2017-09-30 12:46:54,2017-10-25 00:00:00,2017-10-07 17:18:11
a1b9f97c297857f45e57da6387381de5,1479fd41a84fd3737d0705434c33f388,PR,laranjeiras do sul,fashion_bags_accessories,49.9,15.1,65.0,delivered,2017-07-29 13:50:51,2017-09-01 00:00:00,2017-08-09 18:22:29
192162688f179d526243e303ed01abe6,0341bbd5c969923a0f801b9e2d10a7b8,RJ,petropolis,furniture_living_room,329.48,29.04,358.52000000000004,delivered,2018-05-30 13:00:03,2018-07-16 00:00:00,2018-06-08 20:48:24
62b22cf8987a8a48d638c4bcaf7024ce,5a25131d21b035dd0b84c17056e7f0a5,SP,sao jose do rio preto,cool_stuff,93.9,26.27,120.17,delivered,2018-06-28 11:32:14,2018-07-23 00:00:00,2018-07-04 00:18:59
03a10721769c7d8f2fefab105e64fbef,b515b4864f64817fe4c75b08b532f92a,MG,belo horizonte,cool_stuff,118.99,17.08,136.07,delivered,2017-08-11 14:11:42,2017-09-04 00:00:00,2017-08-19 14:45:05
c93dc4b4b4fee08f6cf1f6dba6c7c8dd,43553d9b61fab50e57b9302ff3492193,SP,macatuba,garden_tools,9.9,11.85,21.75,delivered,2018-02-27 18:43:47,2018-03-19 00:00:00,2018-03-07 16:46:09
a4f79d60f934a1fdc35b009f9415a8b3,5655ee330a79bd1fd1e5fb220c2436dd,SP,cordeiropolis,drinks,20.5,22.93,43.43,delivered,2018-04-15 16:48:15,2018-05-09 00:00:00,2018-04-20 18:22:49
fb80ffaa3b13d7c09f9e91f5d8337d26,b020952fb8ae9684fa222563349510ba,RJ,rio de janeiro,stationery,69.0,17.73,86.73,delivered,2017-05-26 09:32:38,2017-06-20 00:00:00,2017-05-31 15:48:46
f64e2aff8ae7de23a6aaeb7b7dcf8bec,65f4479c0ea64d2d077e03324d0063b6,ES,linhares,housewares,142.0,25.73,167.73,delivered,2017-04-25 15:24:11,2017-05-22 00:00:00,2017-05-06 12:14:53
0a2ea907b178650afcfcab07e55b70f6,0dc1fdfbb056ae8f79c53bfe3f2bb173,RS,porto alegre,garden_tools,53.9,21.35,75.25,delivered,2018-04-11 15:36:32,2018-05-11 00:00:00,2018-04-20 22:41:59
da32e0ec629676994bea2c2fa8f0584a,a68ad412c53f45ccc69644d62568224f,SP,santo andre,toys,159.9,11.39,171.29000000000002,delivered,2017-07-24 18:37:54,2017-08-04 00:00:00,2017-07-28 20:41:29
35ea60fdf15c6d4bfaf7750309268f06,8ce427730041ecb8af1cba72b6137c78,RJ,rio de janeiro,garden_tools,59.9,16.67,76.57,delivered,2018-01-27 02:38:53,2018-02-20 00:00:00,2018-02-06 13:26:35
b427e0ed8b6a3055c62312f135330e7e,b366ab5d21683b071ddc914af59365cd,SP,araras,health_beauty,110.32,7.96,118.27999999999999,delivered,2018-05-04 23:19:18,2018-05-14 00:00:00,2018-05-10 22:26:57
7bfbe70d2fa4f8b872ec86a7a51d099b,609b7feab0f0c9726929ec4891447b02,RJ,rio de janeiro,garden_tools,59.9,17.67,77.57,delivered,2017-07-18 19:08:27,2017-08-16 00:00:00,2017-07-26 20:49:58
b37221105bacc5296a24e7b334498547,37199c7a9917cfe96ac736d221e3f5f1,SP,sao paulo,office_furniture,136.99,37.05,174.04000000000002,shipped,2018-02-06 17:41:41,2018-03-13 00:00:00,
1a46be998b91e96ff9bdd066816556d7,9974f0006c73c78942ebe7913f599d97,GO,alto paraiso de goias,bed_bath_table,56.99,16.16,73.15,delivered,2018-02-04 15:17:16,2018-03-07 00:00:00,2018-02-19 19:22:39
76b95d1df7db4efef64048b3f7653dc8,68f0a757dc1e79868b3472dc5685dbf3,PI,teresina,furniture_decor,129.0,134.78,263.78,processing,2017-08-01 23:16:17,2017-09-04 00:00:00,
19c6408c8c146a18e4fa634340aa5685,4fe31901bad3e8ed986b58db4e12a2e8,RJ,rio de janeiro,housewares,64.9,11.71,76.61000000000001,delivered,2018-08-09 15:04:55,2018-08-20 00:00:00,2018-08-16 19:58:46
09ec142bfa34576d3914bdf8c19927c2,19560db94472cdf51948e02929642a0b,SP,sao paulo,furniture_decor,14.9,9.22,24.12,delivered,2018-07-20 16:25:59,2018-08-01 00:00:00,2018-07-30 18:26:39
a01074d070fb607d7e92d6a4a13de47a,1e6b1d1d9091b9b2993e08ae393ff843,SP,mogi das cruzes,office_furniture,136.99,36.89,173.88,delivered,2018-03-29 17:18:37,2018-04-26 00:00:00,2018-04-15 14:58:49
428379472fdd9b3d36d545677e852e77,04dd576f551d493e80d2d3a5fad5834b,SP,anhembi,cool_stuff,106.9,13.19,120.09,delivered,2018-04-04 17:30:42,2018-05-11 00:00:00,2018-05-03 23:52:07
4a8282603a79261a20695480745da4c3,66709fa59f28046bb5c1196268d58ff7,SP,ribeirao do sul,furniture_decor,56.0,13.75,69.75,delivered,2018-03-27 10:51:08,2018-04-13 00:00:00,2018-04-03 21:51:01
b0f09542f907cada33dd7ff85f029a71,e09002a1d37ff722ce6c9b44878434d5,SP,sumare,housewares,179.0,16.55,195.55,delivered,2018-05-11 23:36:27,2018-05-29 00:00:00,2018-05-18 21:05:02
f7203d9ccdf6519081031222d1f49788,1e139840cadff366a5aa72c0f0340e1e,PR,uniao da vitoria,auto,49.9,15.1,65.0,delivered,2017-11-18 13:32:20,2017-12-13 00:00:00,2017-12-15 17:55:26
eb2bbf81f167ac5783bd05c392f320ae,3ebc25aaac431ad4d0969fde2ee98409,PR,candido de abreu,housewares,44.9,18.23,63.129999999999995,delivered,2018-03-21 20:47:59,2018-04-13 00:00:00,2018-04-09 15:36:40
741c75a2bee4e666de0415b10cd0cad7,1298d59af305e88a7c1005c2b5e655be,SP,sao paulo,bed_bath_table,76.0,14.62,90.62,delivered,2018-06-04 22:07:21,2018-07-05 00:00:00,2018-06-09 18:38:32
20f218e0289ef7cb82817b837eec01ca,79e922ce9d4f5b4deddbf56dcac14806,MG,pouso alegre,health_beauty,88.9,12.75,101.65,delivered,2018-02-21 16:12:15,2018-03-14 00:00:00,2018-03-02 22:42:10
4e6998b16cea0eaa364e4e20c31ea5a5,38cf1d19f55fcf73ffb24fd534657f89,SP,sao paulo,furniture_decor,129.9,43.71,173.61,delivered,2018-08-12 19:30:53,2018-08-28 00:00:00,2018-08-23 23:12:08
52b5d7a8d05435a607e602cc6d22af5c,947c249c7f31f3eae2bd05454e1b2040,PE,recife,furniture_decor,49.0,25.38,74.38,delivered,2017-05-11 10:19:00,2017-06-12 00:00:00,2017-06-01 18:36:29
5c1995c020e0a3b2b23152b3fcfcda76,a6ca6b61c49281932efe82f52446f9fa,RJ,rio de janeiro,fashion_bags_accessories,149.99,15.81,165.8,delivered,2018-02-25 17:55:09,2018-03-16 00:00:00,2018-04-04 14:04:16
784df479a4539ae049540a6578cbb39c,88a9d243b674f8e71869143131df5c2b,RJ,rio de janeiro,housewares,12.9,15.23,28.130000000000003,delivered,2018-06-19 16:43:38,2018-07-25 00:00:00,2018-06-25 21:21:37
9f882c1f904b7dd156572ada58d7a7ae,8718d37e3e19a80c134708dbe5815732,RS,cidreira,fashion_shoes,84.9,17.84,102.74000000000001,delivered,2017-11-13 10:07:36,2017-12-22 00:00:00,2017-12-11 17:38:06
1e9d813a96897b2f8b5e1b99dd50d10d,71f6d26d1201dbed5b138a27d618fff9,SP,mogi mirim,perfumery,159.0,12.61,171.61,delivered,2018-01-08 20:39:32,2018-01-31 00:00:00,2018-01-17 19:04:20
ccd2795b4fd33757b039fb15b8a12109,53cc7338a7d5994fe8baa28a039d2343,SP,santana de parnaiba,bed_bath_table,10.5,13.48,23.98,delivered,2018-08-15 16:58:08,2018-08-28 00:00:00,2018-08-17 22:51:29
d4cbc225f34eaa10be0e578f70bb915a,fcc16c0b2588529f1f5b7a871b1ec018,RJ,duque de caxias,furniture_decor,37.5,17.6,55.1,delivered,2017-11-05 02:30:19,2017-11-28 00:00:00,2017-11-17 22:41:32
e58d507c1730fdc2137d1fd497049a68,68ea2bc1718c8b2937503497480a484d,MG,perdoes,computers_accessories,39.9,12.48,52.379999999999995,delivered,2017-12-11 21:14:53,2018-01-08 00:00:00,2017-12-20 15:58:33
be3b8d058b8100d8a2539ce0b2c6ec0b,60a22f2188cd2b544c45f103d0e00539,RJ,rio de janeiro,watches_gifts,1199.9,23.16,1223.0600000000002,canceled,2017-07-20 14:32:34,2017-08-11 00:00:00,
4be113099bb298f6c81d468e7232cd0f,67f866c5dd2498779fd4b97b6b3fb484,DF,brasilia,bed_bath_table,92.0,11.6,103.6,delivered,2018-05-20 19:38:12,2018-06-12 00:00:00,2018-06-04 17:51:27
715df31025aff2a2dd08b0d8c92ee63b,2de716466b332c55b9b6ad6619bef1b8,RS,canoas,furniture_decor,124.9,43.45,168.35000000000002,delivered,2018-05-17 10:57:12,2018-06-12 00:00:00,2018-06-07 16:46:32
4d800ff31c8c5d493ba7137dbf5b45b7,656f12202668d78fb1b5c5218306d06f,SP,sao paulo,auto,58.5,7.67,66.17,delivered,2018-07-09 19:44:51,2018-08-10 00:00:00,2018-07-25 21:10:50
fde57015e8a551f04dac99621c01678b,43aedebc5e8497faebc78aa5dfdd53d2,RJ,sao joao de meriti,perfumery,379.9,18.36,398.26,delivered,2017-03-15 21:55:28,2017-04-10 00:00:00,2017-03-27 15:19:03
7e132c96049690bbbb76ce370f1c885a,b9da81348bcaaa9855ac637ef7f08f69,SP,guaruja,toys,119.99,13.39,133.38,delivered,2017-12-14 13:35:10,2018-01-03 00:00:00,2017-12-21 16:42:45
9b45de49b277899b23ba41cbb79d3a5e,891e01e2ab20f46c3e5602cd958c1ec7,SP,lindoia,telephony,23.99,11.85,35.839999999999996,delivered,2018-01-20 12:17:20,2018-02-14 00:00:00,2018-02-01 16:53:10
1779a7a77ac96ef5beebc0e30b9243cb,e24b5c475b2598b7fcd7b55457273712,PE,brejo da madre de deus,health_beauty,150.0,26.33,176.32999999999998,delivered,2018-02-04 19:17:19,2018-03-13 00:00:00,2018-02-19 19:43:05
e6acd035a11603d3f61a37185f681a5c,2d76a299ed106e5d6c3ad726c1397376,RJ,duque de caxias,garden_tools,989.0,33.65,1022.65,delivered,2018-05-17 16:36:13,2018-06-08 00:00:00,2018-06-11 23:48:41
4370467d3d9de99a4f75e1d8abf9090a,fa3f62acad56a9478d8ece5275b6ce81,PR,londrina,bed_bath_table,89.0,18.5,107.5,delivered,2018-04-13 14:57:24,2018-05-10 00:00:00,2018-04-23 15:26:25
5e65f0a09d4d7bc8e34dfc8f4144bcdc,39d4cc9edee2283e2a659d60699cd26c,RJ,rio de janeiro,toys,149.0,16.67,165.67000000000002,delivered,2017-05-26 00:43:27,2017-06-21 00:00:00,2017-06-01 17:24:50
99332f462c856f28c1581e91c169b488,2f6bfa6509c44c47a19d724930a66a29,SP,itaquaquecetuba,telephony,39.9,7.78,47.68,delivered,2017-07-09 15:12:11,2017-07-24 00:00:00,2017-07-13 14:28:46
0437be9eb5f6b26660f0b5eafd1b1994,0724e62851ab8f4d61908341b6ec6a3d,RJ,rio de janeiro,pet_shop,489.0,17.17,506.17,delivered,2018-01-03 16:27:07,2018-02-01 00:00:00,2018-01-09 22:15:38
fa0ee03f451f7e7f2df9fda0a1496bc0,8f1ea649db3ab9cad5c2e693070282ec,SP,itapevi,perfumery,145.0,9.21,154.21,delivered,2017-08-16 13:13:45,2017-08-29 00:00:00,2017-08-18 21:52:16
4d2e3204d03f90dde94de63cb417277b,3253c1658c6a92e3f8691f49de5f43a5,SP,mogi das cruzes,telephony,21.99,7.78,29.77,delivered,2017-11-29 23:20:40,2017-12-15 00:00:00,2017-12-01 16:48:44
6b313b07f096e0b9354fd4f097abaed6,b0f933c0a1bb29276744c40aaf438239,SC,florianopolis,bed_bath_table,205.0,22.27,227.27,delivered,2017-08-02 17:27:45,2017-08-28 00:00:00,2017-08-15 17:03:57
e82821e8f1ffd4b14d53774b740db796,0ad7cb4f48f2a2cf5080e3c19c7cf98c,SP,pindamonhangaba,bed_bath_table,48.0,11.85,59.85,delivered,2017-11-05 13:49:38,2017-11-24 00:00:00,2017-11-13 20:34:01
c96e52fd91fc51921c9ed964b468d9e3,b1864f5d9956fb34462e9d9e43e43cee,RJ,rio de janeiro,garden_tools,44.9,17.6,62.5,delivered,2018-01-22 18:15:21,2018-02-15 00:00:00,2018-02-06 23:59:37
de3bee1ce2ff36750efc09a389ea029e,3a490364604f6817e258f127c19eec63,RJ,rio de janeiro,computers_accessories,119.0,17.6,136.6,delivered,2018-04-17 08:34:08,2018-05-24 00:00:00,2018-04-30 22:36:52
d6aac305add81d76183a41fa21e7a3e1,4910b52e18434ad073715ee8a0599f3e,RJ,rio de janeiro,computers_accessories,22.0,15.1,37.1,delivered,2017-06-13 15:49:08,2017-07-06 00:00:00,2017-06-28 15:19:50
4369045e59969c285151e194c6ff699e,7e6c59c62d62fe85ec324e52f79a6005,DF,brasilia,stationery,75.0,15.29,90.28999999999999,shipped,2017-10-28 12:09:33,2017-11-22 00:00:00,
9a1ee1a8feb17ebd8368c1b36e97bac1,4cd50f11b65cd66343d40936fa825a5c,GO,goiania,drinks,29.65,14.22,43.87,delivered,2018-01-30 15:25:29,2018-02-21 00:00:00,2018-02-08 23:39:30
d087c8f0e290d4fcac125fa8bc527cae,03ab3ea477718b0b0718b8fb857b2479,SP,juquia,sports_leisure,159.0,19.41,178.41,delivered,2018-06-30 06:55:16,2018-07-30 00:00:00,2018-07-05 23:04:18
c81d1d3f8deeded6af5d352021b5a188,18e6ba0f14fc6c41a56d880927f4615c,SP,maua,market_place,19.9,7.39,27.29,delivered,2018-03-28 16:16:20,2018-04-10 00:00:00,2018-04-03 15:04:48
ccf592d5d82b80e4764b14cbfe857be8,0fd39850656e7e4f90ee62a86f03c3f4,CE,cascavel,toys,38.98,32.15,71.13,delivered,2017-08-11 13:13:58,2017-09-15 00:00:00,2017-08-18 02:57:41
478116017852df9d1ac392abcf28927f,f0e7fd85ce6faefbbe702610fb48dd2a,SP,sao paulo,health_beauty,51.5,9.15,60.65,delivered,2018-08-24 13:59:41,2018-08-29 00:00:00,2018-09-03 17:18:42
3eae7531a136877d61e1aaea2684fcea,0361e980b28826f4d286ac144d9b319a,PR,arapongas,furniture_decor,78.0,41.53,119.53,delivered,2018-07-01 18:03:34,2018-07-26 00:00:00,2018-07-12 18:26:42
3c7299e1335df876b15d9b4cd3858fa9,ee688b708ac82b5117738cedfa6c09f2,MG,cristina,sports_leisure,139.9,27.52,167.42000000000002,delivered,2017-08-09 21:50:54,2017-09-06 00:00:00,2017-08-24 16:12:34
632203abfe718597f34e8d7ed449b4cb,9106c4b8ec49b76e2d2e88087eedcb28,SP,francisco morato,housewares,85.71,12.9,98.61,delivered,2018-07-16 20:49:44,2018-07-25 00:00:00,2018-07-21 12:56:19
c82445412645dc0bd09408f535c2b86d,cda6dd20e87ff949c01b54a89aebdd0c,SP,valinhos,electronics,79.0,18.79,97.78999999999999,delivered,2017-09-18 14:48:19,2017-10-11 00:00:00,2017-10-02 19:17:46
6b5f3d1c52d94dad724c01a4bacaa6e9,0601f1fd6d8ff9847f96151652dbf305,SP,sao paulo,baby,64.89,13.47,78.36,delivered,2017-11-30 23:04:34,2017-12-22 00:00:00,2017-12-08 20:49:01
0e81d9aa94c69d14faa155f1a91ed4ff,0c04ee5a93bccd434671ba9df34fcbc3,SP,santos,sports_leisure,159.99,21.61,181.60000000000002,delivered,2017-09-29 23:16:29,2017-11-01 00:00:00,2017-10-23 22:57:45
db60e917f3e707779a0efd2b52354951,9c6f374501444b54a26449766b9ac301,RS,erechim,furniture_decor,119.9,17.17,137.07,delivered,2018-01-29 11:24:25,2018-02-23 00:00:00,2018-02-16 21:14:00
6262db458a330005c5c5de9806d09584,107c5f3730a3c5344cbe1d0f7ec1423e,SP,sao paulo,consoles_games,91.99,11.27,103.25999999999999,delivered,2018-05-18 21:20:36,2018-05-29 00:00:00,2018-05-24 17:09:44
23922a8d5cf1517d181d87c134bdb162,e4776cba7ea62aa2e8816e89aa401fbb,RJ,macae,computers_accessories,98.9,17.13,116.03,delivered,2017-09-14 10:22:06,2017-10-05 00:00:00,2017-09-26 18:38:10
d418f98c27bf805b915d01108230ea55,d2727a1a6f02df0ed8cf0255234b4ada,GO,goiania,electronics,13.7,15.23,28.93,delivered,2018-03-06 18:31:06,2018-03-26 00:00:00,2018-03-23 01:13:08
7a411701d358d7be1e457ec66ceb4731,b1b8547d1b252e5f9e863bad9ff9e978,ES,vila velha,consoles_games,38.9,15.11,54.01,delivered,2017-11-30 19:27:38,2017-12-26 00:00:00,2017-12-30 00:10:30
d99ec4acbeb86fccf934f257ebd6baa3,71eddc0e84d970a4800bd8cabd71dea4,SP,sao carlos,perfumery,109.9,15.52,125.42,delivered,2018-01-29 08:59:43,2018-02-22 00:00:00,2018-02-24 01:21:34
f948e30320e56a553862b62e5ec37efe,629c3439b272f468752616589fc28604,AP,macapa,housewares,177.99,57.14,235.13,delivered,2017-11-23 19:32:52,2018-01-12 00:00:00,2017-12-22 00:47:48
bcd1f5bd3d7c694c6e68bd6b5e7f24a4,4edecdc614f89a2c1e8ba72feed1033d,DF,brasilia,auto,99.99,15.58,115.57,delivered,2018-05-18 14:37:45,2018-06-07 00:00:00,2018-06-12 16:06:00
71a76b70b6437fd7d3cae33f67714073,259a0ecdf2ae510fb368704926f1dd2b,MG,nova lima,computers_accessories,149.0,23.84,172.84,delivered,2018-02-15 12:37:19,2018-03-07 00:00:00,2018-02-21 17:19:15
5f6c4fd8bf209354048c07f8e15d8a03,19dc30d47a0b6bbde26238eb4056771f,ES,vila velha,computers_accessories,39.9,18.28,58.18,delivered,2018-03-27 01:33:52,2018-04-18 00:00:00,2018-04-05 01:32:19
043f43899c67438005004d160d18f55c,c1d47a6886013c01fc605347defed7c6,SP,sao jose dos campos,fashion_bags_accessories,225.0,8.84,233.84,delivered,2018-06-13 19:59:40,2018-06-28 00:00:00,2018-06-19 18:04:36
09023a853a37b3ccb3ca46372068748b,c5417fa0f964240f27e678c045040749,MG,merces,stationery,49.9,15.1,65.0,delivered,2018-01-30 15:40:06,2018-02-26 00:00:00,2018-02-21 17:38:05
a103e6ad2ad56584ee8e0400083938cb,d6d8339509a0cc78756ef99d44a0a805,SP,sao paulo,computers_accessories,22.99,7.78,30.77,delivered,2018-01-20 16:30:37,2018-02-06 00:00:00,2018-01-26 20:16:43
711dc5c7f9864e658ee30f5122e40533,f38c6089eda976676b4e83d4edae0b4d,RS,guapore,sports_leisure,69.9,16.25,86.15,delivered,2017-11-09 14:24:42,2017-12-06 00:00:00,2017-11-21 23:14:52
28c723236c59abdde8cca758e1afd07a,8a7f96e72bededa72b184408111db3f3,SP,santos,bed_bath_table,54.9,2.68,57.58,delivered,2018-02-04 17:49:59,2018-03-01 00:00:00,2018-02-17 15:29:37
062d3e3b803bd3e569cf8c165602f8f4,b26517697abc966b9d0547f53ccccbe6,SP,fernandopolis,health_beauty,122.99,63.11,186.1,delivered,2018-06-25 17:26:38,2018-07-26 00:00:00,2018-07-05 17:28:53
cb765962c1cf94ab1a1c8646ba7060c4,d7a3a62600b5265613c14c6d10ff6fe7,SP,valinhos,furniture_decor,49.9,12.69,62.589999999999996,delivered,2018-01-04 12:20:48,2018-01-29 00:00:00,2018-01-16 17:48:49
4b0c92c783fce531bb5b76d0bb2636ac,be726f6a4880c09f6f0b2253103ce6e7,MT,agua boa,audio,14.9,22.06,36.96,delivered,2018-06-19 08:36:42,2018-07-24 00:00:00,2018-06-28 15:03:04
aa830d74d3e7d4a392cb7eac51a9c719,1c6c7f4687318090a16753eeefd5b1b1,SP,areias,furniture_decor,89.9,14.4,104.30000000000001,delivered,2017-01-14 17:59:38,2017-02-15 00:00:00,2017-01-25 09:47:57
31757b95c65bd61af1af6d30103b64cf,70427fab453fbd1bb2c7275c8ee829df,SP,sao paulo,health_beauty,90.0,14.05,104.05,delivered,2018-05-09 14:09:43,2018-05-29 00:00:00,2018-05-22 16:54:36
694197f98148ec200eaeea667995bb35,879ee1f90476a2fad74aec4f9c9961b3,SP,campinas,computers_accessories,239.0,14.69,253.69,delivered,2018-03-05 13:51:35,2018-03-27 00:00:00,2018-04-02 18:28:42
2934eab588f70ed4ddd8e9f4abf517fb,2903f4f951e72848363b7f271bed8cf0,SP,sao paulo,furniture_decor,45.9,11.85,57.75,delivered,2017-05-28 02:29:51,2017-06-27 00:00:00,2017-06-02 15:33:17
8b7b9c6bbef1d12f004035806f43996a,406aefddac1b54a36022ef32ffe6ed5f,SC,florianopolis,computers_accessories,45.5,20.16,65.66,delivered,2018-06-04 10:38:02,2018-07-13 00:00:00,2018-06-13 16:22:46
70b9629a764d2247cf5995014b7204d2,825d3949166e60c38be0fa30394176a0,MG,cambui,bed_bath_table,114.9,18.05,132.95000000000002,delivered,2017-10-22 13:39:48,2017-11-17 00:00:00,2017-11-01 21:52:00
1b639d1c43c530ad38bb59d4ea7f8d08,5ee8f21bffc44f0d99469baeb26d0dfc,RO,porto velho,stationery,109.0,38.31,147.31,delivered,2017-12-29 18:23:19,2018-02-15 00:00:00,2018-01-30 21:42:48
3af9281b481b20ca510841d14e7e3138,726d126a8690a7082d2cfc100c0072b6,PR,curitiba,computers_accessories,196.0,13.5,209.5,delivered,2018-01-11 14:29:19,2018-02-09 00:00:00,2018-01-17 18:38:08
e6d1b2275402fa4946ee8a3d37712c93,165d93a9d1da194b47da42c9cf810ebd,SP,sao paulo,bed_bath_table,78.25,12.05,90.3,delivered,2017-09-03 23:37:01,2017-09-21 00:00:00,2017-09-16 12:02:53
c285661a8320d062c60574830bae4199,5760ee6fa1818011681a52e8fd4375bb,SP,registro,computers,599.0,91.68,690.6800000000001,delivered,2018-01-03 10:50:21,2018-02-01 00:00:00,2018-01-22 23:28:27
f8ba6b81969b53758b46333b85537e89,a900fb9252593c059112316866aa6e6b,SP,sao paulo,health_beauty,94.3,18.54,112.84,delivered,2018-05-15 10:46:28,2018-05-30 00:00:00,2018-05-21 18:08:31
ad3023e7d21d3ab26bd1d2939d18cd8c,a50381d8ac7b457ced2071af9ef0caed,SP,sao paulo,watches_gifts,102.9,13.16,116.06,delivered,2018-06-06 10:53:48,2018-07-12 00:00:00,2018-06-11 21:46:45
7ab1cf6be66796dee470220e6396502b,f64c48ee34c37e09665284c5b4b2fe21,SP,embu das artes,watches_gifts,155.97,8.35,164.32,delivered,2018-07-14 23:08:02,2018-08-01 00:00:00,2018-07-27 17:28:28
c9dbfdbd1f10a0b35896dec49bee8884,4a31f6df66321ed422bfd800a032c5aa,PR,missal,computers_accessories,40.0,60.41,100.41,delivered,2018-05-10 22:51:06,2018-06-06 00:00:00,2018-06-11 16:33:12
6b0114653ee8efa6de234fe7cee7269e,ed0bbd08bbe75aa97911aa2b0fe06213,MG,patos de minas,garden_tools,210.0,18.72,228.72,delivered,2017-09-15 16:20:39,2017-10-04 00:00:00,2017-09-25 21:24:31
3236504a0e2b1bceb65d32a38f5d79a9,3034df6349dbe694c3992f472cd197cd,SP,santo andre,furniture_decor,42.9,9.34,52.239999999999995,delivered,2017-09-15 20:54:31,2017-09-27 00:00:00,2017-09-20 13:00:37
565ccfa6f9e28da74700c42da9deb949,b8cb40ec83dd073753f79b286ad8d941,SC,ita,perfumery,56.99,15.15,72.14,delivered,2017-08-30 16:22:12,2017-09-27 00:00:00,2017-09-20 15:52:25
776e7f17ba3c9be25c0d7fa804b9f1f9,4f4061658a12c907deabcbfd79715788,SP,sao paulo,sports_leisure,69.9,17.62,87.52000000000001,delivered,2018-08-08 12:48:17,2018-08-29 00:00:00,2018-08-16 00:16:32
0c9548a509e778d5edf0db66b7dd22d4,e661614250a17fe1a53be84269c7386c,SP,guaranta,stationery,189.0,32.35,221.35,delivered,2018-01-16 15:33:05,2018-02-07 00:00:00,2018-01-30 20:48:58
7936c09acf7a92301c6878c605b23f87,2e5ef59ba3d0e5db3fdf33cbf80aea3c,SP,piedade,watches_gifts,158.0,13.55,171.55,delivered,2018-04-03 21:22:43,2018-04-26 00:00:00,2018-04-11 01:32:46
07ad2a87dfce684f0b6a23886db925c9,93b4c8bdafa9877757c77b519415d274,SC,indaial,computers_accessories,22.0,14.52,36.519999999999996,delivered,2017-04-27 08:26:54,2017-05-29 00:00:00,2017-05-15 10:09:22
9c1ef8552f9a1af4860b014689f6be79,928ccb81b12b3653a85236ca8a5142b0,SP,sao bernardo do campo,health_beauty,16.9,11.74,28.64,delivered,2017-02-02 16:04:21,2017-03-02 00:00:00,2017-02-08 14:08:01
70ff94aa6a317bfb3ab751f7abac108a,9cf3110cfa08505bcd639a93048fe8dd,RO,espigao do oeste,fashion_bags_accessories,79.9,42.59,122.49000000000001,delivered,2018-02-20 18:07:15,2018-03-29 00:00:00,2018-03-09 23:46:37
1f3035a17d5528bb461a938d381c9d65,f1f283e43e508bdcf11877883651e51e,SP,sao paulo,furniture_decor,109.9,13.5,123.4,delivered,2017-05-01 17:53:55,2017-05-23 00:00:00,2017-05-12 15:05:53
f3584b023b097595c8e2b0b6fd51a839,ca77025e7201e3b30c44b472ff346268,PE,recife,housewares,59.9,18.96,78.86,delivered,2018-01-25 21:10:57,2018-02-26 00:00:00,2018-02-06 22:26:16
a9e4a67cf6910c059f3a0764fcd0a020,ec1b98c704b3091f0f914cee6b380f38,PR,curitiba,perfumery,118.8,17.76,136.56,delivered,2018-07-13 10:53:18,2018-07-31 00:00:00,2018-07-21 00:08:36
57de08bdf9af8887e90203f0a8e22cef,f8e6b266119a106afd5e4b906532f33d,RS,porto alegre,housewares,209.9,18.18,228.08,delivered,2018-03-31 12:04:24,2018-04-24 00:00:00,2018-05-06 15:38:51
ac9dfcb098b29edba5d0cbd3b4febefd,db3073c0e926f86ee0683c94d12f5ff6,SP,jandira,baby,35.9,8.88,44.78,delivered,2018-05-04 22:51:30,2018-05-21 00:00:00,2018-05-09 20:14:56
dd936caa925da4ddcfc308b3c788f643,123357ae0d4f5d536b1215b1bbb3093e,SP,sao bernardo do campo,health_beauty,24.99,11.15,36.14,delivered,2018-03-19 16:58:15,2018-03-29 00:00:00,2018-03-21 21:46:35
d2cc55640566b7af90b034a218806337,681d3df5fa675d03795382f511bd0fec,CE,fortaleza,watches_gifts,49.0,17.63,66.63,delivered,2018-01-29 19:33:28,2018-02-23 00:00:00,2018-02-21 22:31:50
1d5d115e7464f3ec6686c8b290973878,392f7c62985d3366fe566eb2de44ec46,SP,luis antonio,cool_stuff,69.99,13.51,83.5,delivered,2017-06-13 00:03:08,2017-07-04 00:00:00,2017-06-19 21:47:33
f123bcb9f930077822decd40b6b633f3,7184da4e252bf14cbaa9f0b05dae027b,RJ,macae,fashion_bags_accessories,89.99,15.38,105.36999999999999,delivered,2017-07-21 23:53:40,2017-08-14 00:00:00,2017-08-03 18:31:34
a1123c93471aa08ec72dfd5c941edcdc,74a79b917483257286bedb2355c729f8,SP,barueri,fashio_female_clothing,34.99,8.64,43.63,delivered,2018-04-27 09:44:14,2018-05-16 00:00:00,2018-05-07 14:17:28
77b9ceb8cf451ae51ef8327983efd9d3,af6fd41490042a993cc1d33e42e859ae,MS,camapua,watches_gifts,189.0,17.76,206.76,delivered,2017-11-01 22:26:06,2017-12-04 00:00:00,2017-11-17 17:12:57
8c603c4cd6c5340bc4892c36e662a0bb,a9da5a115fdd7b13412153e54dc02604,BA,santo antonio de jesus,cool_stuff,186.9,23.02,209.92000000000002,delivered,2018-04-20 20:12:31,2018-05-25 00:00:00,2018-05-22 14:05:39
19a63221f98db001dbb52ad0d4990d75,0cc1842fb04b4097096fdf92f458038f,SP,sao paulo,sports_leisure,23.1,15.1,38.2,delivered,2017-07-10 12:53:49,2017-08-01 00:00:00,2017-07-20 16:32:08
c9577dccdc314ce381822a54b1eaf22d,2b952792a20f6076f6e7a9c6a27ade02,SP,cabreuva,bed_bath_table,64.9,17.7,82.60000000000001,delivered,2017-11-25 00:23:00,2017-12-22 00:00:00,2017-12-06 18:04:42
f9a61f17bff852cd69b6fee5812cb593,453a39f9a4e8799575c08849a2fda33a,RJ,rio de janeiro,toys,55.0,15.6,70.6,delivered,2017-04-10 10:28:48,2017-05-05 00:00:00,2017-04-13 13:34:36
996a763f13df13d00d9d9fd94f29f619,09e3b78372517508280cb92962edb83e,PR,ponta grossa,health_beauty,27.9,19.39,47.29,delivered,2018-06-21 16:50:33,2018-07-20 00:00:00,2018-06-28 20:04:14
d16112398f9c83cdef02abee328caadb,6e584243f433f290dff8a94dbde09d2e,CE,fortaleza,telephony,16.5,17.63,34.129999999999995,delivered,2017-05-24 18:49:11,2017-06-28 00:00:00,2017-06-08 14:14:43
2e43aadcfcd100bf85414cc4a0b6f3af,868f7efaf5388ab283d52013132ee171,SP,campinas,cool_stuff,249.9,60.3,310.2,delivered,2017-12-07 22:17:58,2018-01-10 00:00:00,2017-12-13 16:29:04
287ea13612e32e59331f254bb4f15f91,831169e5f0a54e2b8ee8e051ba28406b,SP,ubatuba,garden_tools,104.53,21.22,125.75,delivered,2017-10-01 14:18:30,2017-10-26 00:00:00,2017-10-10 18:53:05
aef2bc3845eb581cecce74b769d46c6a,3f01021289a4c54f1c984262f4ba625b,SP,sao paulo,office_furniture,99.98,21.35,121.33000000000001,delivered,2017-09-22 17:41:49,2017-10-16 00:00:00,2017-10-13 14:33:15
56b0badd7be47d6b03b5b4a692791495,6f041ad60d1b98ad6ffa085775b93041,SP,campinas,furniture_decor,179.0,17.99,196.99,delivered,2017-12-01 23:14:02,2017-12-27 00:00:00,2017-12-15 00:04:10
d94e6700f8e40beffff545fc565e0085,6911a96d6897f0d37f8fac15933f73d7,PR,francisco beltrao,pet_shop,48.9,18.23,67.13,delivered,2018-03-24 12:46:20,2018-04-18 00:00:00,2018-04-03 22:14:32
c78b50d1c5ddfed2a5394dd0e90c4e99,f1c7c8618ff7bf993383a5796fb0f9a1,SP,sao paulo,auto,56.54,7.66,64.2,delivered,2018-07-10 15:08:54,2018-07-18 00:00:00,2018-07-12 20:47:32
7a40bb8803549af172ca4403ff436229,efe3565a80fc9f9cb39c28c88ee17c23,SP,marilia,watches_gifts,259.0,14.47,273.47,delivered,2018-07-16 18:18:53,2018-07-31 00:00:00,2018-07-24 01:36:33
423bacebe695187f7c0f4c416adf5a37,b8d36e8551a637e3bb847456069fae9b,MG,ritapolis,electronics,19.9,16.79,36.69,delivered,2017-12-01 16:01:06,2018-01-04 00:00:00,2017-12-14 17:02:48
f826a5899e26000ca1c214b8a7302a50,4b3c2413e83b4b98d804bd86fe05471b,SC,pomerode,telephony,18.99,14.52,33.51,delivered,2017-02-19 13:29:04,2017-03-21 00:00:00,2017-03-10 07:38:56
a1cc6e60e142d31a699056328d83cf82,df79caee0df36969ca30ac1668596a80,BA,dias d'avila,fashion_bags_accessories,34.9,20.08,54.98,delivered,2018-04-08 12:01:38,2018-05-07 00:00:00,2018-04-18 15:12:34
e73a44dc71cb3d6dd54b77f318a96b39,84410ad07e78177b871bb6eab223499d,SP,francisco morato,bed_bath_table,178.5,13.69,192.19,delivered,2018-05-30 12:06:23,2018-07-03 00:00:00,2018-06-11 16:22:07
ee55010a370e987f203499f435a59847,f3d8599810560b7c7180840ace7c9342,RJ,resende,perfumery,99.9,18.0,117.9,delivered,2017-01-30 15:17:47,2017-03-17 00:00:00,2017-02-03 14:03:28
de983bdf0e92645dd32e0ba39d8e7dd8,b418bca74ac4b0ef6e0c100edf861938,ES,serra,sports_leisure,169.9,21.59,191.49,delivered,2017-09-26 18:54:55,2017-10-26 00:00:00,2017-10-16 22:14:36
58b99a93ab6127501faa09a1c8878dc4,9ef51cbadb21afdfe1d532d05c6962c4,DF,brasilia,stationery,79.9,16.53,96.43,delivered,2018-05-20 16:20:04,2018-06-08 00:00:00,2018-06-05 18:13:09
9a0ff85473ef691bca39a3636f6753c4,39e2788db03e5eaeb2935a7e479682c6,SP,cacapava,housewares,214.9,35.04,249.94,delivered,2018-03-27 19:23:42,2018-04-18 00:00:00,2018-04-11 12:08:32
7155d151b1369fbf5cf282fdaeb92d97,1458fa8c97680281d9f817e92cca9a4f,SP,leme,bed_bath_table,158.6,25.19,183.79,delivered,2018-08-16 18:18:09,2018-08-27 00:00:00,2018-08-22 23:40:51
f78331069dda1305cb2f9c835e08b12c,8f64a4dc2bd23dfed45bd0337530ddfe,SP,osasco,toys,69.99,9.34,79.33,delivered,2017-07-09 20:43:15,2017-08-04 00:00:00,2017-07-12 16:52:20
6c1c16fa159e9636157531a51b40d473,4f0c8db463d2261888faa81900eb33c1,PR,maringa,telephony,37.99,18.23,56.22,delivered,2018-03-21 23:38:26,2018-04-11 00:00:00,2018-03-29 15:07:52
a5283d6db4848796b9bea944339d2dca,1bfef32d5ff092c2184529e89f3774e7,PB,curral de cima,watches_gifts,199.0,0.0,199.0,delivered,2018-05-03 13:35:01,2018-06-13 00:00:00,2018-05-21 12:38:49
c2103ca5d928d19db6fbac6e5d710b0b,b878e916967309c607f8e1022063b08f,PA,belem,auto,119.9,62.64,182.54000000000002,delivered,2018-06-05 22:08:30,2018-07-25 00:00:00,2018-06-19 21:22:40
f29059714a02a0730711137a8a8448b9,4ab2cf5330bcc77aff0b70436bf24e27,RS,cruz alta,furniture_decor,39.9,16.11,56.01,delivered,2017-12-02 14:05:22,2017-12-29 00:00:00,2017-12-13 23:19:09
0de9012381a06cf0b025e60e60c7dbc5,9544bdfe7032a5347e715c649af20fe3,SP,ribeirao preto,food,59.9,13.08,72.98,delivered,2018-07-02 21:47:23,2018-07-20 00:00:00,2018-07-10 20:32:18
81e5f25cdc0610fbdf2d8fd215b45e0a,e013d9d9eaf7eaca9f1f6925c5ae815f,RJ,rio de janeiro,bed_bath_table,134.9,23.81,158.71,delivered,2017-07-27 12:07:53,2017-08-24 00:00:00,2017-08-08 18:34:05
545f259d01f0a271186e324228070de7,f4020d81e465ff1f682cd987fbe05177,CE,fortaleza,pet_shop,99.9,26.84,126.74000000000001,delivered,2017-05-17 13:24:29,2017-06-21 00:00:00,2017-06-05 17:05:30
154ff64668cf2822704c69bd957a8c6e,67d0c6bd30387f7d14aadae0d0beee4a,SP,sao paulo,sports_leisure,39.9,8.72,48.62,delivered,2017-07-01 05:14:05,2017-07-14 00:00:00,2017-07-06 15:57:34
c70cb30c4935057ce1fe28f7f1226507,2e65fa6556bc340335534ea848f385ff,SC,tubarao,health_beauty,349.9,19.7,369.59999999999997,delivered,2018-01-04 13:52:26,2018-02-02 00:00:00,2018-01-22 19:33:15
7ab2bbacefb1c1016086af8dbde930a7,b8049423197f431fc750c59c808038cd,PR,curitiba,telephony,27.99,9.27,37.26,delivered,2018-03-29 10:02:34,2018-05-09 00:00:00,2018-04-09 18:04:02
b7e23b7efc57795b6806ef873f1e5ab0,c637528a973c7d0760ea0fe89be03756,SP,sao paulo,sports_leisure,36.9,9.94,46.839999999999996,delivered,2017-08-07 10:38:27,2017-08-22 00:00:00,2017-08-09 16:12:27
9bb20141c47cf5f8919640d4c91f1b31,77d202c519bfea42e484537e9af2e9de,PE,feira nova,telephony,17.99,25.63,43.62,delivered,2017-09-08 09:35:39,2017-10-09 00:00:00,2017-09-28 06:56:31
cc5a08847378509a7fbf5fe301bbd57b,e3ca63ed264e947a82b544eb5d1aa97b,SP,sao paulo,consoles_games,332.0,11.07,343.07,delivered,2017-07-31 11:29:39,2017-08-11 00:00:00,2017-08-02 16:21:49
869f864e7f2f978dbcd94854775ef0ac,ae61d645b4d62af1ff7f1bf2e1d240ef,RJ,rio de janeiro,watches_gifts,190.83,16.09,206.92000000000002,delivered,2017-11-17 19:51:21,2017-12-11 00:00:00,2017-11-29 19:52:10
668e74f421624e48476682f5cbb48b3d,3ae3020ba7a772196e5f1368d175a65d,PA,belem,sports_leisure,109.95,36.09,146.04000000000002,delivered,2018-03-04 11:34:08,2018-04-06 00:00:00,2018-03-16 21:04:18
cf5c8d9f52807cb2d2f0a0ff54c478da,8dc697d03f771cecc2534534a73eaaf9,MT,cuiaba,housewares,6.9,9.0,15.9,delivered,2018-08-24 13:04:05,2018-10-05 00:00:00,2018-08-30 19:11:50
be0f8b9e1444dc69d1288a37e32d2895,859f40a26e8b81608c6d035211098e9b,SP,sao paulo,furniture_bedroom,287.0,39.27,326.27,delivered,2018-06-11 00:23:42,2018-07-12 00:00:00,2018-06-15 19:38:36
24040647efd179bd506acacbbbabd838,4a1256ba59833d19d91b2139da81c1b1,SC,itajai,perfumery,23.9,3.6,27.5,delivered,2017-01-29 19:59:20,2017-03-16 00:00:00,2017-02-13 05:58:56
0e2fe4a9435f66fade2904a904a0adaa,8df1329b564044430fe684b6632f0c8a,RS,rio grande,cool_stuff,42.9,15.56,58.46,delivered,2017-03-01 20:47:26,2017-03-22 00:00:00,2017-03-10 09:27:35
32064cd340eabfc585488b852e90efaf,1b587ef20418f6cc5a215b80877f3566,MG,curvelo,garden_tools,89.99,26.25,116.24,delivered,2017-11-28 12:01:12,2017-12-19 00:00:00,2017-12-05 20:17:01
b178e047b185d2f781a3646f88ec3e52,aa4551527eecfd02e170883a059ca155,SP,itapecerica da serra,garden_tools,59.9,13.44,73.34,delivered,2017-09-11 23:46:26,2017-10-04 00:00:00,2017-09-19 22:14:56
610da347c1ec97cef18a2720c7ccc74f,111d66d3907db5577e964943c6374197,DF,brasilia,furniture_decor,12.99,15.11,28.1,delivered,2017-11-29 02:13:00,2017-12-26 00:00:00,2017-12-08 20:56:58
059c31805aaf1f282276575595379050,47e17f970a4f89fe48ae88486ba75696,SP,ribeirao preto,garden_tools,40.0,14.44,54.44,delivered,2018-05-04 18:54:52,2018-05-23 00:00:00,2018-05-11 21:52:06
4584d6304fea8191d84facfb8370ef4e,787175d631d1cda448d5ee48ae95731f,SP,amparo,computers_accessories,59.0,12.85,71.85,delivered,2018-03-17 08:39:05,2018-04-05 00:00:00,2018-04-03 23:26:42
f5e2da86d5da6b3c66ec9f76a8c91bb3,c0aec4302a4b4d0a96dad74d4bdf683c,PR,curitiba,furniture_decor,259.9,52.47,312.37,delivered,2018-06-24 11:41:01,2018-07-24 00:00:00,2018-06-27 16:22:21
a12258b681fd853343742c997b082ca1,d05ee49e975c7a5831c5c242c83efc13,PA,santarem,fashion_shoes,84.9,28.99,113.89,delivered,2017-11-20 13:00:52,2018-01-03 00:00:00,2017-12-29 21:37:55
a0f78194e157b1cd941207bc438c3af6,4f3172824426870b6b0440cac764fda9,CE,ubajara,computers_accessories,40.0,15.1,55.1,delivered,2018-02-19 14:38:58,2018-03-20 00:00:00,2018-04-04 17:11:18
c49661b8b4d13d77de66b23c6da12b38,8adf2425eac1bdc8775f9a3f72a61180,DF,brasilia,furniture_decor,12.99,15.11,28.1,delivered,2017-11-29 09:48:12,2017-12-20 00:00:00,2017-12-07 16:54:56
0f6a05e51088bdf60e8f9b6d753234a9,3bcc1d1b1fc7bc245aeee1d33b55a7aa,MG,belo horizonte,home_appliances,39.5,22.93,62.43,delivered,2018-04-07 20:21:45,2018-04-26 00:00:00,2018-04-24 19:41:08
d01dff4d42c2ef5bdcb2085ccf391ed4,9c7e7551b620fca261fa19ba196fd97c,RJ,rio de janeiro,furniture_decor,35.0,11.39,46.39,delivered,2018-04-04 15:08:43,2018-05-07 00:00:00,2018-04-11 02:39:46
bcc1910aae7e17cc762603b3dbb0299d,b88818410cd687e518726fbb43fa402c,RJ,rio de janeiro,auto,65.99,14.21,80.19999999999999,delivered,2017-10-19 10:49:25,2017-11-07 00:00:00,2017-10-26 23:03:26
8f150b9a5714c94537d31215f638db5d,1a75d590a6e6744b9732cd9feab4206a,BA,mutuipe,stationery,49.9,16.79,66.69,delivered,2018-02-27 11:39:56,2018-03-27 00:00:00,2018-03-24 00:03:55
3c7aeb3b47d45fd1c705fcde36ad4aeb,d15f5852d765ec80c038290156ca7afd,SP,sao paulo,furniture_decor,34.0,8.72,42.72,delivered,2017-04-24 23:18:23,2017-05-11 00:00:00,2017-05-08 10:04:18
a67107548e2d070d55fcea8860b1ac65,e7ffc43391a2eaa20648fd127d362287,MG,belo horizonte,housewares,161.42,22.21,183.63,delivered,2018-05-06 00:30:19,2018-05-23 00:00:00,2018-05-12 16:42:03
c6cb31f8b07b595bf517c4bc1e86d35d,d386f27fb5f6144be23eaeb23b58d40d,SP,sao paulo,stationery,94.5,9.41,103.91,delivered,2018-06-24 20:33:41,2018-07-13 00:00:00,2018-06-27 17:06:37
d0405d0cd3a0ddba64c30a078681a88a,c326cd6e78ae9b11f8fee1bb7ac9b441,RJ,barra mansa,auto,37.9,18.13,56.03,delivered,2018-06-12 17:59:49,2018-07-04 00:00:00,2018-06-18 18:15:45
41906ad47e1e6076348bfe935ed5e01d,961555c74d50503ec14b3b5340fdb3ae,RJ,angra dos reis,health_beauty,58.9,16.17,75.07,delivered,2018-01-08 14:42:31,2018-02-09 00:00:00,2018-01-22 17:09:30
9e04fc75cebeb85d63c311105977d2fb,e6a3310e2cd4563b55022637e6ac3a49,SP,sao paulo,bed_bath_table,153.0,16.7,169.7,delivered,2018-02-25 16:20:22,2018-03-16 00:00:00,2018-03-05 10:45:06
a817a158841cdcf686cc668a702b0a71,56ec666ecc3d3b4f23385008b00be5f6,SP,santo andre,bed_bath_table,79.99,8.75,88.74,delivered,2018-02-01 20:03:23,2018-02-20 00:00:00,2018-02-06 17:58:45
7e50d85d90ed82feaf9011470ce9e36e,2489c390a6cb1de08e1e8fe45df18ae0,BA,miguel calmon,telephony,25.0,22.06,47.06,delivered,2018-06-08 23:20:40,2018-07-16 00:00:00,2018-06-22 19:58:31
f93bdede82a36c75fddda9a509f2298b,753c5ab50950c1feee4c8862cd450f12,RJ,mage,bed_bath_table,109.9,18.02,127.92,delivered,2018-02-25 19:36:59,2018-03-22 00:00:00,2018-04-29 21:48:58
1e9352dba893481b509cf78caedc1cc5,e31e9d57bbbff6fb23d4ed902fb03d07,BA,salvador,health_beauty,47.65,17.06,64.71,delivered,2018-03-20 08:50:42,2018-04-12 00:00:00,2018-04-23 16:46:35
0d529bbb9140716e60d14a05d2cb6f94,f14430e8b3fb0f4dc20a06d8af3363ad,RJ,rio de janeiro,health_beauty,349.9,22.18,372.08,delivered,2018-03-12 11:50:49,2018-04-19 00:00:00,2018-03-26 19:05:51
087a471c766adfaa11fd61670213b4c3,a32a5ca176d5ac5357e6de795f49ecb0,SP,itapevi,bed_bath_table,119.9,12.23,132.13,delivered,2017-04-20 13:39:50,2017-05-16 00:00:00,2017-05-08 13:45:55
702c1e398b49275935f9d3a6e344083d,c5610cd24fef40cd91dbc4f45183eef0,SP,sao paulo,sports_leisure,46.0,22.93,68.93,delivered,2018-04-28 11:26:41,2018-05-23 00:00:00,2018-05-04 13:58:37
d591fe8e95691bbffc5f4f2478bb3a7c,b862b22cd187711bbb126470e46152c6,SP,sao paulo,watches_gifts,299.9,14.76,314.65999999999997,delivered,2018-08-01 17:45:55,2018-08-14 00:00:00,2018-08-08 19:27:41
e06ff711ddcab05c3651a9b1bb003950,934bc5960242b4b13910b02da54a6499,MG,santa luzia,furniture_decor,44.35,17.09,61.44,delivered,2017-03-02 11:53:33,2017-03-23 00:00:00,2017-03-14 15:47:49
7a3dbfe3daed55f0b5f34c4f9e73940a,1447003b4cfe4dbfdeb22ad92effffdf,ES,vila velha,sports_leisure,23.9,15.11,39.01,delivered,2018-01-07 22:08:45,2018-02-01 00:00:00,2018-01-19 03:16:54
e15b045cc5ef21643887f0a5d22327b7,c7379a6f3773da231b6be671da0708ab,SP,sao paulo,housewares,47.5,23.13,70.63,delivered,2018-08-12 19:11:01,2018-08-22 00:00:00,2018-08-20 20:03:31
2a1a4f4ee767e53596c8202e5bc041e6,0ca97900e34e5815ebf8b4e7f7883e74,RJ,niteroi,sports_leisure,49.9,15.1,65.0,delivered,2017-10-16 18:18:21,2017-11-06 00:00:00,2017-10-25 18:26:11
e5d48f5d3719ee190629a850e362dc57,441e8f48725c241d92e07ef7d7cabe68,SP,campinas,stationery,39.99,8.72,48.71,delivered,2017-12-03 20:22:53,2017-12-20 00:00:00,2017-12-11 22:47:16
b3f61a24a3f72625e4c6365e5f9e29a3,7d57f9dcc78e2bf307e6f830b506674f,SP,dracena,toys,170.0,16.95,186.95,delivered,2017-10-12 15:21:57,2017-11-03 00:00:00,2017-10-24 18:29:43
5ec560222cf73999224c88e44327937c,c07e64c68b9365508a2d88604868106a,MG,santa luzia,garden_tools,49.0,17.67,66.67,delivered,2017-11-26 20:20:35,2017-12-19 00:00:00,2017-12-11 20:34:52
9dd9eb1d7c035198b06f1775e0711a59,6862d03f05e92945f47da75b216cd955,SP,rio claro,health_beauty,32.9,7.49,40.39,delivered,2018-07-07 16:39:15,2018-07-19 00:00:00,2018-07-11 23:06:39
a222e8f1ab02211d0f1b3e374c5e689e,cfbde95e3c8da168d469f2a8fd9eb329,PR,marialva,housewares,82.9,19.82,102.72,delivered,2018-03-05 11:09:55,2018-03-28 00:00:00,2018-03-12 18:56:23
eed901453b7e6495e3ccbe4c17733778,52fc428080f4eba62ce06e48f2c4de4d,RJ,petropolis,perfumery,19.9,7.87,27.77,delivered,2018-03-27 13:05:32,2018-04-09 00:00:00,2018-03-29 22:34:38
2ccfb56c4a7060de9778668844658588,1cd8e333f87e1f50169867f74c0caa28,MG,patrocinio,watches_gifts,258.9,19.69,278.59,delivered,2018-03-09 16:43:14,2018-04-02 00:00:00,2018-04-18 15:07:29
8388d391539ea5ba452606fbae76e68e,24b527c8ed302795d172d4804f433f61,MG,ipatinga,computers_accessories,49.9,15.1,65.0,delivered,2017-06-15 23:08:11,2017-07-10 00:00:00,2017-06-22 18:56:36
92fe548282ee3cbd8eb925bdf97cac9a,3461b2163494df8af4389bae55a6372d,SP,barueri,perfumery,179.0,9.45,188.45,delivered,2017-06-10 23:57:06,2017-06-26 00:00:00,2017-06-16 17:52:39
0927272c1caea73a32570e9de18c2bb7,9648ed501d8dbf31fda943cd91da7d18,SP,sao paulo,health_beauty,29.0,7.87,36.87,delivered,2018-05-28 13:31:20,2018-06-20 00:00:00,2018-06-15 20:17:54
ac3da9b0adcc3d95a2e919b1505788f4,73c0568ff31e4e473cea801e09591f7f,MG,esmeraldas,cool_stuff,12.77,14.1,26.869999999999997,delivered,2018-02-24 21:24:32,2018-03-21 00:00:00,2018-03-14 17:08:39
4bdde1ba1f6aef6c851f5ba80be3433e,6d213380ee8f4f8ed23b9bb8c33ff12f,SP,santos,unknown,145.9,38.16,184.06,delivered,2018-02-16 14:21:36,2018-03-14 00:00:00,2018-03-08 02:05:32
3273805a17a78c15811a6feb489662fd,90d0fa4eb67598633d167ebbdecae37d,SP,sao paulo,computers_accessories,229.9,15.78,245.68,delivered,2017-03-07 16:07:57,2017-04-04 00:00:00,2017-03-16 17:34:47
c8c002c98c3b0b4d4136b84f76f635a8,bdfcfb95b8d3e5792240bbd5108a7096,GO,anapolis,health_beauty,349.9,40.0,389.9,delivered,2018-01-23 22:51:57,2018-02-23 00:00:00,2018-02-09 01:44:46
3f0eeec2edc480e271fed817e2a9f6b6,c794f8c30b66486efd7a1a3e07b4d3b6,PR,lunardelli,bed_bath_table,89.9,17.88,107.78,delivered,2017-09-02 18:27:36,2017-09-29 00:00:00,2017-09-21 17:24:36
a1be7c51d3ec9b3b6c2e778c99eb90d0,39e9ca66abb0665312eb31817703476b,BA,araci,telephony,17.99,20.8,38.79,delivered,2017-04-28 12:38:06,2017-06-08 00:00:00,2017-05-11 14:32:19
6f0c6747db38e540068010194f8249e5,e040c33e0734aaf73e3c0c216877dc39,SP,sao paulo,health_beauty,34.99,7.78,42.77,delivered,2017-12-02 13:36:24,2017-12-22 00:00:00,2017-12-08 19:32:22
ea110ced6459b4dc6c73e0b2367077e9,95376669d92be6a7dcf0494e0b1d9917,SP,sao paulo,construction_tools_construction,1890.0,25.53,1915.53,delivered,2018-06-17 20:32:45,2018-06-28 00:00:00,2018-06-19 21:33:32
e2ec4ae060b3e2662724575b47ac605c,bdf64d03e4d49f0a763d96cf55fda2f4,SP,sao jose dos campos,sports_leisure,89.9,21.12,111.02000000000001,delivered,2017-05-27 17:59:48,2017-06-23 00:00:00,2017-06-05 14:59:45
f2fc3e958c7943badc989a1f5db932b4,2fc09b16746a702ba0aab85c6a9a7438,SP,itatiba,unknown,12.99,7.39,20.38,delivered,2018-08-22 21:25:12,2018-08-31 00:00:00,2018-08-27 15:21:34
ce76730f41d857a1d10c4953cb1b6454,c8c5a9ce8309600bd422a452c8254719,SP,sao paulo,toys,210.0,19.24,229.24,delivered,2018-06-28 10:46:40,2018-07-12 00:00:00,2018-07-02 19:51:30
9c9519dbd0554cfc5c787fdc7fa8ff42,bcb63903e6e5a3a94181de0c728fbf4a,RJ,sao sebastiao do alto,computers_accessories,119.5,7.4,126.9,delivered,2018-07-30 19:58:23,2018-08-28 00:00:00,2018-08-07 20:22:47
3c7f51d2d4719b8f3b5af55c167b2fb4,54ead41b207a88ee792c5e5443444d3d,SC,blumenau,electronics,19.9,18.23,38.129999999999995,delivered,2018-05-18 15:43:20,2018-06-22 00:00:00,2018-06-08 14:55:34
de11626bdec1c2e2c4f907036e55b981,d665a0bf055735b21aa69ba970379991,MA,sao luis,auto,59.9,21.22,81.12,delivered,2017-08-04 22:08:17,2017-09-08 00:00:00,2017-08-21 21:12:27
121c467b693acd6f359cc3e13c73b27d,5e8f8ee96e85c00398a1623922506cb0,PR,rolandia,garden_tools,60.63,16.18,76.81,delivered,2017-05-29 12:56:34,2017-06-21 00:00:00,2017-06-08 12:09:55
78376bf275535930db73f00a985ef199,37dca259ef64c1aa8a42868915ec7309,SP,sao paulo,computers_accessories,175.91,10.65,186.56,delivered,2017-06-06 08:27:36,2017-06-20 00:00:00,2017-06-14 13:58:05
b6c9788b02384545ab73b0ec85729995,91c5b9cad082f2776f16086863a762ce,RJ,campos dos goytacazes,toys,37.5,15.1,52.6,delivered,2017-08-02 22:47:59,2017-08-24 00:00:00,2017-08-14 18:42:34
303b11889a7c5232f208a70be31e8ea0,231affe4b855d6636825f11617b621dd,MG,borda da mata,telephony,29.99,18.23,48.22,delivered,2018-04-13 16:19:29,2018-05-10 00:00:00,2018-04-25 21:34:01
69b00a66e2558dd57ba062f782995941,0804b7c052be7ad1e35eb32f8b92c5cf,MA,colinas,consoles_games,689.89,48.68,738.5699999999999,delivered,2018-02-08 16:10:45,2018-03-12 00:00:00,2018-03-05 16:38:47
d5b6b10a0acfe51d85e7da606c4dd371,8c23e3b44342b28b61d131be61a5e938,BA,salvador,bed_bath_table,24.9,19.85,44.75,delivered,2018-04-19 15:25:46,2018-05-18 00:00:00,2018-06-04 20:53:32
2ae054ef2ca5e6edea18284d0fcb9682,15219300c0299c01fef6cbc7444494e5,SP,sao paulo,books_general_interest,39.99,8.29,48.28,delivered,2018-06-07 10:35:03,2018-07-04 00:00:00,2018-06-11 14:23:42
25a82fa3e495b6124f9d196f8ab78dfc,fbcf843010000986b1127ff2342d143a,RJ,niteroi,housewares,27.0,15.1,42.1,delivered,2017-08-15 13:29:35,2017-09-06 00:00:00,2017-08-25 21:22:35
9d230d6d2c7b315e6420c9f2c0a85938,f0eef6cf5547db77846878ea8a726450,SP,osasco,furniture_decor,21.5,7.78,29.28,delivered,2017-07-11 17:14:53,2017-07-25 00:00:00,2017-07-17 13:27:31
931e76c33f2109e760025ef697884eed,006c10bfead12ac8d90486fb4ce4e603,SP,sao bernardo do campo,computers_accessories,67.99,9.23,77.22,delivered,2018-06-14 23:41:56,2018-06-26 00:00:00,2018-06-18 13:31:07
af49eb64bd96a66df6582e592168e004,ea86dd52dc334ddeb9c13130486878e4,MG,matias barbosa,watches_gifts,899.0,22.05,921.05,delivered,2017-09-29 13:41:56,2017-10-26 00:00:00,2017-10-16 19:32:25
512b3b290e4ae81c363cb58e5aa19b6e,a1ed6a6697fcb252b63bc8137f8cd009,SP,avare,watches_gifts,129.9,13.35,143.25,delivered,2018-03-16 15:36:56,2018-04-04 00:00:00,2018-04-06 19:04:44
3322f81bd149a446356f03c9803665cf,72591833e9326e7f71f2a2e477dc7025,MG,uba,home_appliances_2,99.89,14.43,114.32,delivered,2017-11-28 13:50:19,2017-12-21 00:00:00,2017-12-27 21:43:23
42a2b3e3880278bbfd48a514c5bc77fe,aca2ea577306b79f86204117d99edb65,SP,campinas,computers_accessories,81.99,7.92,89.91,delivered,2018-04-02 17:15:25,2018-04-26 00:00:00,2018-04-10 20:47:36
ff31038b08d729b14c0f7e206f0c85bc,532a5b6ce6ffba5533e6955d43bfa8e8,MG,tres coracoes,perfumery,119.9,15.59,135.49,delivered,2018-02-06 22:12:27,2018-03-07 00:00:00,2018-02-16 17:29:14
4726bb2be36557009e1f231af49916e0,4473c7b8da89833fc08fcd3443faea81,RJ,rio de janeiro,furniture_decor,16.9,7.94,24.84,delivered,2018-02-14 15:22:57,2018-03-01 00:00:00,2018-02-22 19:55:14
f2eabb23f8f91015f9478076d73ba8f2,1e404b3035f464698a22e9fed9499e69,SP,vinhedo,bed_bath_table,80.0,11.77,91.77,delivered,2017-06-27 23:21:05,2017-07-10 00:00:00,2017-06-30 13:03:09
d889d65567a63874e9db38241ec2399f,1c4aa8de4fc95722dfd26f9b5050fee8,SP,taubate,fashion_male_clothing,199.9,16.61,216.51,delivered,2017-02-18 22:29:50,2017-03-21 00:00:00,2017-03-03 16:45:54
3e4a8d7b151d4f81900cea441f80d544,dad5018ffc0de85eb72f72575b552784,ES,cachoeiro de itapemirim,bed_bath_table,226.0,26.42,252.42000000000002,delivered,2017-09-08 15:41:51,2017-09-28 00:00:00,2017-09-21 19:23:31
82e9cdd567caae62a6d0e4e9bbf28901,f81d21d920dcc2483b1043a064f3a9bd,SP,sao paulo,garden_tools,49.9,20.99,70.89,delivered,2018-06-20 17:10:47,2018-07-12 00:00:00,2018-06-25 10:58:33
3237491ee1f51f346e175b2dc581b734,55efe0d41e47d41465ea4fb5f8badee0,SP,bauru,housewares,24.8,18.23,43.03,delivered,2018-04-28 13:22:03,2018-05-18 00:00:00,2018-05-03 15:32:49
3ac0f5a50ede5981b44f30306bb853fb,86f058f4efe767ec8d9f641e77bdd3f1,RJ,paraty,sports_leisure,29.9,20.76,50.66,delivered,2018-01-25 16:22:26,2018-02-26 00:00:00,2018-02-01 00:06:01
c80a0f4c8860db02b33d08ecf2c6e03c,26b0e1ea6c8e0976c527ff599e113ad9,SP,osasco,computers_accessories,75.0,8.72,83.72,delivered,2017-11-22 18:43:55,2017-12-04 00:00:00,2017-11-29 22:48:29
98c0f6e16f786f293db2cdf5388442f6,fb482506a95394b3430b97dd4d5188fe,SC,florianopolis,toys,529.9,19.68,549.5799999999999,delivered,2018-05-10 22:09:28,2018-05-28 00:00:00,2018-05-17 17:11:48
fce15c105dfcd0ab5e6cc03e4b026167,c72d8feeb0bc983004ba499b7f230969,SC,itajai,housewares,118.13,23.98,142.10999999999999,delivered,2018-07-17 23:06:07,2018-08-08 00:00:00,2018-07-26 10:03:37
0a66244c735378791bf14412b6c97df0,a1dcf2440c6b9aec47d70595ed124ad0,RS,porto alegre,unknown,259.0,17.11,276.11,delivered,2017-03-22 18:48:07,2017-04-17 00:00:00,2017-03-28 14:00:27
3eb18430be4502566fc9ac46bdce44b1,061978c4a1b3012b567a5d51eefd1157,SP,bauru,office_furniture,186.99,40.17,227.16000000000003,delivered,2018-03-07 14:46:20,2018-04-10 00:00:00,2018-04-03 12:16:22
8242b086009bdffe2eb081b77d4ca7de,4ecdcc06343fcc71cbd3d0905e74a45b,SC,chapeco,garden_tools,99.9,17.95,117.85000000000001,delivered,2017-11-06 13:16:25,2017-11-27 00:00:00,2017-11-23 15:11:39
9e47bdda0d32604c18e587c151278314,25314849bf706df0e00da89ccff9bdc3,SP,marilia,home_appliances,26.9,12.85,39.75,delivered,2018-07-21 21:41:25,2018-08-08 00:00:00,2018-07-26 17:51:05
2a4f7453c73c4b1383b45944fd590c25,87dfed7792030c27d3111ef6777c8ccd,PR,ponta grossa,telephony,149.0,8.63,157.63,delivered,2017-10-04 17:39:19,2017-10-31 00:00:00,2017-10-19 18:05:50
77c8db7df9de4c8788b211bf6a67a2f2,cded5a5f78020930719bb98916dcf856,PE,santa cruz do capibaribe,telephony,29.99,25.63,55.62,delivered,2017-11-17 13:00:01,2017-12-18 00:00:00,2017-11-29 22:29:00
cea892923b3775abd19f80626d4b5d37,9e5599e07107ed4f7b6d522492b3a489,RJ,rio de janeiro,garden_tools,59.9,17.67,77.57,delivered,2017-07-24 20:37:52,2017-08-22 00:00:00,2017-08-07 18:47:38
82e39ebd7b6c4b1949dfa6307fd2f186,67f84cbb735a74164b7f56fe9603bec6,MT,feliz natal,luggage_accessories,259.99,19.39,279.38,delivered,2017-06-01 16:05:44,2017-07-04 00:00:00,2017-06-14 14:42:27
762a7b629bb1c6b72ee7f71f72ce3fbd,58aad3391d255735a51b95f9b76f31b7,SP,sao paulo,computers_accessories,34.99,7.78,42.77,delivered,2017-08-03 15:35:04,2017-08-16 00:00:00,2017-08-09 16:41:42
7c37927fa7676a5dc4dafc75d15d6bdc,ac921754eaae7ff62c0be2b5145abb1b,RJ,rio de janeiro,furniture_decor,69.9,18.06,87.96000000000001,delivered,2017-09-19 13:30:43,2017-10-11 00:00:00,2017-10-09 13:35:22
9574d5677b89094eaa4e246e506737c7,dc7ffefe7e41b05ea9473ed2d11567a8,SP,promissao,toys,119.99,13.86,133.85,delivered,2017-12-22 11:33:37,2018-01-18 00:00:00,2018-01-03 11:32:40
2b73cfa36a63e2ba82be54965d188a7e,f2bdab365ae574d86fdd9d90c8f5be66,SP,sao paulo,housewares,24.62,7.43,32.05,delivered,2018-08-19 12:31:08,2018-08-28 00:00:00,2018-08-27 23:58:55
549a57fb0fe960c37b957ad69afeeba1,5145c62d477b346951d4958a4e897104,BA,conceicao do coite,luggage_accessories,37.9,23.28,61.18,delivered,2018-03-15 14:25:44,2018-04-11 00:00:00,2018-04-13 19:27:38
d77815db97cd5ae5aa8e95e8e6404808,f64bd653c0a8d877bf294a9f41500dcc,RJ,rio de janeiro,cool_stuff,39.12,15.37,54.489999999999995,delivered,2018-07-19 19:07:11,2018-08-24 00:00:00,2018-07-30 16:48:48
fbd68bde483e90e5e14a0d0e608b907f,a83d56cc6f2defc82388a7dd029d9f92,DF,brasilia,health_beauty,14.49,18.23,32.72,delivered,2018-08-19 22:00:12,2018-09-04 00:00:00,2018-08-24 15:49:41
fcbde30c46201f8fb244724e710ccd57,68497ce04e9b12cb402671a29acdf6a2,SC,xaxim,health_beauty,494.99,20.71,515.7,delivered,2017-11-25 20:12:05,2017-12-22 00:00:00,2017-12-27 20:23:34
b1594ffba16780b2a49a52748aa09236,419e44db6f743a176bd486d392e4fc6e,MG,itajuba,auto,29.9,19.32,49.22,delivered,2018-05-12 15:27:36,2018-06-26 00:00:00,2018-05-19 11:44:49
23fb39a2fa2ef8d8c4f2ce865c2dfae2,23302f675d6d188a3f0042938e2069e2,SP,sao paulo,bed_bath_table,44.99,14.44,59.43,delivered,2018-04-30 14:38:26,2018-05-22 00:00:00,2018-05-07 23:18:33
6a1cffc6c9c0ad7e57c24270f9735865,8d536f6ebf00a0d7e99ce8ca827bcab2,CE,fortaleza,sports_leisure,249.99,55.42,305.41,delivered,2017-08-29 17:24:40,2017-09-20 00:00:00,2017-09-14 17:52:54
41ff2ba0d19e828f41b858fbf8b3c3cb,f1ad9d52b6c614213cf185f83afaf7e5,SP,sao paulo,furniture_decor,34.9,7.78,42.68,delivered,2017-11-24 20:25:42,2017-12-08 00:00:00,2017-12-04 18:47:51
0e0b2c3867ebecdb54f64e443e7f1921,7e6494e69991e3b31bcbe9cf32533b29,PR,ponta grossa,fashion_bags_accessories,27.3,15.1,42.4,delivered,2017-11-06 14:37:36,2017-11-30 00:00:00,2017-11-23 15:04:51
96c36d3faf307d34e6087d144458450f,954787ed2823ee776c15d070b287c4d9,MG,lagoa santa,electronics,19.9,16.79,36.69,delivered,2018-01-02 21:41:45,2018-01-31 00:00:00,2018-01-09 19:58:12
aa3666ac800f7d6ee11840a2d5f74ee6,bbab3816c5a428aa07841f42888d3c49,PE,caruaru,bed_bath_table,205.0,38.57,243.57,delivered,2017-08-04 17:54:22,2017-09-11 00:00:00,2017-09-18 12:44:41
96cc19379b58b51d6cae968d286bba81,b2bd387fdc3cf05931f0f897d607dc88,SP,ribeirao preto,computers_accessories,72.0,22.8,94.8,delivered,2018-03-05 18:13:30,2018-03-29 00:00:00,2018-03-16 20:14:29
7b9e7ccb0670a2b422f9cc382a87f86d,bb656d3186549f19907809e754fb6645,RJ,campos dos goytacazes,furniture_decor,75.0,17.83,92.83,delivered,2018-05-11 01:59:58,2018-06-01 00:00:00,2018-05-29 18:24:42
e56bc2e95abb435cbc48cd0002499852,b12b0c0fb576ef3beb0107e7660908dd,SP,sao paulo,housewares,57.9,9.34,67.24,delivered,2017-11-30 19:34:27,2017-12-18 00:00:00,2017-12-07 16:53:35
2aa84fed649f269430fbb4f261e77e7f,14e19d8424e16226f877f4c7734c4b93,SE,aracaju,toys,37.5,22.85,60.35,delivered,2018-04-07 22:34:58,2018-05-03 00:00:00,2018-04-24 00:34:43
92a9ef7f0a0d392c9ad0d5f44e86b4ba,c375736396906dff8414217e02c45661,SP,campinas,cool_stuff,11.87,7.39,19.259999999999998,delivered,2018-03-25 16:43:56,2018-04-06 00:00:00,2018-03-29 16:19:02
d73a3a52a8b9b8430deede6d0491ae54,32fcda2f258293ba3299d9766c7b97bb,PE,aguas belas,furniture_decor,49.0,21.19,70.19,delivered,2017-11-14 22:50:15,2017-12-11 00:00:00,2017-12-05 18:53:18
9c9ad157b30e942c4359772b6d446e52,03325912b7c52b58176a168e21017be2,SP,indaiatuba,watches_gifts,55.0,7.39,62.39,delivered,2018-03-15 19:27:48,2018-03-27 00:00:00,2018-03-20 21:41:48
7fae897a23c0c0b24a16aa156a536f91,5ccaad2cfe356734f866f8e9171274f2,SP,campinas,tablets_printing_image,54.9,8.72,63.62,delivered,2018-01-13 21:22:32,2018-02-02 00:00:00,2018-01-26 13:42:42
16febac56c216c1cc40407ff81315a97,e68856e8450afe7390b02d1b2bcefb29,MG,uberaba,bed_bath_table,23.5,15.1,38.6,delivered,2017-09-06 15:31:17,2017-09-27 00:00:00,2017-09-14 22:35:52
364d745d7d2b5bc2dd6348b8e71b5d03,3ba72711278fbdcf091dc7440b55947b,MG,claudio,computers_accessories,297.0,14.21,311.21,delivered,2017-07-06 09:01:43,2017-07-26 00:00:00,2017-07-11 20:10:17
993f3fc78c8cdf418bd5b0f7cfffcaa9,f8b34f85667240ee963019be835a54c3,MG,paracatu,luggage_accessories,129.9,22.66,152.56,delivered,2018-08-15 11:44:16,2018-08-27 00:00:00,2018-08-21 20:46:49
17cb23af289c0b034d217eafe2b2e1df,6ee2f345f4f2fbd1cafb6447a6b37642,PR,foz do iguacu,bed_bath_table,119.9,21.33,141.23000000000002,delivered,2017-06-08 23:28:16,2017-07-03 00:00:00,2017-06-21 18:13:40
3f838331593040602cebc452fe2bdc8a,3f8554f744a8a476a4ebbafcb10c63b6,BA,salvador,unknown,69.99,15.93,85.91999999999999,delivered,2018-01-02 21:58:17,2018-01-30 00:00:00,2018-01-21 13:40:51
fdf53b9c9096b37ec391987b1b5c21a3,1a1d480287e0150cf2ed5371d28cf2fd,SP,capao bonito,baby,109.9,13.11,123.01,delivered,2018-02-03 19:43:35,2018-03-01 00:00:00,2018-02-21 21:55:19
19ee088b8cb4afa401a748f8437135d1,b7e8af53ea725e96e5773eb529675c4b,MG,contagem,furniture_decor,75.0,23.33,98.33,delivered,2018-08-26 22:50:16,2018-09-04 00:00:00,2018-08-30 16:57:40
6068425eef94486cf980570a1e00b58c,fcda364be74555da695b4afe5166c2b1,RS,capitao,bed_bath_table,53.9,19.35,73.25,delivered,2018-04-23 23:00:52,2018-05-17 00:00:00,2018-05-03 10:29:51
30125d2cf4cec0bf9e4840def6c4e7b1,00eca7e1c994897d0a31bf75478f4b55,MG,barbacena,bed_bath_table,163.99,22.62,186.61,delivered,2017-03-04 23:21:48,2017-03-29 00:00:00,2017-03-13 14:09:30
40deb01ced4c0d076432514cea0a091e,1fe1ebaae0912c827a35e8a93c1c5ce7,RJ,sao goncalo,sports_leisure,18.89,7.55,26.44,delivered,2018-03-11 11:55:16,2018-03-23 00:00:00,2018-03-16 20:06:31
810a275a39d5f6934c225713d5aa9568,2a01b3809c12c71b5a54f5cd7fbdb1a7,SP,sao paulo,musical_instruments,102.9,11.93,114.83000000000001,delivered,2017-12-07 09:21:27,2017-12-26 00:00:00,2017-12-14 16:07:09
b20c46715ec04f46dc345b698d989f9a,89f0a240357a5d82a81bcfe959ca34cb,SP,ribeirao preto,watches_gifts,129.0,19.0,148.0,delivered,2018-07-02 16:31:06,2018-07-27 00:00:00,2018-07-06 18:36:26
0c4a1120fa16a1ccbb365aae4f54b16d,bdb2114573d1e00a29b0e01a67441cb5,SP,aguai,sports_leisure,29.5,16.11,45.61,delivered,2017-10-17 13:39:39,2017-11-14 00:00:00,2017-10-25 21:27:41
1825a3f130b2692290f29b53f5dd1c66,7a531cc72e541d40a6d9f9dbf7e991fd,SP,sao paulo,bed_bath_table,219.9,17.17,237.07,delivered,2017-10-13 09:39:11,2017-10-31 00:00:00,2017-10-17 01:45:52
d1594d3b636b86cf4ce22e2ca650a55c,a325c5d0d23576e172fcf22608993f0d,RS,porto alegre,bed_bath_table,58.67,16.38,75.05,delivered,2018-04-29 19:45:46,2018-06-06 00:00:00,2018-06-08 17:29:54
9b32795311e821b3314911f55bb8a327,8ee8b7d504a2a0f5a7e2fdcd6b984208,SP,embu das artes,furniture_decor,8.9,11.85,20.75,delivered,2017-06-09 13:52:07,2017-07-10 00:00:00,2017-06-19 11:53:36
a92bb0beb3fd226d50671cf17587f289,b2e9a05d23ea17713b5d7799f2004f8e,SP,sao paulo,computers_accessories,15.0,7.39,22.39,delivered,2018-07-26 14:26:07,2018-08-07 00:00:00,2018-07-30 20:58:41
c724b6b0cf7849e01ce4f8f19e8c1f0c,769de7c55f035c3f3575750bcc242c87,MG,belo horizonte,luggage_accessories,174.33,26.19,200.52,delivered,2017-06-11 14:37:07,2017-07-31 00:00:00,2017-06-21 16:09:49
82d57496fe85e9df6e149099e638aef0,8fd5cc32e79fe18f222bed7b6cd9e95c,ES,vila velha,auto,58.9,35.76,94.66,delivered,2018-08-15 19:55:58,2018-09-05 00:00:00,2018-08-23 18:41:08
94cf59885365bee1e40724968aa2f524,aa0676894f362c7807254cb91d9c0b30,SP,guarulhos,garden_tools,159.99,13.78,173.77,delivered,2018-08-09 20:37:04,2018-08-20 00:00:00,2018-08-15 15:03:26
206f333916267029d74feda364a2e31a,23e529fe940a3eb6a29e7cff68084b0b,RJ,purilandia,cool_stuff,166.99,27.49,194.48000000000002,delivered,2018-01-02 21:42:46,2018-02-05 00:00:00,2018-01-26 16:29:17
23640e7307c51b05dd5ce3b34dbce5b7,a450fcbdcd8ee5b47be8d61ee234123d,SP,monte mor,watches_gifts,78.0,7.81,85.81,delivered,2018-08-16 09:05:16,2018-08-22 00:00:00,2018-08-17 20:48:39
454e3d66dfb9e670fd53406db78100ae,6f5e153b00fffba52e509d983fe9ba5f,SP,sao paulo,watches_gifts,138.9,8.23,147.13,delivered,2018-07-05 17:56:40,2018-08-01 00:00:00,2018-07-24 14:57:39
82a71647905d5965a2d4c6e237ad3e61,712a37215ac220745ee48767d253c1c4,ES,vitoria,home_appliances,32.9,17.6,50.5,delivered,2017-07-20 21:28:26,2017-08-15 00:00:00,2017-08-02 19:15:48
0a8ab5666933ac4865f2c36c5e7b5a0c,f3516af096848f3db0affd21223aec16,SP,fernandopolis,perfumery,415.0,14.41,429.41,delivered,2017-07-24 16:20:10,2017-08-18 00:00:00,2017-08-09 17:23:08
1473319e2ff85803b7e969a788740cda,b541410bf6a43ea5919ccdbe0d74006e,SP,taiuva,sports_leisure,69.9,18.59,88.49000000000001,delivered,2018-07-10 23:41:08,2018-07-30 00:00:00,2018-07-16 14:28:35
b2242476ef6b4f7c004e019f34f5d0a1,659bd0f62c2c0568498492cc271bac3d,SP,louveira,furniture_decor,220.13,68.41,288.53999999999996,delivered,2017-07-15 09:01:46,2017-08-09 00:00:00,2017-07-21 19:03:19
08c7ad853a45735072fee2be62052da3,bcca9404e66ecba9714e6eb9343d2054,SP,sao paulo,watches_gifts,39.0,7.67,46.67,delivered,2018-06-20 22:51:17,2018-07-03 00:00:00,2018-06-22 19:25:24
8d99000d8edc9aa445a270e29e85fb05,8187109cff1c32197ce4943e71f84360,PR,maringa,telephony,25.0,14.52,39.519999999999996,delivered,2017-02-05 18:47:13,2017-03-07 00:00:00,2017-02-15 13:13:50
f45fbe1612ac86ee79745d5cdd1ae56f,f55b6904b17ba1ce20225793bc4a5c8a,SP,cubatao,health_beauty,48.0,7.78,55.78,delivered,2017-08-27 22:00:21,2017-09-08 00:00:00,2017-08-30 19:44:48
ce8002e30a866ae23c03293b8d2d14e6,6fe7e2440b26f6b12e12db0afdce1ee1,PR,mandirituba,office_furniture,79.98,44.33,124.31,shipped,2018-04-25 09:59:50,2018-05-30 00:00:00,
9305a270ca278682f9c01c69a3cdfd9a,7d298b1b859f24ee0433f382154b6190,RS,porto alegre,costruction_tools_garden,45.9,16.6,62.5,invoiced,2017-09-23 20:26:43,2017-10-25 00:00:00,
6923051242694891e2f71ddc4eb93690,6c82b920a902968163b0b2dff4ff8242,MG,sao joao del rei,housewares,69.9,15.24,85.14,delivered,2017-08-25 12:33:10,2017-09-19 00:00:00,2017-09-12 21:26:43
aa0596266302830741057cd61bdc2194,94a9befc1bfdb4653e8afb91a8c79955,SP,ribeirao preto,watches_gifts,29.0,11.85,40.85,delivered,2017-07-18 13:35:38,2017-08-07 00:00:00,2017-07-24 17:02:51
c2fdaa1b60c55ac8d318c4adb4b26373,13b2d7e597093947b683af7e23bb437c,SP,diadema,telephony,11.87,7.39,19.259999999999998,delivered,2018-08-05 11:17:42,2018-08-21 00:00:00,2018-08-14 18:48:48
ac24c75566d21c20277f373e1d16d234,6009d2857b194a47b8e54876c7a2c90f,SP,sao paulo,air_conditioning,139.99,14.09,154.08,delivered,2017-11-19 11:41:07,2017-12-06 00:00:00,2017-11-23 19:27:39
801c9ccd75e8e357c127931aea53345f,47d076f63f8a706658ba29fc2e72aeb5,MG,guarda-mor,telephony,14.0,18.23,32.230000000000004,delivered,2018-06-22 20:32:36,2018-07-24 00:00:00,2018-06-29 16:04:08
4ec3c9f805653722ef9965b81ffe924c,064d1aae158ad9addc625f5588fdc2cd,SP,sao paulo,computers_accessories,34.5,7.39,41.89,delivered,2018-03-20 14:33:00,2018-04-02 00:00:00,2018-03-28 19:42:07
965f57ad446a9d190bec51db7f0fd8b5,e83a792a0d5847ad8bcb2d9fd206fa87,SP,ferraz de vasconcelos,auto,34.0,9.34,43.34,delivered,2017-11-07 10:20:50,2017-11-23 00:00:00,2017-11-13 20:14:32
fdd770b5f85e6ce0b1b549e331d424f5,151e9edb34867eaece4d6e7ae188f261,PE,recife,watches_gifts,228.8,20.51,249.31,delivered,2018-06-20 22:53:23,2018-07-20 00:00:00,2018-07-03 22:08:11
bc0feb6a96ad7552648f4183cb6ecb63,70d396f72bac7521d4546cb16cf4358b,RS,dezesseis de novembro,luggage_accessories,79.9,22.85,102.75,delivered,2017-02-23 10:06:46,2017-03-28 00:00:00,2017-03-13 03:04:12
f7a395a125a7e8815b2b8c19bcfd6967,6d97028799b1d0a91160e11d45cfeb7b,MG,virginopolis,bed_bath_table,38.9,14.52,53.42,delivered,2017-04-15 18:35:59,2017-05-24 00:00:00,2017-05-03 14:09:45
ae6c44a481d84463cbc650311cee5b60,d339e8958b62f51b4c9e5995879829b9,MA,sao luis,luggage_accessories,205.0,87.06,292.06,delivered,2018-04-16 21:47:26,2018-05-10 00:00:00,2018-04-30 21:13:51
ec782ac14bf00e8e5a69b7ac88c330e9,85b190008aa5c8b7faa637e6b33552de,BA,feira de santana,cool_stuff,99.99,19.94,119.92999999999999,delivered,2017-08-02 13:43:18,2017-09-01 00:00:00,2017-08-11 19:44:55
7658a22ab4067d4c92a25cf2835331cf,cc061287c654ec7a1afbdf421ffdc771,SP,jacarei,telephony,19.9,7.78,27.68,delivered,2017-09-27 15:39:40,2017-10-13 00:00:00,2017-10-03 23:02:17
bd02833fc86efad05af6d9d8cc4a8b3e,ae8c571034ecab31dd024d5ad236e049,MG,alfenas,health_beauty,79.99,18.66,98.64999999999999,delivered,2018-07-20 16:30:34,2018-08-08 00:00:00,2018-07-27 13:41:28
25877da244143a5dd6a686b8090c98e1,ccf2d4f44c0c5eba6f11621b9ff7f8b7,SP,sao paulo,cool_stuff,148.0,13.17,161.17,delivered,2018-04-23 16:02:49,2018-05-22 00:00:00,2018-05-02 23:45:45
52a637177b682c31c18672fe90f99231,3e80bcfbfbc2c214e12f04dbc0af5540,SP,sao roque,stationery,89.0,13.64,102.64,delivered,2018-01-11 11:47:11,2018-02-01 00:00:00,2018-01-20 16:34:31
c462a724e0a22bbc88bdecbed3ca72c4,6234bff8b25bd8336455555eb5f749da,ES,sao mateus,furniture_decor,38.4,16.11,54.51,delivered,2017-11-23 08:23:33,2017-12-13 00:00:00,2017-12-20 11:14:50
a7574f814a7edc20c97765b6086735ba,ac8d8e9cf18c3f48c3fe17d7910a8902,SP,sao paulo,furniture_decor,17.9,11.85,29.75,delivered,2017-12-05 23:12:11,2017-12-28 00:00:00,2017-12-18 20:47:05
3ff5bb3fdc326853eb4c2a265a5231da,c9f6a35fdfd118cb8e47d1dde1e52acd,GO,corumbaiba,perfumery,21.0,15.1,36.1,delivered,2017-08-27 17:42:00,2017-09-20 00:00:00,2017-09-06 22:20:00
d147001bf6f7a4295040343db205d9c1,f18ec31429e70dbb4c4233e491408641,RS,porto alegre,housewares,119.88,17.03,136.91,shipped,2018-08-01 15:42:20,2018-08-10 00:00:00,
1588b79ef6078fb4a06549ed42ae7fd3,a29f060216c979b806484cb87c3a5843,PR,marmeleiro,toys,44.95,15.1,60.050000000000004,delivered,2017-09-16 10:33:11,2017-10-10 00:00:00,2017-09-27 18:48:00
318d20803b9e970fb4d7138c443ba472,7b061d705210e0272a67e32c3cb124f6,SP,sao simao,toys,198.0,12.89,210.89,delivered,2017-12-15 19:16:36,2018-01-11 00:00:00,2017-12-27 14:05:52
084420ecc28fd09f04b4d0c5fa9929e1,4d8247e1052e4c90d4f61adbba817df1,BA,teixeira de freitas,perfumery,219.99,17.98,237.97,delivered,2017-05-23 13:53:50,2017-06-23 00:00:00,2017-06-08 14:03:12
658276ea9713496f567a799baedc188d,4e1bcb897bc30d7de23ead1312c22bf4,MG,belo horizonte,computers_accessories,445.9,21.71,467.60999999999996,delivered,2017-04-20 11:42:01,2017-05-23 00:00:00,2017-04-27 17:56:41
df10d0bdfbbb6fb8e810bc327037518d,5a4ec9c8481463d69d8ff83eba1487d9,RJ,nova iguacu,books_general_interest,225.0,15.32,240.32,delivered,2018-02-25 18:06:06,2018-03-26 00:00:00,2018-03-29 20:12:56
66d4f650ce4c149081143ab7444a2e3d,4c6510d1e218900ff6c53c32b9d5970c,BA,jacobina,baby,907.9,83.65,991.55,delivered,2017-09-14 20:34:09,2017-10-10 00:00:00,2017-09-26 21:15:03
1ab115802be10ff22d8907afe81ba5b0,f53946a0b83c7b3fec0589db66c5bdcd,SC,florianopolis,fashion_underwear_beach,79.9,16.81,96.71000000000001,delivered,2017-09-28 12:59:00,2017-10-23 00:00:00,2017-10-10 23:32:51
36252698cf1f3b91960c60cb2524ae78,abf8bb9089238fccdaa852c1e5a9f5d9,SP,pedreira,computers_accessories,144.0,14.13,158.13,delivered,2018-06-05 17:40:18,2018-07-23 00:00:00,2018-06-18 14:48:48
4044d99051c9cd7f9f00188ac0c829f2,97cb88cfa78e2d78457520743210ae8f,BA,salvador,sports_leisure,135.0,32.75,167.75,delivered,2018-05-30 02:19:29,2018-07-13 00:00:00,2018-06-11 17:23:41
b6373978185cedf353f7d890ae32240f,4cdf205f5d60c791072eafc0bd532316,SP,caraguatatuba,housewares,52.9,11.87,64.77,delivered,2017-07-13 00:54:41,2017-08-02 00:00:00,2017-07-19 19:21:35
6d8699cc1bfa9e279a2149dc5ed26e04,ea8c650b1f2761afa875981cb490fb16,SP,jundiai,health_beauty,6.0,7.78,13.780000000000001,delivered,2017-08-23 12:00:45,2017-09-08 00:00:00,2017-08-28 14:23:29
38ee876a426aeaf353e2a06a0e2b17d9,be1d30e4bf79928d1f7e62529c2e855a,MG,belo horizonte,unknown,17.9,17.93,35.83,delivered,2018-05-05 10:20:53,2018-05-28 00:00:00,2018-05-17 19:05:29
a38d3f174370890c07a5d34cae339ea9,53aa8b765c8e7788639cc0003713c703,SP,sao paulo,stationery,29.99,7.39,37.379999999999995,delivered,2018-03-21 21:46:48,2018-04-03 00:00:00,2018-03-26 14:03:39
694b1193d18ad057554bf13679e6a0b8,2f7cd4e72a3d6d412f2ca8cf15381e4d,SP,cruzeiro,baby,39.9,11.85,51.75,delivered,2017-05-17 18:25:43,2017-06-06 00:00:00,2017-05-22 14:43:38
5af3f71ad6e8363e3d3a3818899d2d61,d8dcf12d3642e1ae95c06ac28a086e0b,MG,uberaba,sports_leisure,185.0,23.87,208.87,delivered,2018-03-10 15:33:59,2018-04-04 00:00:00,2018-03-28 15:03:11
7daeb81638f9bb0b663a58c811266726,864ee5b3811408d7153069a1ce1aa05e,SP,campinas,sports_leisure,69.99,9.34,79.33,delivered,2017-12-04 20:42:20,2017-12-20 00:00:00,2017-12-07 19:44:45
f5a9c17b18bafcf2b509819e576c7f1d,00ee7af62ef66b1f9b49f2c2bfd70ad5,RJ,rio de janeiro,baby,129.99,18.71,148.70000000000002,delivered,2018-07-28 17:27:08,2018-08-16 00:00:00,2018-08-14 16:58:39
ab2d43e519b125b08c725a685a9980bf,94efef157c61a4bcaf095b76a498fc47,SP,campinas,garden_tools,105.99,14.35,120.33999999999999,delivered,2017-11-28 12:50:42,2017-12-12 00:00:00,2017-12-08 19:15:30
1a4cc8edf7721a5fa7f601f25703c793,c2d57de917675db2642016f79052b9c3,SP,sao paulo,cool_stuff,599.9,26.78,626.68,delivered,2018-05-14 23:15:24,2018-06-04 00:00:00,2018-05-18 16:18:34
f8599d6fa56cd679a3cd7f147a61e57f,a34cfb4cde85af35956379a58bee77fb,RJ,rio de janeiro,bed_bath_table,48.9,16.11,65.00999999999999,delivered,2017-10-11 22:28:28,2017-10-31 00:00:00,2017-10-25 21:38:42
78a7adcd1aae3a0e7f0f3b40d27f0aa6,c4a991e4806ca21fbf9379ab328d1719,SP,sao paulo,perfumery,98.9,7.95,106.85000000000001,delivered,2018-01-04 15:07:34,2018-01-22 00:00:00,2018-01-18 20:19:03
06addb9b5cc9c47e661a6eed12276418,ea47bf07d22746280af63667a8ba2d20,AL,maceio,garden_tools,179.0,81.42,260.42,delivered,2018-02-25 13:56:55,2018-03-28 00:00:00,2018-03-29 22:58:51
9e5ad464d579c1593e82dee8ffaf05f9,977b4a7bb7d2b75fcf72d0b2079f6078,SP,campinas,stationery,49.99,18.5,68.49000000000001,delivered,2018-08-02 13:14:23,2018-08-27 00:00:00,2018-08-20 22:04:56
b88d53a015d4f2c2ca019f846a7f523c,70c50ca6953708e8752c1aad25b88364,SP,carapicuiba,furniture_decor,49.9,14.52,64.42,delivered,2017-03-23 17:31:43,2017-04-20 00:00:00,2017-04-24 17:07:32
34f3d15f5aa42c451c827caa4d91e7ad,e754869fbe048dcf416ce0b70d17ffa9,SP,diadema,books_general_interest,79.9,13.92,93.82000000000001,delivered,2018-04-27 07:54:37,2018-05-17 00:00:00,2018-05-04 20:32:56
f3239f4f6c8cdfc9043534b20c0b6179,81720bfb69887fe95390723af9748e9f,RJ,rio de janeiro,baby,49.9,14.1,64.0,delivered,2017-08-06 19:05:45,2017-08-29 00:00:00,2017-08-21 20:40:01
06369aa3e6e8c6d52a7df6a2cd76cb1b,65aba17aa81bcc90fa90f860e958aa30,PE,abreu e lima,health_beauty,84.99,19.13,104.11999999999999,delivered,2018-02-01 17:22:04,2018-03-09 00:00:00,2018-03-04 21:05:29
8ec9caca9f30411bda28f48d2aec61e2,404d906a46f3843a1cff9ec72feaa151,MG,belo horizonte,housewares,45.0,17.25,62.25,delivered,2018-07-29 11:39:14,2018-08-14 00:00:00,2018-08-06 17:07:52
08a19256bfef2a2b1f0fc654723a9c71,7ae0d91d3f88f2c52af40452f113167c,RO,porto velho,home_appliances,89.19,51.34,140.53,delivered,2018-07-01 22:41:26,2018-08-09 00:00:00,2018-07-10 15:28:37
ef2d13d781a97ea071e0ad0236e35f49,98ec8f34699b3551d97011b3fa201265,SP,sao paulo,electronics,45.49,10.96,56.45,delivered,2017-03-29 21:27:45,2017-04-18 00:00:00,2017-04-05 10:05:03
ac89e7344d2cb5597d862e338301ef8d,65be6248a39942f9ab10da91280e2576,RJ,teresopolis,toys,41.47,23.44,64.91,delivered,2018-07-16 18:21:13,2018-08-08 00:00:00,2018-07-25 23:57:38
e72a5280a46ca876b0fd05c1a1ee605c,1008b3f31c6a196efdfc4c1300b72ffb,ES,colatina,perfumery,56.99,15.15,72.14,delivered,2017-09-13 19:56:29,2017-10-03 00:00:00,2017-09-21 16:23:33
7aa7d4fb7e95700145b7cabd86b1dc93,165b35b18144852e474ba63cc621060f,SP,campinas,cool_stuff,610.0,37.54,647.54,delivered,2017-10-04 13:49:14,2017-10-27 00:00:00,2017-10-21 15:16:55
5520cb02f3be1a666c327b7357e7da18,1944e8ce040fc5d1ed5892217f2511d0,MA,sao luis,telephony,22.99,21.15,44.14,delivered,2017-05-16 13:32:01,2017-06-20 00:00:00,2017-05-30 09:38:32
e3e62e0e951111bfe905b90ad456e0ed,c7b7d8934b4a3ce51288162d4f7a1399,RJ,rio de janeiro,pet_shop,94.9,19.85,114.75,delivered,2018-07-16 15:04:39,2018-08-15 00:00:00,2018-07-23 17:48:37
26e3ef9735227d94c5e14a0a461d0ab5,54e0a7cc9c09c591bd186e4569c7bf30,SP,guaira,watches_gifts,95.0,8.26,103.26,delivered,2018-05-11 03:40:43,2018-05-30 00:00:00,2018-05-17 16:12:25
ea4ef5a01e67f61cba450e6294f0c92d,0ca4f40bcb9a321e4bfee0f3a23817ab,PR,curitiba,perfumery,229.9,17.31,247.21,delivered,2017-03-24 20:44:41,2017-04-19 00:00:00,2017-03-30 16:57:44
f4925844bd4b0707ded394bc3a93cf5b,48c81b413b886aa7c1f17364e6498cdc,MG,alvinopolis,telephony,24.99,15.1,40.089999999999996,delivered,2018-02-16 11:51:05,2018-03-14 00:00:00,2018-02-28 20:09:50
42f42f42e7e1be68ce691280f140b2b6,d7c397b68280cdbf4e43162072bdc667,SP,santo andre,industry_commerce_and_business,79.0,13.46,92.46000000000001,delivered,2018-03-28 14:43:02,2018-04-10 00:00:00,2018-04-05 00:52:51
09268d8b25dd31ae78b464efd453d069,85c9cc82766d61484d4014b8f1d62dd9,SP,sao paulo,baby,159.9,23.32,183.22,delivered,2018-06-08 21:53:39,2018-06-28 00:00:00,2018-06-14 21:41:54
ce02b2c6e70d5b2fe24d103952d389bf,7cfc3a722d1fa04d8589096339b1698c,SP,caraguatatuba,toys,54.9,12.72,67.62,delivered,2017-07-30 13:33:40,2017-08-18 00:00:00,2017-08-04 22:40:00
f0ec9e0d0b7dc986a44094cb9ad62d40,f7faea6668595e3ccd7a9a72dcd36672,RJ,rio de janeiro,bed_bath_table,39.5,18.78,58.28,delivered,2018-03-20 15:43:28,2018-04-23 00:00:00,2018-04-12 20:40:42
d8423fd123c19bd1a0c2a7151c73852f,66e37a3a7182e9499d5c45b99763ae76,GO,posse,perfumery,56.99,17.83,74.82,delivered,2017-04-16 08:52:59,2017-05-17 00:00:00,2017-04-28 14:37:45
46dab7df33775120f347d8f350190e06,7fd9dc726f742aee443e9206cc2be4aa,SP,guarulhos,health_beauty,110.32,7.64,117.96,delivered,2018-05-09 12:21:35,2018-05-17 00:00:00,2018-05-11 13:32:17
f96344495ad4aa6c46d0b40c3b6e4424,67fcfe4915b93624867d350b8191ff7b,CE,itapiuna,health_beauty,19.99,25.63,45.62,delivered,2017-06-25 13:48:09,2017-08-02 00:00:00,2017-07-11 16:21:52
a4ca2ef2db84bd36005b60249c9600d7,31338345a9cbb90d4692d1141353313d,SP,campinas,health_beauty,66.99,27.75,94.74,delivered,2018-07-14 20:21:30,2018-08-06 00:00:00,2018-08-08 23:50:47
7af905809ddbaaed2af20592006857e0,84bf9ae18880da8c86213d17a1bf9f4c,SP,americana,home_construction,27.9,17.93,45.83,delivered,2018-04-15 23:38:38,2018-05-11 00:00:00,2018-04-21 17:20:57
39d340d25b904393423407b7b5ed5030,f8d1720cca57b3c6961eb25114347ade,SP,pindamonhangaba,luggage_accessories,14.99,25.24,40.23,delivered,2018-05-03 21:14:33,2018-05-22 00:00:00,2018-05-23 17:36:39
d1175caace64414de4ca9404ab747e2e,99eb56d3a7b9189c232c5e8f7d85b982,MG,pocos de caldas,cine_photo,53.99,15.8,69.79,delivered,2018-03-16 23:37:45,2018-04-05 00:00:00,2018-03-27 17:04:59
dcb0be4c8bb586771c3adcbb3d1ced94,3090c7a68cfbd8ded55ddc24ba080053,SP,jundiai,construction_tools_lights,120.0,9.14,129.14,delivered,2018-04-16 01:06:03,2018-05-03 00:00:00,2018-04-19 16:11:46
64251db62c4860cc0d2d2b0e1f2ff813,d477b33cd8474b35d77abdbd3177993f,MG,divinopolis,telephony,19.99,14.52,34.51,delivered,2017-04-19 22:33:23,2017-05-11 00:00:00,2017-05-03 13:39:46
1a8479315924a0909a29ab6a0cc3cc20,c2c6a0ad10379c768e3bdd535d4ff919,RJ,belford roxo,bed_bath_table,99.99,49.23,149.22,delivered,2017-11-27 16:23:47,2017-12-21 00:00:00,2017-12-14 18:07:59
676157c2d1075c88ea0009f8d7d2d389,41836ee9834e5c216b28ff121f5d8741,AL,maceio,auto,49.99,26.61,76.6,delivered,2016-10-07 10:18:50,2016-12-13 00:00:00,2016-11-09 11:51:28
5a2cf4049320a6a52486e4287fbdb2c7,d613b4541b51b6636438593fc03235e5,SP,sao paulo,health_beauty,79.0,18.79,97.78999999999999,delivered,2017-07-30 19:18:43,2017-08-24 00:00:00,2017-08-04 12:53:57
df4c0cdd0a9a9b0d0e9f755537a0b706,d5fa4aed327cb51170d24f3f035034a3,SP,sao paulo,home_confort,229.0,14.16,243.16,delivered,2017-10-30 13:10:42,2017-11-10 00:00:00,2017-10-31 19:21:45
e6a2ef21b1eb7e236c221d7944fad5da,b536eee7736f03097b7ade6203f1cf9b,MG,ouro preto,furniture_decor,69.99,16.31,86.3,delivered,2017-11-24 15:42:42,2017-12-20 00:00:00,2017-12-08 14:57:38
f1fd5b5e0656641dadc6c541b14e565a,0145c2c66ea8f764ed8d8015ce149af7,RJ,mage,health_beauty,17.0,15.23,32.230000000000004,delivered,2018-07-16 23:56:48,2018-08-07 00:00:00,2018-07-26 01:06:33
418f45a2544c9ab8f50c4d6843642a98,0cbd5dfde4c06bbe2960d2c0c95e5e7d,SP,ribeirao preto,fixed_telephony,314.9,13.7,328.59999999999997,delivered,2017-08-02 12:48:03,2017-08-22 00:00:00,2017-08-10 23:03:20
cd2c2d1c98e51894f2266c5140d14c29,4e84f3c81efdd148acbd299ff10916ae,DF,ceilandia,bed_bath_table,49.9,18.94,68.84,delivered,2017-03-23 19:58:27,2017-04-25 00:00:00,2017-04-10 18:11:22
5ab6f6a805ee9808c3f55b95e83c3184,317078adf141dee3755559c093b13929,SP,birigui,furniture_decor,99.9,17.61,117.51,delivered,2018-03-16 10:22:33,2018-04-12 00:00:00,2018-03-27 19:32:27
7d20c79f25c64f2c7feca12d01677c8e,edbc2c563c362f512885b9638445891c,RS,santana do livramento,housewares,24.89,18.27,43.16,delivered,2018-06-28 00:15:02,2018-08-06 00:00:00,2018-07-12 14:54:22
fe0b24305fde3889fdd0d23abaa7e52a,25a560b9a6006157838aab1bdbd68624,RS,porto alegre,bed_bath_table,13.9,16.05,29.950000000000003,delivered,2017-04-09 05:33:03,2017-05-22 00:00:00,2017-04-27 14:51:44
abbc0add533d31e83195d03eebe028f8,4995ab8d8bc03be253ed31999ec06190,SP,araraquara,health_beauty,53.69,9.1,62.79,delivered,2018-05-23 18:21:24,2018-06-20 00:00:00,2018-05-30 20:28:39
b0ff8e6a9bb47b224a599ff0c161006b,dd1640a5d21d24d20ee6788725a303b7,SP,assis,construction_tools_safety,379.94,23.2,403.14,delivered,2017-09-28 22:23:10,2017-10-30 00:00:00,2017-10-06 20:52:16
45e4d1d16d017409456807846ea959e9,5e8917cb4d238a5de3f14d560a8a0c4b,SP,campinas,watches_gifts,145.0,8.27,153.27,delivered,2018-01-01 11:55:49,2018-01-18 00:00:00,2018-01-22 12:41:22
94a817174af541deb9c64333c5190b51,e557f27be2ff15a34d71e2932d83bea0,SP,campinas,watches_gifts,1199.9,24.16,1224.0600000000002,delivered,2017-11-06 10:55:03,2017-11-28 00:00:00,2017-11-13 18:51:50
751161aadc4b3f4e09ace1f4ea2c146a,772c4d116b85873c6d1b797314b70c4c,RJ,marica,furniture_decor,17.9,13.83,31.729999999999997,delivered,2017-10-10 23:12:54,2017-11-03 00:00:00,2017-10-17 17:48:55
6d6f0c5bbf3fc7bbef3b260c1a8c89f8,5fa49884bcb22c65d654793db374db9a,SP,osasco,health_beauty,102.0,10.13,112.13,delivered,2017-08-30 15:31:33,2017-09-12 00:00:00,2017-09-01 19:13:03
d224c4be964a33d8d803b33661c18d8a,43b671e9d9ea5e3065fd0e481b9f567f,MG,ferros,food_drink,43.6,12.48,56.08,delivered,2017-12-07 20:46:58,2018-01-02 00:00:00,2017-12-15 21:48:45
6c7481b5566c6a3821a91a05b0f9f7c8,6de829a55f2a1592af7e35782e8cf48c,MG,lavras,perfumery,59.9,14.59,74.49,delivered,2017-01-27 10:31:21,2017-03-03 00:00:00,2017-02-08 14:18:56
04c5574dca3570ecdde1cf8527993017,acf584f769dffdbc8e1ffcf59f1c5329,SP,franca,computers_accessories,64.89,12.89,77.78,delivered,2018-03-22 08:33:23,2018-04-10 00:00:00,2018-04-03 19:34:25
7bad138fc5f9e735ea42ab050ef5e8a3,962cf08788e53f8b6657b8b346ace140,SP,cotia,auto,117.3,14.43,131.73,delivered,2018-02-02 12:26:58,2018-02-20 00:00:00,2018-02-08 12:34:19
7d6fc7e3467ea55ab94ed77b704554fb,48a3c002c371b3cc51ddb3117c1daf02,SP,sao paulo,bed_bath_table,94.9,9.41,104.31,delivered,2018-08-08 15:10:57,2018-08-14 00:00:00,2018-08-10 22:11:22
cb2909ecbfb8c77f77bdcce55ddcfba1,305de3dfa6bea1cc1c67207a04ab943b,SP,sao paulo,health_beauty,84.99,8.79,93.78,delivered,2017-08-16 21:11:56,2017-08-30 00:00:00,2017-09-11 12:13:57
31628e1ec1ce71d13a6d7b2b0c5db88a,52a2816c07a51690d6d6ef1e00690075,PR,curitiba,toys,34.9,14.52,49.42,delivered,2017-03-06 16:54:25,2017-03-27 00:00:00,2017-03-13 11:48:00
5f126df05a309c7dfe7ab136cb03ae08,32e3357880db81aeae23bae1337c6e63,RS,campina das missoes,furniture_decor,129.9,40.1,170.0,delivered,2018-07-20 16:24:27,2018-08-17 00:00:00,2018-08-03 13:31:48
93148127b5171218691072991e78bdbc,7c67f115342d01560cd438fad6346a3c,SP,paraguacu paulista,furniture_decor,89.9,17.34,107.24000000000001,delivered,2017-05-29 09:39:57,2017-06-19 00:00:00,2017-06-07 16:55:51
1e5063a13feccd482c1d71d5148a8a8d,dc0ac01d387473583f56e937850e0df2,SC,videira,housewares,94.0,25.5,119.5,delivered,2018-01-20 14:54:05,2018-02-21 00:00:00,2018-03-02 21:21:56
22c0902f5c8c0b291225dae683ea12ad,4c7664fe61ccc32a474b83773c40ce17,PR,candido de abreu,watches_gifts,99.0,15.44,114.44,delivered,2017-11-02 15:16:33,2017-11-29 00:00:00,2017-11-13 16:53:56
02913330a2afb68b49bc9c5370bd5517,31e6423a5f322dddb4e9ac4092e92066,GO,goiania,small_appliances,104.9,16.98,121.88000000000001,delivered,2018-01-28 15:38:58,2018-02-22 00:00:00,2018-02-14 16:57:02
d798a6f2eef74e8cd33a5c79db6a316c,518199e5f36305bffce18e38aa2642aa,SP,campinas,housewares,59.9,14.13,74.03,delivered,2017-10-06 22:18:54,2017-10-24 00:00:00,2017-10-14 16:17:46
b5ed14c14034b74bb0ae1c0427d72304,6cbd479cba3b2b3f3cd1d89e229cceb9,PE,moreno,auto,17.5,17.63,35.129999999999995,delivered,2017-08-23 20:03:28,2017-09-29 00:00:00,2017-09-01 17:04:13
f8337e09908840a3536231a3a198b43a,6776dcb837589509cae6b114361d1e46,PR,ponta grossa,baby,79.9,15.31,95.21000000000001,delivered,2017-10-09 15:06:05,2017-11-07 00:00:00,2017-10-20 20:15:13
9a194607b0125b5c6c0e01a53843080f,1e81587ab2633b7b134efc91983f01bb,PB,santo andre,luggage_accessories,54.9,36.0,90.9,delivered,2018-01-16 17:02:33,2018-03-09 00:00:00,2018-02-16 12:53:21
aec47b9987c836ffee2d7664b0929ec1,a40096fc0a3862e9e12bc55b5f8e6ab2,RJ,rio de janeiro,bed_bath_table,16.9,1.75,18.65,delivered,2017-10-10 18:31:36,2017-11-17 00:00:00,2017-10-20 18:29:16
25fbf27ebf14d822b62827aeb77d9d10,382ccd3bc70cdb52f5a4515ffcdff615,PE,recife,cool_stuff,69.0,20.53,89.53,delivered,2017-03-14 12:50:27,2017-04-26 00:00:00,2017-04-09 09:07:03
5923263d49d190dc167b702f6dfc0c4d,a236735e1c15b02067a6711bafdfb317,SP,sao paulo,computers_accessories,144.0,18.26,162.26,delivered,2017-08-25 13:38:17,2017-09-28 00:00:00,2017-09-04 17:57:55
103ccf024ec97c46c81001a91c2faf01,e44d546be96c82a9d40e414da2d5a8dd,RS,itaara,bed_bath_table,56.99,16.16,73.15,delivered,2018-02-20 15:27:42,2018-03-22 00:00:00,2018-03-23 17:49:38
1c81cddd8cd868c4f95fa77dde1810d7,70f009722a7cd15568c58cb753ff4399,PE,floresta,bed_bath_table,18.9,25.63,44.53,delivered,2017-06-06 11:38:15,2017-07-25 00:00:00,2017-06-28 16:32:30
20887fa4e0df7ed8c8d252ec5e9d4551,a9b6d80e254b0f93b70290ab21447f03,MG,belo horizonte,furniture_decor,89.9,35.48,125.38,delivered,2018-06-25 16:37:45,2018-07-20 00:00:00,2018-06-29 20:51:58
098899a1fca44446ebcd6eb00297d33b,3b70fbccff132949ea1bea0dcf302135,RS,porto alegre,housewares,209.9,26.31,236.21,delivered,2017-07-11 11:59:31,2017-08-04 00:00:00,2017-07-19 16:07:48
bd5d8e4ebcc034472954de8f591cd151,bb89e4f51744df82ecb801818a153037,ES,vitoria,bed_bath_table,68.5,19.67,88.17,delivered,2018-08-03 15:19:03,2018-08-24 00:00:00,2018-08-14 22:59:46
a433f43c39b2899cded8d987e2995c3c,97fa0ca14ad0d5effa5d28769acc4123,RS,pelotas,computers_accessories,56.9,15.15,72.05,delivered,2018-03-03 17:03:59,2018-03-27 00:00:00,2018-03-19 23:32:01
7d0a55e8ef248b7bec928b22f0223430,5e7ad527098c15d44c5ed003a8b0817d,PR,cascavel,electronics,79.0,15.3,94.3,delivered,2017-05-29 10:18:40,2017-06-21 00:00:00,2017-06-19 07:22:37
1193dc51dc3e6edfa7bb886fa7f5192b,2f4ba5a2e6b863c010d6595bb63bab17,RJ,porciuncula,stationery,139.0,18.22,157.22,delivered,2018-02-27 12:10:49,2018-03-26 00:00:00,2018-03-05 16:24:54
e5d40f85d5e6270ed8680e3fbff77dbe,7ec90d689376a4d8aee359183d6f5b0a,RJ,duque de caxias,garden_tools,139.0,60.2,199.2,delivered,2018-07-31 20:37:48,2018-08-15 00:00:00,2018-08-04 16:28:45
c42fdc1266a0ebdb032e6afaf8320b6a,bcdd2d3eff487f4bfab51115c60778e6,SP,sao paulo,pet_shop,156.0,11.7,167.7,delivered,2017-04-09 14:39:51,2017-05-02 00:00:00,2017-04-13 16:07:11
11549ca0becdf3c4f97ccdcf5407fc10,138c14201b66740725010562e083cceb,GO,anapolis,furniture_decor,49.9,16.11,66.00999999999999,delivered,2017-11-25 19:25:35,2017-12-21 00:00:00,2017-12-19 17:52:26
418f645ce19284efcb0faacc40f563b2,dc1b629b3f763ed6e6dab8750e9fe36c,RJ,rio de janeiro,electronics,12.9,14.1,27.0,delivered,2018-01-04 07:58:22,2018-02-02 00:00:00,2018-01-16 17:33:23
dcf05b0ffad45d04f992ba7dba355275,95588512dfe0237d8618882799288174,SP,santos,cool_stuff,109.9,9.52,119.42,delivered,2018-07-21 19:41:30,2018-08-02 00:00:00,2018-07-25 21:18:51
7a1ba2b6951950af57efc4c1a7fe9fe2,936e76fd2e18456e43eaff3ccacd4b5d,SP,sao paulo,kitchen_dining_laundry_garden_furniture,44.88,19.23,64.11,delivered,2017-12-21 16:01:03,2018-01-16 00:00:00,2017-12-28 20:39:55
7b728dc4326b3d4fd31af03837b573de,155b7286ce86009c8902fd815243076f,SP,osasco,bed_bath_table,119.6,8.5,128.1,delivered,2018-01-17 20:10:48,2018-02-16 00:00:00,2018-01-26 20:36:30
4fffddeaf14b2a486b47dd30c6f6f480,6cd4f9f619a196f16b771eaf368838ec,MG,turmalina,cool_stuff,199.0,32.79,231.79,delivered,2018-05-09 19:29:45,2018-06-05 00:00:00,2018-05-22 00:08:43
d25eb23124adad743154951c70b0367b,b9b1a052999a70e11ea371670af35de0,RJ,niteroi,sports_leisure,107.9,15.86,123.76,delivered,2018-06-15 11:22:25,2018-07-11 00:00:00,2018-06-22 21:12:09
e3c2234f6d1609fa1984094f7e1f05cb,9f3399c0209758bc480aec596cd316de,RS,igrejinha,computers_accessories,99.0,18.57,117.57,delivered,2018-05-21 10:18:12,2018-06-18 00:00:00,2018-06-06 16:28:50
aeae8ce86f335790a6beccae2f8c5092,bdc8a4e28fbf79bedb432525edce9054,PE,recife,books_technical,65.0,26.99,91.99,delivered,2018-01-26 16:08:36,2018-03-01 00:00:00,2018-02-09 00:42:41
8394de68d323384a331279fd8a60462e,2078ab49ca3a7a93558aeb49700a1a1e,SP,sao paulo,cool_stuff,35.0,14.13,49.13,delivered,2018-03-05 19:09:25,2018-03-15 00:00:00,2018-03-17 13:12:02
5dc1a8731fb465da89c147b358e409b8,3e7f18e55d9ead445fe3b0f56110acfd,SP,osasco,perfumery,119.4,15.94,135.34,delivered,2018-06-27 13:48:01,2018-07-18 00:00:00,2018-07-07 17:32:45
19ba831bc3128a65996fed4c4c4823ee,4f82360423c19895d2a8183e6d8ec701,PR,manoel ribas,pet_shop,95.0,37.51,132.51,delivered,2017-10-01 10:02:50,2017-10-31 00:00:00,2017-10-19 12:21:41
59ff2ee65c8cc0479240e487a0fc6677,2e4172f7fd898dac91afe1173e9cfc37,SP,castilho,perfumery,319.0,17.99,336.99,delivered,2018-02-15 22:14:25,2018-03-15 00:00:00,2018-02-28 23:52:46
22c7d5e040008a3a92511cde8f592f06,3813b3c3c7ed0f7844199a64298a8adf,SP,sao paulo,bed_bath_table,114.9,20.99,135.89000000000001,delivered,2018-04-19 23:11:27,2018-05-22 00:00:00,2018-04-27 20:22:02
a9983822091392b3700f9e9ae39e62ae,e828a6f54e06c054a10edab58c715704,SP,registro,construction_tools_construction,151.3,18.19,169.49,delivered,2018-06-20 20:40:54,2018-07-16 00:00:00,2018-06-28 13:38:28
78d197a2bfdde2a4c64cf3e58ab2b7a3,2d4742e0beef8a8403d3e526054180e1,RN,natal,auto,39.9,23.0,62.9,delivered,2018-07-14 19:11:38,2018-08-06 00:00:00,2018-07-26 15:06:35
2297bd1a898970d8f9cbefea429b7bad,ed030fc84640e4a307bb9ed86b8cf542,MG,nova lima,computers_accessories,64.9,22.16,87.06,delivered,2018-05-04 06:15:40,2018-05-30 00:00:00,2018-05-14 23:38:38
1031e136362f6146fec2f01610358fca,eeb71e286af9562fe3477bfa239eccab,SP,sao paulo,industry_commerce_and_business,74.0,12.43,86.43,delivered,2018-04-04 15:57:48,2018-04-16 00:00:00,2018-04-10 16:51:50
73e6f205ca3c002b2f6b477a6e479cf7,8f324e33313f720dd54e610ab196e6ac,MG,belo horizonte,furniture_decor,95.9,20.16,116.06,delivered,2017-09-01 00:20:53,2017-09-21 00:00:00,2017-09-11 18:03:37
c485c8c1af9c0ead19b156d7a971905d,48c655d5e21d048036b3f6dfd8f1a500,SP,novo horizonte,luggage_accessories,89.9,24.94,114.84,delivered,2017-05-21 17:54:43,2017-06-09 00:00:00,2017-05-30 11:56:29
14f7bafd9b5d355e835602d9026e56e3,9fd6f7d582f3748298ea0be237b3628f,SP,sao paulo,watches_gifts,98.9,17.6,116.5,delivered,2018-04-17 22:13:54,2018-05-14 00:00:00,2018-04-28 20:47:55
03ecec245220b63fd7f68c1737ba99ba,adfe61acba44add7d03a0eb04abd79ec,TO,gurupi,perfumery,109.9,18.05,127.95,delivered,2018-06-11 12:58:51,2018-07-17 00:00:00,2018-06-21 11:37:48
4e645edf6d8d91302d90770e9fbf1f91,36208b4ee25d4fd88b28e927f318dc9f,SP,itapevi,garden_tools,59.9,13.44,73.34,delivered,2017-09-09 22:22:34,2017-10-04 00:00:00,2017-09-15 19:27:28
9a870a0bd211f5dcb640562f09fb33e3,388c57dd16d91ff43adb4feffe0c45fe,PR,curitiba,toys,99.9,14.87,114.77000000000001,delivered,2017-04-26 12:55:25,2017-05-17 00:00:00,2017-05-02 16:53:50
e59dbfb7d81fd513f1ffa941fe849c57,68662748141dbba8076b5d0e10565c2b,SP,sao paulo,sports_leisure,104.9,13.07,117.97,delivered,2017-12-14 17:07:59,2018-01-09 00:00:00,2017-12-22 16:49:06
d4483d3fe5bb19cb4dcfe5d9a0bd4604,f91713ff732f4dde0e04acada658bfd4,SP,sao paulo,housewares,235.0,19.45,254.45,delivered,2018-07-28 13:12:23,2018-08-09 00:00:00,2018-08-02 21:46:43
eadf1db71815b513cf62a49e9c6416fe,0480fb293e9b6ecd62e3696ef83dcf96,PA,belem,health_beauty,1199.9,41.29,1241.19,delivered,2017-08-02 15:39:41,2017-09-08 00:00:00,2017-08-18 20:12:40
4a16403a2f6d6324c545f6b70581c2c9,3832efdd7e69e23b2edef317d96539bc,SP,itatiba,furniture_decor,10.9,11.85,22.75,delivered,2018-01-11 09:22:41,2018-02-01 00:00:00,2018-01-31 00:38:09
bddbca2d48a961d74fe81de8febf9a73,fbed0fde7eb2b367863b9c434efe62a3,SC,blumenau,sports_leisure,49.9,7.82,57.72,delivered,2018-03-22 09:15:32,2018-04-16 00:00:00,2018-03-27 18:09:02
517e0a52c193102990befc46a5c5245a,b39c8c284dd7875b68a31449852cc76a,SP,poa,fixed_telephony,79.99,11.17,91.16,delivered,2016-10-06 22:34:03,2016-11-28 00:00:00,2016-10-18 20:23:49
d7a02af9805cff844c09f3fcf61a73b2,344141eaf792762726864ba90bafff13,DF,brasilia,furniture_decor,89.18,15.38,104.56,delivered,2018-01-19 16:57:51,2018-02-14 00:00:00,2018-02-05 22:22:39
61e5cd1c042eccdc6df63d57e99b1ae4,2aa6ba203104ac82b3bcb72bc14b46b0,RJ,rio de janeiro,fixed_telephony,32.99,14.1,47.09,delivered,2017-09-20 17:19:21,2017-10-11 00:00:00,2017-09-26 19:33:28
64d6282bba1a1c015acbdcacca391253,a538bceea7061433353f79e99057f7c5,SP,novo horizonte,bed_bath_table,28.18,12.69,40.87,delivered,2017-05-15 17:24:42,2017-06-02 00:00:00,2017-06-05 13:06:39
